skin_mus,fat_mus,muscle_mus,ijv_mus,cca_mus,skin_mua,fat_mua,muscle_mua,ijv_mua,cca_mua,muscle10%_mua,muscle5%_mua,muscle3%_mua,muscle1%_mua,bloodConc,used_SO2,muscle_SO2,SDS_0,SDS_1,SDS_2,SDS_3,SDS_4,SDS_5,SDS_6,SDS_7,SDS_8,SDS_9,SDS_10,SDS_11,SDS_12,SDS_13,SDS_14,SDS_15,SDS_16,SDS_17,SDS_18,SDS_19,SDS_20
18.82528355453163,17.308484217062514,6.088796349918977,42.56746281028416,42.56746281028416,0.0396193609022556,0.0295505169172932,0.0125347211032591,0.5346007205822368,0.5354278035630067,0.0125347211032591,0.0125347211032591,0.0125347211032591,0.0125347211032591,158.0,0.7,0.7,8.999592574693844e-07,6.666762477751826e-07,5.247009190922138e-07,4.090863404430735e-07,0.0,0.0,0.0,0.0,0.0,0.0,0.0,4.0016127003831855e-08,2.042914539137916e-08,2.6795491145610523e-08,0.0,0.0,0.0,0.0,0.0,0.0,0.0
18.82528355453163,17.308484217062514,6.088796349918977,42.56746281028416,42.56746281028416,0.0396193609022556,0.0295505169172932,0.0125347211032591,0.5655854684545103,0.5354278035630067,0.0125347211032591,0.0125347211032591,0.0125285152745001,0.0125285152745001,158.0,0.85,0.69,8.99718065683927e-07,6.664601327193424e-07,5.244991919682376e-07,4.088948774679117e-07,0.0,0.0,0.0,0.0,0.0,0.0,0.0,3.9957511476017494e-08,2.0399078356023583e-08,2.6750562676430577e-08,0.0,0.0,0.0,0.0,0.0,0.0,0.0
18.82528355453163,17.308484217062514,6.088796349918977,42.56746281028416,42.56746281028416,0.0396193609022556,0.0295505169172932,0.0125347211032591,0.5346007205822368,0.5354278035630067,0.0125347211032591,0.0125347211032591,0.0125347211032591,0.0125347211032591,158.0,0.7,0.7,8.999592574693844e-07,6.666762477751826e-07,5.247009190922138e-07,4.090863404430735e-07,0.0,0.0,0.0,0.0,0.0,0.0,0.0,4.0016127003831855e-08,2.042914539137916e-08,2.6795491145610523e-08,0.0,0.0,0.0,0.0,0.0,0.0,0.0
18.82528355453163,17.308484217062514,6.088796349918977,42.56746281028416,42.56746281028416,0.0396193609022556,0.0295505169172932,0.0125347211032591,0.5655854684545103,0.5354278035630067,0.0125347211032591,0.0125347211032591,0.0125285152745001,0.0125285152745001,158.0,0.85,0.69,8.99718065683927e-07,6.664601327193424e-07,5.244991919682376e-07,4.088948774679117e-07,0.0,0.0,0.0,0.0,0.0,0.0,0.0,3.9957511476017494e-08,2.0399078356023583e-08,2.6750562676430577e-08,0.0,0.0,0.0,0.0,0.0,0.0,0.0
