skin_mus,fat_mus,muscle_mus,ijv_mus,cca_mus,skin_mua,fat_mua,muscle_mua,ijv_mua,cca_mua,muscle10%_mua,muscle5%_mua,muscle3%_mua,muscle1%_mua,bloodConc,used_SO2,muscle_SO2,SDS_0,SDS_1,SDS_2,SDS_3,SDS_4,SDS_5,SDS_6,SDS_7,SDS_8,SDS_9,SDS_10,SDS_11,SDS_12,SDS_13,SDS_14,SDS_15,SDS_16,SDS_17,SDS_18,SDS_19,SDS_20
18.82528355453163,17.308484217062514,6.088796349918977,42.56746281028416,42.56746281028416,0.0203096804511278,0.0192752584586466,0.0123824023971196,0.4838474876155688,0.5192205253538039,0.0123824023971196,0.0123824023971196,0.0123824023971196,0.0123824023971196,143.0,0.7,0.7,1.2289934511302272e-06,9.147920730775031e-07,7.241497823759629e-07,5.673601747227129e-07,0.0,0.0,0.0,0.0,0.0,0.0,0.0,5.7662226814302624e-08,2.9563512110151353e-08,3.8933846123711286e-08,0.0,0.0,0.0,0.0,0.0,0.0,0.0
18.82528355453163,17.308484217062514,6.088796349918977,42.56746281028416,42.56746281028416,0.0203096804511278,0.0192752584586466,0.0123824023971196,0.43897843500053,0.5192205253538039,0.0123824023971196,0.0123824023971196,0.0123880190649205,0.0123880190649205,143.0,0.46,0.71,1.229661976123101e-06,9.153925433518278e-07,7.24713803422693e-07,5.678932351894584e-07,0.0,0.0,0.0,0.0,0.0,0.0,0.0,5.783279234292403e-08,2.9652385175775827e-08,3.9065001820347184e-08,0.0,0.0,0.0,0.0,0.0,0.0,0.0
18.82528355453163,17.308484217062514,6.088796349918977,42.56746281028416,42.56746281028416,0.0203096804511278,0.0192752584586466,0.0123824023971196,0.4838474876155688,0.5192205253538039,0.0123824023971196,0.0123824023971196,0.0123824023971196,0.0123824023971196,143.0,0.7,0.7,1.2289934511302272e-06,9.147920730775031e-07,7.241497823759629e-07,5.673601747227129e-07,0.0,0.0,0.0,0.0,0.0,0.0,0.0,5.7662226814302624e-08,2.9563512110151353e-08,3.8933846123711286e-08,0.0,0.0,0.0,0.0,0.0,0.0,0.0
18.82528355453163,17.308484217062514,6.088796349918977,42.56746281028416,42.56746281028416,0.0203096804511278,0.0192752584586466,0.0123824023971196,0.43897843500053,0.5192205253538039,0.0123824023971196,0.0123824023971196,0.0123880190649205,0.0123880190649205,143.0,0.46,0.71,1.229661976123101e-06,9.153925433518278e-07,7.24713803422693e-07,5.678932351894584e-07,0.0,0.0,0.0,0.0,0.0,0.0,0.0,5.783279234292403e-08,2.9652385175775827e-08,3.9065001820347184e-08,0.0,0.0,0.0,0.0,0.0,0.0,0.0
