skin_mus,fat_mus,muscle_mus,ijv_mus,cca_mus,skin_mua,fat_mua,muscle_mua,ijv_mua,cca_mua,muscle10%_mua,muscle5%_mua,muscle3%_mua,muscle1%_mua,bloodConc,used_SO2,muscle_SO2,SDS_0,SDS_1,SDS_2,SDS_3,SDS_4,SDS_5,SDS_6,SDS_7,SDS_8,SDS_9,SDS_10,SDS_11,SDS_12,SDS_13,SDS_14,SDS_15,SDS_16,SDS_17,SDS_18,SDS_19,SDS_20
16.66788177830134,15.060099216393953,5.503131511209041,36.11739334393231,36.11739334393231,0.1651322838345864,0.0963396968984962,0.012697194389808,0.5887375024133494,0.6407751119228248,0.012697194389808,0.012697194389808,0.012697194389808,0.012697194389808,174.0,0.7,0.7,1.6706315109894585e-07,1.2207647606116768e-07,9.460070394960315e-08,7.261578534402265e-08,0.0,0.0,0.0,0.0,0.0,0.0,0.0,6.26215973292586e-09,3.147779961636682e-09,4.1079291290556165e-09,0.0,0.0,0.0,0.0,0.0,0.0,0.0
16.66788177830134,15.060099216393953,5.503131511209041,36.11739334393231,36.11739334393231,0.1651322838345864,0.0963396968984962,0.012697194389808,0.6205851166820658,0.6407751119228248,0.012697194389808,0.012697194389808,0.012697194389808,0.0126903601226935,174.0,0.84,0.69,1.6702339973607273e-07,1.220409924811271e-07,9.456819556196013e-08,7.258437628152585e-08,0.0,0.0,0.0,0.0,0.0,0.0,0.0,6.253503543969044e-09,3.1435759319622232e-09,4.101253665711903e-09,0.0,0.0,0.0,0.0,0.0,0.0,0.0
16.66788177830134,15.060099216393953,5.503131511209041,36.11739334393231,36.11739334393231,0.1651322838345864,0.0963396968984962,0.012697194389808,0.5887375024133494,0.6407751119228248,0.012697194389808,0.012697194389808,0.012697194389808,0.012697194389808,174.0,0.7,0.7,1.6706315109894585e-07,1.2207647606116768e-07,9.460070394960315e-08,7.261578534402265e-08,0.0,0.0,0.0,0.0,0.0,0.0,0.0,6.26215973292586e-09,3.147779961636682e-09,4.1079291290556165e-09,0.0,0.0,0.0,0.0,0.0,0.0,0.0
16.66788177830134,15.060099216393953,5.503131511209041,36.11739334393231,36.11739334393231,0.1651322838345864,0.0963396968984962,0.012697194389808,0.6205851166820658,0.6407751119228248,0.012697194389808,0.012697194389808,0.012697194389808,0.0126903601226935,174.0,0.84,0.69,1.6702339973607273e-07,1.220409924811271e-07,9.456819556196013e-08,7.258437628152585e-08,0.0,0.0,0.0,0.0,0.0,0.0,0.0,6.253503543969044e-09,3.1435759319622232e-09,4.101253665711903e-09,0.0,0.0,0.0,0.0,0.0,0.0,0.0
