skin_mus,fat_mus,muscle_mus,ijv_mus,cca_mus,skin_mua,fat_mua,muscle_mua,ijv_mua,cca_mua,muscle10%_mua,muscle5%_mua,muscle3%_mua,muscle1%_mua,bloodConc,used_SO2,muscle_SO2,SDS_0,SDS_1,SDS_2,SDS_3,SDS_4,SDS_5,SDS_6,SDS_7,SDS_8,SDS_9,SDS_10,SDS_11,SDS_12,SDS_13,SDS_14,SDS_15,SDS_16,SDS_17,SDS_18,SDS_19,SDS_20
16.66788177830134,15.060099216393953,5.503131511209041,36.11739334393231,36.11739334393231,0.1747871240601504,0.1014773261278195,0.012697194389808,0.5887375024133494,0.6488787510274261,0.012697194389808,0.012697194389808,0.012697194389808,0.012697194389808,174.0,0.7,0.7,1.4923524799398866e-07,1.090115539940351e-07,8.444289164268933e-08,6.477838417268323e-08,0.0,0.0,0.0,0.0,0.0,0.0,0.0,5.5535090521267735e-09,2.789763817671092e-09,3.6411797955218964e-09,0.0,0.0,0.0,0.0,0.0,0.0,0.0
16.66788177830134,15.060099216393953,5.503131511209041,36.11739334393231,36.11739334393231,0.1747871240601504,0.1014773261278195,0.012697194389808,0.6205851166820658,0.6488787510274261,0.012697194389808,0.012697194389808,0.012697194389808,0.0126630230542359,174.0,0.84,0.65,1.4919966304196718e-07,1.089797803543455e-07,8.44138231568675e-08,6.475025561360253e-08,0.0,0.0,0.0,0.0,0.0,0.0,0.0,5.545797939504036e-09,2.7860286596123037e-09,3.635220757781625e-09,0.0,0.0,0.0,0.0,0.0,0.0,0.0
16.66788177830134,15.060099216393953,5.503131511209041,36.11739334393231,36.11739334393231,0.1747871240601504,0.1014773261278195,0.012697194389808,0.5887375024133494,0.6488787510274261,0.012697194389808,0.012697194389808,0.012697194389808,0.012697194389808,174.0,0.7,0.7,1.4923524799398866e-07,1.090115539940351e-07,8.444289164268933e-08,6.477838417268323e-08,0.0,0.0,0.0,0.0,0.0,0.0,0.0,5.5535090521267735e-09,2.789763817671092e-09,3.6411797955218964e-09,0.0,0.0,0.0,0.0,0.0,0.0,0.0
16.66788177830134,15.060099216393953,5.503131511209041,36.11739334393231,36.11739334393231,0.1747871240601504,0.1014773261278195,0.012697194389808,0.6205851166820658,0.6488787510274261,0.012697194389808,0.012697194389808,0.012697194389808,0.0126630230542359,174.0,0.84,0.65,1.4919966304196718e-07,1.089797803543455e-07,8.44138231568675e-08,6.475025561360253e-08,0.0,0.0,0.0,0.0,0.0,0.0,0.0,5.545797939504036e-09,2.7860286596123037e-09,3.635220757781625e-09,0.0,0.0,0.0,0.0,0.0,0.0,0.0
