{
    "epoch": 2,
    "batch_size": 128,
    "learning_rate": 0.001,
    "train_loss": [
        0.39683554601240756,
        0.003938692029313573
    ],
    "test_loss": [
        0.0021582325245634347,
        0.0029035248638992765
    ],
    "best_model": "model_save\\result1\\ep_0_loss_0.0021582325245634347.pth"
}