skin_mus,fat_mus,muscle_mus,ijv_mus,cca_mus,skin_mua,fat_mua,muscle_mua,ijv_mua,cca_mua,muscle10%_mua,muscle5%_mua,muscle3%_mua,muscle1%_mua,bloodConc,used_SO2,muscle_SO2,SDS_0,SDS_1,SDS_2,SDS_3,SDS_4,SDS_5,SDS_6,SDS_7,SDS_8,SDS_9,SDS_10,SDS_11,SDS_12,SDS_13,SDS_14,SDS_15,SDS_16,SDS_17,SDS_18,SDS_19,SDS_20
16.66788177830134,15.060099216393953,5.503131511209041,36.11739334393231,36.11739334393231,0.1651322838345864,0.0963396968984962,0.0126768852289894,0.5819704046844604,0.6407751119228248,0.0126768852289894,0.0126768852289894,0.0126768852289894,0.0126768852289894,172.0,0.7,0.7,1.6714557263178066e-07,1.2214514471187633e-07,9.466188406048965e-08,7.266846863653568e-08,0.0,0.0,0.0,0.0,0.0,0.0,0.0,6.271624021403697e-09,3.1526364503332993e-09,4.114764239216167e-09,0.0,0.0,0.0,0.0,0.0,0.0,0.0
16.66788177830134,15.060099216393953,5.503131511209041,36.11739334393231,36.11739334393231,0.1651322838345864,0.0963396968984962,0.0126768852289894,0.5167586230866126,0.6407751119228248,0.0126768852289894,0.0127106637905894,0.0127106637905894,0.0127106637905894,172.0,0.41,0.75,1.6724251755842058e-07,1.2223163353688352e-07,9.47408949978324e-08,7.27448106262137e-08,0.0,0.0,0.0,0.0,0.0,0.0,0.0,6.293076220707619e-09,3.1630805398656143e-09,4.131114787719951e-09,0.0,0.0,0.0,0.0,0.0,0.0,0.0
16.66788177830134,15.060099216393953,5.503131511209041,36.11739334393231,36.11739334393231,0.1651322838345864,0.0963396968984962,0.0126768852289894,0.5819704046844604,0.6407751119228248,0.0126768852289894,0.0126768852289894,0.0126768852289894,0.0126768852289894,172.0,0.7,0.7,1.6714557263178066e-07,1.2214514471187633e-07,9.466188406048965e-08,7.266846863653568e-08,0.0,0.0,0.0,0.0,0.0,0.0,0.0,6.271624021403697e-09,3.1526364503332993e-09,4.114764239216167e-09,0.0,0.0,0.0,0.0,0.0,0.0,0.0
16.66788177830134,15.060099216393953,5.503131511209041,36.11739334393231,36.11739334393231,0.1651322838345864,0.0963396968984962,0.0126768852289894,0.5167586230866126,0.6407751119228248,0.0126768852289894,0.0127106637905894,0.0127106637905894,0.0127106637905894,172.0,0.41,0.75,1.6724251755842058e-07,1.2223163353688352e-07,9.47408949978324e-08,7.27448106262137e-08,0.0,0.0,0.0,0.0,0.0,0.0,0.0,6.293076220707619e-09,3.1630805398656143e-09,4.131114787719951e-09,0.0,0.0,0.0,0.0,0.0,0.0,0.0
