{
    "epoch": 200,
    "batch_size": 64,
    "learning_rate": 0.0001,
    "train_loss": [
        0.005608022916820747,
        0.0017430589671365239,
        0.0014372045569248837,
        0.0012946963154655796,
        0.001187206485560587,
        0.0011381534449997443,
        0.0010771278838969936,
        0.0010430219830534506,
        0.0010210888978525658,
        0.0009911979280335997,
        0.0009620854713492603,
        0.0009414509628857063,
        0.00092217478974426,
        0.0009106556141554293,
        0.000887631509844637,
        0.0008792065567332743,
        0.0008623788768696514,
        0.0008506712195399979,
        0.0008444263376375999,
        0.0008326974301133304,
        0.0008241062817790292,
        0.0008188939455007627,
        0.0008081308568343097,
        0.0008019836730802093,
        0.0007934010980667716,
        0.0007839021030091681,
        0.0007825400274416262,
        0.0007735935050680895,
        0.0007710695948417891,
        0.0007657085102191195,
        0.0007586552241150374,
        0.0007539661908831278,
        0.0007435987372463569,
        0.0007353775815712288,
        0.0007373143318981271,
        0.0007268632060386748,
        0.0007301874008588492,
        0.0007226260734044692,
        0.0007136295589465987,
        0.0007076367059121417,
        0.0007024138357689265,
        0.0007009507064419714,
        0.0006974798722939819,
        0.0006903899608319625,
        0.0006886990097059275,
        0.0006866271866479126,
        0.0006818941527156328,
        0.0006743152138353748,
        0.0006688693687323989,
        0.0006760314164695922,
        0.0006679831726288169,
        0.0006650297928123142,
        0.0006539047332704914,
        0.0006554068679248237,
        0.0006491153366309167,
        0.0006457266517569819,
        0.0006486253438424319,
        0.0006407860867941583,
        0.0006368704605492001,
        0.0006325243781911294,
        0.0006335945583784699,
        0.0006280943713413383,
        0.0006263631433502517,
        0.0006255103321580894,
        0.0006181982591284693,
        0.0006173839385115373,
        0.0006155893017571758,
        0.0006121274259900251,
        0.0006059874507101168,
        0.0006069344522835772,
        0.0006035540898127312,
        0.0006006269165553914,
        0.0005991453538547186,
        0.0005940818029002879,
        0.0005920400797110051,
        0.0005890839679162441,
        0.00058761748023564,
        0.0005817072298144922,
        0.0005816745380170389,
        0.0005746252109817314,
        0.0005691377352161163,
        0.0005721634648475711,
        0.0005684299504822544,
        0.0005666832392252135,
        0.000562820715050594,
        0.000562655901397917,
        0.0005579593149547211,
        0.0005572495614686473,
        0.0005581306854825974,
        0.0005528663877340626,
        0.0005497947440711273,
        0.0005458332150469704,
        0.0005461904165165668,
        0.0005422289744521152,
        0.0005430814948064191,
        0.0005386956472017548,
        0.0005375054378473115,
        0.000537207890516782,
        0.0005336683907198974,
        0.0005285371571434239,
        0.0005259180039946329,
        0.0005275719741678966,
        0.0005228528916911984,
        0.0005223894432098182,
        0.00052221303420099,
        0.0005182655539668419,
        0.0005173958368489349,
        0.0005134715821742164,
        0.0005106846829977902,
        0.0005118552425133319,
        0.0005080915939858691,
        0.0005060052087989805,
        0.0005061267268941314,
        0.0005058194595930929,
        0.0005003005534924821,
        0.000499719112066298,
        0.0004977507671036504,
        0.000496559437985786,
        0.0004975283954142255,
        0.0004941564849941907,
        0.0004927852657196027,
        0.0004898862781851891,
        0.00048798481120304626,
        0.00048718280215218497,
        0.000487562827013687,
        0.0004856278889998794,
        0.00048514626300809056,
        0.00048135511832227086,
        0.00048038632927293126,
        0.00048186972494533456,
        0.00047918807860654355,
        0.000475379283731507,
        0.0004733955774570561,
        0.00047313414403089236,
        0.0004761686338964765,
        0.0004745352387189103,
        0.0004705433356503702,
        0.00047085532165894455,
        0.000466719872687774,
        0.0004671767361398617,
        0.00046463647078172387,
        0.00046521485974038526,
        0.0004641275421896187,
        0.00046359965061599557,
        0.000462571332545062,
        0.00046220651703759687,
        0.0004596278695108115,
        0.00045759501596595245,
        0.0004569245672122237,
        0.00045564256255133925,
        0.0004544462342236445,
        0.00045043111114614556,
        0.0004517238531454297,
        0.0004506380987334573,
        0.00045024895481151446,
        0.0004469309824588709,
        0.0004492123655968515,
        0.0004477277664152313,
        0.00044582770363935694,
        0.0004454363821151624,
        0.0004433657501866533,
        0.00044684230410007084,
        0.00043987646063556893,
        0.0004423678103749725,
        0.00044081046176396986,
        0.000439223969518207,
        0.00043937239564955234,
        0.00043564797308846294,
        0.0004362394495617429,
        0.0004361336065964265,
        0.00043534535450987855,
        0.0004337909193353897,
        0.00043424282184209334,
        0.00042870916255326435,
        0.0004331006015403281,
        0.0004279972161646848,
        0.00042519147330789234,
        0.00042575913645665755,
        0.00042774910821727564,
        0.0004251465499680489,
        0.00042237508639142934,
        0.00042251764740562067,
        0.0004223671715238809,
        0.0004210274262114597,
        0.0004206871465549127,
        0.00042026069072286854,
        0.0004171897663700987,
        0.00041719960310073064,
        0.0004167370677433527,
        0.0004151040422505784,
        0.0004136388846309009,
        0.00041503682035952806,
        0.000412057704675985,
        0.00041401945527642963,
        0.00041129534329732205,
        0.0004090452591727742,
        0.0004090537140262313,
        0.0004059036423803561,
        0.00040593881439989095,
        0.0004061766331333836
    ],