{
    "epoch": 50,
    "batch_size": 256,
    "learning_rate": 0.0001,
    "train_loss": [
        0.2147994343048105,
        0.03083820168215495,
        0.02615967457397626,
        0.025648264715877864,
        0.025443862550533734,
        0.025328435075397674,
        0.025228601020689193,
        0.025103264989761207,
        0.024986170662137177,
        0.02493671220369064,
        0.02491778493500673,
        0.024876046281021375,
        0.024864889036577482,
        0.02485131472349167,
        0.025056481791230347,
        0.024854482151567936,
        0.02472526064285865,
        0.024680527500235118,
        0.024936184788552616,
        0.024809609955319993,
        0.02463494183925482,
        0.024546736278212987,
        0.024486985988914967,
        0.02442896803124593,
        0.024464867149408046,
        0.024358784278424885,
        0.02438078147287552,
        0.024312039479040183,
        0.024328386339430626,
        0.024198167169323333,
        0.02426080613468702,
        0.02418348701814046,
        0.02399618121293875,
        0.024010141451771442,
        0.023959107553729646,
        0.023905817562570937,
        0.023778410986638986,
        0.023764060953488715,
        0.023807002159838494,
        0.023639982637877647,
        0.023485558895537488,
        0.02379992575599597,
        0.02341015901989662,
        0.023592001042113855,
        0.02352060664158601,
        0.02340961999904651,
        0.023138324730098248,
        0.023046332554748424,
        0.023000088663628467,
        0.0229121888629519
    ],
    "test_loss": [
        0.03359247371554375,
        0.023544269148260355,
        0.02274570195004344,
        0.02212914591655135,
        0.02195074688643217,
        0.021850131917744875,
        0.02173063298687339,
        0.021692523267120123,
        0.021605201065540314,
        0.02156743500381708,
        0.021550547797232866,
        0.02154727792367339,
        0.02149579906836152,
        0.021445426158607006,
        0.021421637386083603,
        0.021384611260145903,
        0.021382967941462994,
        0.021329395473003387,
        0.021426100749522448,
        0.021294006146490574,
        0.02123888861387968,
        0.021320687141269445,
        0.02125620422884822,
        0.021244865376502275,
        0.021257364191114902,
        0.021113607101142406,
        0.021314792335033417,
        0.021023626904934645,
        0.021085992455482483,
        0.02102475054562092,
        0.020987425930798054,
        0.02113503124564886,
        0.0210203742608428,
        0.020844931714236736,
        0.02080393023788929,
        0.02096164133399725,
        0.021113811992108822,
        0.020781591068953276,
        0.02065986767411232,
        0.02058122167363763,
        0.02110726200044155,
        0.020711815916001797,
        0.020594040863215923,
        0.020655406173318624,
        0.02049325406551361,
        0.02046284358948469,
        0.020208954345434904,
        0.02013404294848442,
        0.02024119533598423,
        0.020085121039301157
    ],
    "best_model": "model_save\\result1\\ep_49_loss_0.020085121039301157.pth",
    "elapsed_time": 14.40069580078125,
    "train_size": 6600,
    "test_size": 1020
}