skin_mus,fat_mus,muscle_mus,ijv_mus,cca_mus,skin_mua,fat_mua,muscle_mua,ijv_mua,cca_mua,muscle10%_mua,muscle5%_mua,muscle3%_mua,muscle1%_mua,bloodConc,used_SO2,muscle_SO2,SDS_0,SDS_1,SDS_2,SDS_3,SDS_4,SDS_5,SDS_6,SDS_7,SDS_8,SDS_9,SDS_10,SDS_11,SDS_12,SDS_13,SDS_14,SDS_15,SDS_16,SDS_17,SDS_18,SDS_19,SDS_20
16.66788177830134,15.060099216393953,5.503131511209041,36.11739334393231,36.11739334393231,0.001,0.009,0.0125550302640777,0.5413678183111259,0.5030132471446012,0.0125550302640777,0.0125550302640777,0.0125550302640777,0.0125550302640777,160.0,0.7,0.7,1.697778086146018e-06,1.2695137777904105e-06,1.0107770865724935e-06,7.954730858967667e-07,0.0,0.0,0.0,0.0,0.0,0.0,0.0,8.348292047599037e-08,4.298098126299294e-08,5.6817068084752224e-08,0.0,0.0,0.0,0.0,0.0,0.0,0.0
16.66788177830134,15.060099216393953,5.503131511209041,36.11739334393231,36.11739334393231,0.001,0.009,0.0125550302640777,0.5267252370381529,0.5030132471446012,0.0125550302640777,0.0125550302640777,0.0125550302640777,0.0125550302640777,160.0,0.63,0.7,1.6980059413036142e-06,1.269718803244403e-06,1.0109701570596944e-06,7.956556667825023e-07,0.0,0.0,0.0,0.0,0.0,0.0,0.0,8.354153763310954e-08,4.301166685411158e-08,5.6862673302178365e-08,0.0,0.0,0.0,0.0,0.0,0.0,0.0
16.66788177830134,15.060099216393953,5.503131511209041,36.11739334393231,36.11739334393231,0.001,0.009,0.0125550302640777,0.5413678183111259,0.5030132471446012,0.0125550302640777,0.0125550302640777,0.0125550302640777,0.0125550302640777,160.0,0.7,0.7,1.697778086146018e-06,1.2695137777904105e-06,1.0107770865724935e-06,7.954730858967667e-07,0.0,0.0,0.0,0.0,0.0,0.0,0.0,8.348292047599037e-08,4.298098126299294e-08,5.6817068084752224e-08,0.0,0.0,0.0,0.0,0.0,0.0,0.0
16.66788177830134,15.060099216393953,5.503131511209041,36.11739334393231,36.11739334393231,0.001,0.009,0.0125550302640777,0.5267252370381529,0.5030132471446012,0.0125550302640777,0.0125550302640777,0.0125550302640777,0.0125550302640777,160.0,0.63,0.7,1.6980059413036142e-06,1.269718803244403e-06,1.0109701570596944e-06,7.956556667825023e-07,0.0,0.0,0.0,0.0,0.0,0.0,0.0,8.354153763310954e-08,4.301166685411158e-08,5.6862673302178365e-08,0.0,0.0,0.0,0.0,0.0,0.0,0.0
