skin_mus,fat_mus,muscle_mus,ijv_mus,cca_mus,skin_mua,fat_mua,muscle_mua,ijv_mua,cca_mua,muscle10%_mua,muscle5%_mua,muscle3%_mua,muscle1%_mua,bloodConc,used_SO2,muscle_SO2,SDS_0,SDS_1,SDS_2,SDS_3,SDS_4,SDS_5,SDS_6,SDS_7,SDS_8,SDS_9,SDS_10,SDS_11,SDS_12,SDS_13,SDS_14,SDS_15,SDS_16,SDS_17,SDS_18,SDS_19,SDS_20
16.66788177830134,15.060099216393953,5.503131511209041,36.11739334393231,36.11739334393231,0.0299645206766917,0.0244128876879699,0.0125550302640777,0.5413678183111259,0.5273241644584054,0.0125550302640777,0.0125550302640777,0.0125550302640777,0.0125550302640777,160.0,0.7,0.7,1.0467937267494465e-06,7.769624495052797e-07,6.129246482922711e-07,4.788084655729067e-07,0.0,0.0,0.0,0.0,0.0,0.0,0.0,4.7513454980398817e-08,2.4300771632894796e-08,3.1916857799796307e-08,0.0,0.0,0.0,0.0,0.0,0.0,0.0
16.66788177830134,15.060099216393953,5.503131511209041,36.11739334393231,36.11739334393231,0.0299645206766917,0.0244128876879699,0.0125550302640777,0.5058072637910486,0.5273241644584054,0.0125550302640777,0.0125550302640777,0.0125550302640777,0.0125550302640777,160.0,0.53,0.7,1.0471472145530234e-06,7.772794697484015e-07,6.132212421077906e-07,4.790894921707156e-07,0.0,0.0,0.0,0.0,0.0,0.0,0.0,4.7600846508944366e-08,2.4345884883542514e-08,3.1983942740423235e-08,0.0,0.0,0.0,0.0,0.0,0.0,0.0
16.66788177830134,15.060099216393953,5.503131511209041,36.11739334393231,36.11739334393231,0.0299645206766917,0.0244128876879699,0.0125550302640777,0.5413678183111259,0.5273241644584054,0.0125550302640777,0.0125550302640777,0.0125550302640777,0.0125550302640777,160.0,0.7,0.7,1.0467937267494465e-06,7.769624495052797e-07,6.129246482922711e-07,4.788084655729067e-07,0.0,0.0,0.0,0.0,0.0,0.0,0.0,4.7513454980398817e-08,2.4300771632894796e-08,3.1916857799796307e-08,0.0,0.0,0.0,0.0,0.0,0.0,0.0
16.66788177830134,15.060099216393953,5.503131511209041,36.11739334393231,36.11739334393231,0.0299645206766917,0.0244128876879699,0.0125550302640777,0.5058072637910486,0.5273241644584054,0.0125550302640777,0.0125550302640777,0.0125550302640777,0.0125550302640777,160.0,0.53,0.7,1.0471472145530234e-06,7.772794697484015e-07,6.132212421077906e-07,4.790894921707156e-07,0.0,0.0,0.0,0.0,0.0,0.0,0.0,4.7600846508944366e-08,2.4345884883542514e-08,3.1983942740423235e-08,0.0,0.0,0.0,0.0,0.0,0.0,0.0
