skin_mus,fat_mus,muscle_mus,ijv_mus,cca_mus,skin_mua,fat_mua,muscle_mua,ijv_mua,cca_mua,muscle10%_mua,muscle5%_mua,muscle3%_mua,muscle1%_mua,bloodConc,used_SO2,muscle_SO2,SDS_0,SDS_1,SDS_2,SDS_3,SDS_4,SDS_5,SDS_6,SDS_7,SDS_8,SDS_9,SDS_10,SDS_11,SDS_12,SDS_13,SDS_14,SDS_15,SDS_16,SDS_17,SDS_18,SDS_19,SDS_20
16.66788177830134,15.060099216393953,5.503131511209041,36.11739334393231,36.11739334393231,0.0396193609022556,0.0295505169172932,0.0125144119424405,0.5278336228533478,0.5354278035630067,0.0125144119424405,0.0125144119424405,0.0125144119424405,0.0125144119424405,156.0,0.7,0.7,9.004100907038063e-07,6.670575805205475e-07,5.250461133938176e-07,4.093886170326634e-07,0.0,0.0,0.0,0.0,0.0,0.0,0.0,4.0078775201575546e-08,2.0462105410575384e-08,2.6841580927291524e-08,0.0,0.0,0.0,0.0,0.0,0.0,0.0
16.66788177830134,15.060099216393953,5.503131511209041,36.11739334393231,36.11739334393231,0.0396193609022556,0.0295505169172932,0.0125144119424405,0.4788855654551236,0.5354278035630067,0.0125144119424405,0.0125205392164052,0.0125205392164052,0.0125205392164052,156.0,0.46,0.71,9.008612908544704e-07,6.674618686872297e-07,5.254237852231853e-07,4.09746580002212e-07,0.0,0.0,0.0,0.0,0.0,0.0,0.0,4.018972610119446e-08,2.051916417605631e-08,2.6926353822144395e-08,0.0,0.0,0.0,0.0,0.0,0.0,0.0
16.66788177830134,15.060099216393953,5.503131511209041,36.11739334393231,36.11739334393231,0.0396193609022556,0.0295505169172932,0.0125144119424405,0.5278336228533478,0.5354278035630067,0.0125144119424405,0.0125144119424405,0.0125144119424405,0.0125144119424405,156.0,0.7,0.7,9.004100907038063e-07,6.670575805205475e-07,5.250461133938176e-07,4.093886170326634e-07,0.0,0.0,0.0,0.0,0.0,0.0,0.0,4.0078775201575546e-08,2.0462105410575384e-08,2.6841580927291524e-08,0.0,0.0,0.0,0.0,0.0,0.0,0.0
16.66788177830134,15.060099216393953,5.503131511209041,36.11739334393231,36.11739334393231,0.0396193609022556,0.0295505169172932,0.0125144119424405,0.4788855654551236,0.5354278035630067,0.0125144119424405,0.0125205392164052,0.0125205392164052,0.0125205392164052,156.0,0.46,0.71,9.008612908544704e-07,6.674618686872297e-07,5.254237852231853e-07,4.09746580002212e-07,0.0,0.0,0.0,0.0,0.0,0.0,0.0,4.018972610119446e-08,2.051916417605631e-08,2.6926353822144395e-08,0.0,0.0,0.0,0.0,0.0,0.0,0.0
