skin_mus,fat_mus,muscle_mus,ijv_mus,cca_mus,skin_mua,fat_mua,muscle_mua,ijv_mua,cca_mua,muscle10%_mua,muscle5%_mua,muscle3%_mua,muscle1%_mua,bloodConc,used_SO2,muscle_SO2,SDS_0,SDS_1,SDS_2,SDS_3,SDS_4,SDS_5,SDS_6,SDS_7,SDS_8,SDS_9,SDS_10,SDS_11,SDS_12,SDS_13,SDS_14,SDS_15,SDS_16,SDS_17,SDS_18,SDS_19,SDS_20
14.386642654671306,12.77984986669567,4.913393034069127,29.63001873911672,29.63001873911672,0.0589290413533834,0.0398257753759398,0.012697194389808,0.5887375024133494,0.5516350817722095,0.012697194389808,0.012697194389808,0.012697194389808,0.012697194389808,174.0,0.7,0.7,6.699892938013992e-07,4.943219913832133e-07,3.87217954987905e-07,3.006351671362808e-07,0.0,0.0,0.0,0.0,0.0,0.0,0.0,2.8455825724570542e-08,1.4473395755856786e-08,1.8927853525738152e-08,0.0,0.0,0.0,0.0,0.0,0.0,0.0
14.386642654671306,12.77984986669567,4.913393034069127,29.63001873911672,29.63001873911672,0.0589290413533834,0.0398257753759398,0.012697194389808,0.5978368207758399,0.5516350817722095,0.012697194389808,0.012697194389808,0.012697194389808,0.0127040286569224,174.0,0.74,0.71,6.699436887405356e-07,4.942811762026304e-07,3.87180008526079e-07,3.0059903956603145e-07,0.0,0.0,0.0,0.0,0.0,0.0,0.0,2.8445097684133466e-08,1.446796184967754e-08,1.8919641319909483e-08,0.0,0.0,0.0,0.0,0.0,0.0,0.0
14.386642654671306,12.77984986669567,4.913393034069127,29.63001873911672,29.63001873911672,0.0589290413533834,0.0398257753759398,0.012697194389808,0.5887375024133494,0.5516350817722095,0.012697194389808,0.012697194389808,0.012697194389808,0.012697194389808,174.0,0.7,0.7,6.699892938013992e-07,4.943219913832133e-07,3.87217954987905e-07,3.006351671362808e-07,0.0,0.0,0.0,0.0,0.0,0.0,0.0,2.8455825724570542e-08,1.4473395755856786e-08,1.8927853525738152e-08,0.0,0.0,0.0,0.0,0.0,0.0,0.0
14.386642654671306,12.77984986669567,4.913393034069127,29.63001873911672,29.63001873911672,0.0589290413533834,0.0398257753759398,0.012697194389808,0.5978368207758399,0.5516350817722095,0.012697194389808,0.012697194389808,0.012697194389808,0.0127040286569224,174.0,0.74,0.71,6.699436887405356e-07,4.942811762026304e-07,3.87180008526079e-07,3.0059903956603145e-07,0.0,0.0,0.0,0.0,0.0,0.0,0.0,2.8445097684133466e-08,1.446796184967754e-08,1.8919641319909483e-08,0.0,0.0,0.0,0.0,0.0,0.0,0.0
