skin_mus,fat_mus,muscle_mus,ijv_mus,cca_mus,skin_mua,fat_mua,muscle_mua,ijv_mua,cca_mua,muscle10%_mua,muscle5%_mua,muscle3%_mua,muscle1%_mua,bloodConc,used_SO2,muscle_SO2,SDS_0,SDS_1,SDS_2,SDS_3,SDS_4,SDS_5,SDS_6,SDS_7,SDS_8,SDS_9,SDS_10,SDS_11,SDS_12,SDS_13,SDS_14,SDS_15,SDS_16,SDS_17,SDS_18,SDS_19,SDS_20
16.66788177830134,15.060099216393953,5.503131511209041,36.11739334393231,36.11739334393231,0.1265129229323308,0.075789179981203,0.012697194389808,0.5887375024133494,0.6083605555044191,0.012697194389808,0.012697194389808,0.012697194389808,0.012697194389808,174.0,0.7,0.7,2.675193804415144e-07,1.9589038596429877e-07,1.5215313936051745e-07,1.1714345113458737e-07,0.0,0.0,0.0,0.0,0.0,0.0,0.0,1.0376508330255396e-08,5.232529484212951e-09,6.8268837933016195e-09,0.0,0.0,0.0,0.0,0.0,0.0,0.0
16.66788177830134,15.060099216393953,5.503131511209041,36.11739334393231,36.11739334393231,0.1265129229323308,0.075789179981203,0.012697194389808,0.5204926146946715,0.6083605555044191,0.012697194389808,0.012697194389808,0.012697194389808,0.012697194389808,174.0,0.4,0.7,2.6767838031660977e-07,1.960321755465045e-07,1.522835951005161e-07,1.1726864825148837e-07,0.0,0.0,0.0,0.0,0.0,0.0,0.0,1.0412357286470611e-08,5.250200849105502e-09,6.8541241770268365e-09,0.0,0.0,0.0,0.0,0.0,0.0,0.0
16.66788177830134,15.060099216393953,5.503131511209041,36.11739334393231,36.11739334393231,0.1265129229323308,0.075789179981203,0.012697194389808,0.5887375024133494,0.6083605555044191,0.012697194389808,0.012697194389808,0.012697194389808,0.012697194389808,174.0,0.7,0.7,2.675193804415144e-07,1.9589038596429877e-07,1.5215313936051745e-07,1.1714345113458737e-07,0.0,0.0,0.0,0.0,0.0,0.0,0.0,1.0376508330255396e-08,5.232529484212951e-09,6.8268837933016195e-09,0.0,0.0,0.0,0.0,0.0,0.0,0.0
16.66788177830134,15.060099216393953,5.503131511209041,36.11739334393231,36.11739334393231,0.1265129229323308,0.075789179981203,0.012697194389808,0.5204926146946715,0.6083605555044191,0.012697194389808,0.012697194389808,0.012697194389808,0.012697194389808,174.0,0.4,0.7,2.6767838031660977e-07,1.960321755465045e-07,1.522835951005161e-07,1.1726864825148837e-07,0.0,0.0,0.0,0.0,0.0,0.0,0.0,1.0412357286470611e-08,5.250200849105502e-09,6.8541241770268365e-09,0.0,0.0,0.0,0.0,0.0,0.0,0.0
