skin_mus,fat_mus,muscle_mus,ijv_mus,cca_mus,skin_mua,fat_mua,muscle_mua,ijv_mua,cca_mua,muscle10%_mua,muscle5%_mua,muscle3%_mua,muscle1%_mua,bloodConc,used_SO2,muscle_SO2,SDS_0,SDS_1,SDS_2,SDS_3,SDS_4,SDS_5,SDS_6,SDS_7,SDS_8,SDS_9,SDS_10,SDS_11,SDS_12,SDS_13,SDS_14,SDS_15,SDS_16,SDS_17,SDS_18,SDS_19,SDS_20
16.66788177830134,15.060099216393953,5.503131511209041,36.11739334393231,36.11739334393231,0.1554774436090225,0.0912020676691729,0.0126159577465335,0.5616691114977932,0.6326714728182233,0.0126159577465335,0.0126159577465335,0.0126159577465335,0.0126159577465335,166.0,0.7,0.7,1.877366987257577e-07,1.372775188459036e-07,1.0646553013277625e-07,8.180368824042293e-08,0.0,0.0,0.0,0.0,0.0,0.0,0.0,7.120804884017318e-09,3.5823605863623967e-09,4.67680826840091e-09,0.0,0.0,0.0,0.0,0.0,0.0,0.0
16.66788177830134,15.060099216393953,5.503131511209041,36.11739334393231,36.11739334393231,0.1554774436090225,0.0912020676691729,0.0126159577465335,0.5421369539783095,0.6326714728182233,0.0126159577465335,0.0126224777944703,0.0126224777944703,0.0126224777944703,166.0,0.61,0.71,1.877690472369614e-07,1.3730636954499046e-07,1.064919423003675e-07,8.182916373340552e-08,0.0,0.0,0.0,0.0,0.0,0.0,0.0,7.1279954644237655e-09,3.585872026613505e-09,4.682286876494247e-09,0.0,0.0,0.0,0.0,0.0,0.0,0.0
16.66788177830134,15.060099216393953,5.503131511209041,36.11739334393231,36.11739334393231,0.1554774436090225,0.0912020676691729,0.0126159577465335,0.5616691114977932,0.6326714728182233,0.0126159577465335,0.0126159577465335,0.0126159577465335,0.0126159577465335,166.0,0.7,0.7,1.877366987257577e-07,1.372775188459036e-07,1.0646553013277625e-07,8.180368824042293e-08,0.0,0.0,0.0,0.0,0.0,0.0,0.0,7.120804884017318e-09,3.5823605863623967e-09,4.67680826840091e-09,0.0,0.0,0.0,0.0,0.0,0.0,0.0
16.66788177830134,15.060099216393953,5.503131511209041,36.11739334393231,36.11739334393231,0.1554774436090225,0.0912020676691729,0.0126159577465335,0.5421369539783095,0.6326714728182233,0.0126159577465335,0.0126224777944703,0.0126224777944703,0.0126224777944703,166.0,0.61,0.71,1.877690472369614e-07,1.3730636954499046e-07,1.064919423003675e-07,8.182916373340552e-08,0.0,0.0,0.0,0.0,0.0,0.0,0.0,7.1279954644237655e-09,3.585872026613505e-09,4.682286876494247e-09,0.0,0.0,0.0,0.0,0.0,0.0,0.0
