skin_mus,fat_mus,muscle_mus,ijv_mus,cca_mus,skin_mua,fat_mua,muscle_mua,ijv_mua,cca_mua,muscle10%_mua,muscle5%_mua,muscle3%_mua,muscle1%_mua,bloodConc,used_SO2,muscle_SO2,SDS_0,SDS_1,SDS_2,SDS_3,SDS_4,SDS_5,SDS_6,SDS_7,SDS_8,SDS_9,SDS_10,SDS_11,SDS_12,SDS_13,SDS_14,SDS_15,SDS_16,SDS_17,SDS_18,SDS_19,SDS_20
16.66788177830134,15.060099216393953,5.503131511209041,36.11739334393231,36.11739334393231,0.1651322838345864,0.0963396968984962,0.0125144119424405,0.5278336228533478,0.6407751119228248,0.0125144119424405,0.0125144119424405,0.0125144119424405,0.0125144119424405,156.0,0.7,0.7,1.6781601103988806e-07,1.2270427350993694e-07,9.516027554582113e-08,7.309844295599112e-08,0.0,0.0,0.0,0.0,0.0,0.0,0.0,6.349884421346981e-09,3.192768743259193e-09,4.171321351154108e-09,0.0,0.0,0.0,0.0,0.0,0.0,0.0
16.66788177830134,15.060099216393953,5.503131511209041,36.11739334393231,36.11739334393231,0.1651322838345864,0.0963396968984962,0.0125144119424405,0.5563866563356452,0.6407751119228248,0.0125144119424405,0.0125205392164052,0.0125205392164052,0.0125205392164052,156.0,0.84,0.71,1.6777130078496166e-07,1.226644060473653e-07,9.512381297616965e-08,7.30632325342789e-08,0.0,0.0,0.0,0.0,0.0,0.0,0.0,6.339963830098928e-09,3.187928305068685e-09,4.163758168743483e-09,0.0,0.0,0.0,0.0,0.0,0.0,0.0
16.66788177830134,15.060099216393953,5.503131511209041,36.11739334393231,36.11739334393231,0.1651322838345864,0.0963396968984962,0.0125144119424405,0.5278336228533478,0.6407751119228248,0.0125144119424405,0.0125144119424405,0.0125144119424405,0.0125144119424405,156.0,0.7,0.7,1.6781601103988806e-07,1.2270427350993694e-07,9.516027554582113e-08,7.309844295599112e-08,0.0,0.0,0.0,0.0,0.0,0.0,0.0,6.349884421346981e-09,3.192768743259193e-09,4.171321351154108e-09,0.0,0.0,0.0,0.0,0.0,0.0,0.0
16.66788177830134,15.060099216393953,5.503131511209041,36.11739334393231,36.11739334393231,0.1651322838345864,0.0963396968984962,0.0125144119424405,0.5563866563356452,0.6407751119228248,0.0125144119424405,0.0125205392164052,0.0125205392164052,0.0125205392164052,156.0,0.84,0.71,1.6777130078496166e-07,1.226644060473653e-07,9.512381297616965e-08,7.30632325342789e-08,0.0,0.0,0.0,0.0,0.0,0.0,0.0,6.339963830098928e-09,3.187928305068685e-09,4.163758168743483e-09,0.0,0.0,0.0,0.0,0.0,0.0,0.0
