skin_mus,fat_mus,muscle_mus,ijv_mus,cca_mus,skin_mua,fat_mua,muscle_mua,ijv_mua,cca_mua,muscle10%_mua,muscle5%_mua,muscle3%_mua,muscle1%_mua,bloodConc,used_SO2,muscle_SO2,SDS_0,SDS_1,SDS_2,SDS_3,SDS_4,SDS_5,SDS_6,SDS_7,SDS_8,SDS_9,SDS_10,SDS_11,SDS_12,SDS_13,SDS_14,SDS_15,SDS_16,SDS_17,SDS_18,SDS_19,SDS_20
16.66788177830134,15.060099216393953,5.503131511209041,36.11739334393231,36.11739334393231,0.1651322838345864,0.0963396968984962,0.012463639040394,0.5109158785311252,0.6407751119228248,0.012463639040394,0.012463639040394,0.012463639040394,0.012463639040394,151.0,0.7,0.7,1.6803002627012332e-07,1.228829880861823e-07,9.531967104243289e-08,7.323628203132277e-08,0.0,0.0,0.0,0.0,0.0,0.0,0.0,6.375390422505784e-09,3.2058382458465707e-09,4.189767403430669e-09,0.0,0.0,0.0,0.0,0.0,0.0,0.0
16.66788177830134,15.060099216393953,5.503131511209041,36.11739334393231,36.11739334393231,0.1651322838345864,0.0963396968984962,0.012463639040394,0.5128900122563207,0.6407751119228248,0.012463639040394,0.0124577081534154,0.0124577081534154,0.0124577081534154,151.0,0.71,0.69,1.6802681279283889e-07,1.2288011836811004e-07,9.531705966454529e-08,7.323375454430746e-08,0.0,0.0,0.0,0.0,0.0,0.0,0.0,6.374665503819249e-09,3.2054851640837686e-09,4.189220090884467e-09,0.0,0.0,0.0,0.0,0.0,0.0,0.0
16.66788177830134,15.060099216393953,5.503131511209041,36.11739334393231,36.11739334393231,0.1651322838345864,0.0963396968984962,0.012463639040394,0.5109158785311252,0.6407751119228248,0.012463639040394,0.012463639040394,0.012463639040394,0.012463639040394,151.0,0.7,0.7,1.6803002627012332e-07,1.228829880861823e-07,9.531967104243289e-08,7.323628203132277e-08,0.0,0.0,0.0,0.0,0.0,0.0,0.0,6.375390422505784e-09,3.2058382458465707e-09,4.189767403430669e-09,0.0,0.0,0.0,0.0,0.0,0.0,0.0
16.66788177830134,15.060099216393953,5.503131511209041,36.11739334393231,36.11739334393231,0.1651322838345864,0.0963396968984962,0.012463639040394,0.5128900122563207,0.6407751119228248,0.012463639040394,0.0124577081534154,0.0124577081534154,0.0124577081534154,151.0,0.71,0.69,1.6802681279283889e-07,1.2288011836811004e-07,9.531705966454529e-08,7.323375454430746e-08,0.0,0.0,0.0,0.0,0.0,0.0,0.0,6.374665503819249e-09,3.2054851640837686e-09,4.189220090884467e-09,0.0,0.0,0.0,0.0,0.0,0.0,0.0
