skin_mus,fat_mus,muscle_mus,ijv_mus,cca_mus,skin_mua,fat_mua,muscle_mua,ijv_mua,cca_mua,muscle10%_mua,muscle5%_mua,muscle3%_mua,muscle1%_mua,bloodConc,used_SO2,muscle_SO2,SDS_0,SDS_1,SDS_2,SDS_3,SDS_4,SDS_5,SDS_6,SDS_7,SDS_8,SDS_9,SDS_10,SDS_11,SDS_12,SDS_13,SDS_14,SDS_15,SDS_16,SDS_17,SDS_18,SDS_19,SDS_20
16.66788177830134,15.060099216393953,5.503131511209041,36.11739334393231,36.11739334393231,0.1651322838345864,0.0963396968984962,0.0125347211032591,0.5346007205822368,0.6407751119228248,0.0125347211032591,0.0125347211032591,0.0125347211032591,0.0125347211032591,158.0,0.7,0.7,1.677310469566707e-07,1.22633356676274e-07,9.509703797693897e-08,7.304380317612593e-08,0.0,0.0,0.0,0.0,0.0,0.0,0.0,6.339832795540289e-09,3.1876168423051234e-09,4.164053701308081e-09,0.0,0.0,0.0,0.0,0.0,0.0,0.0
16.66788177830134,15.060099216393953,5.503131511209041,36.11739334393231,36.11739334393231,0.1651322838345864,0.0963396968984962,0.0125347211032591,0.5593885188800556,0.6407751119228248,0.0125347211032591,0.0125657502470545,0.0125657502470545,0.0125657502470545,158.0,0.82,0.75,1.676919907186121e-07,1.225985485918713e-07,9.50651554765529e-08,7.30130402123811e-08,0.0,0.0,0.0,0.0,0.0,0.0,0.0,6.331200515588623e-09,3.183400981814592e-09,4.157458517203718e-09,0.0,0.0,0.0,0.0,0.0,0.0,0.0
16.66788177830134,15.060099216393953,5.503131511209041,36.11739334393231,36.11739334393231,0.1651322838345864,0.0963396968984962,0.0125347211032591,0.5346007205822368,0.6407751119228248,0.0125347211032591,0.0125347211032591,0.0125347211032591,0.0125347211032591,158.0,0.7,0.7,1.677310469566707e-07,1.22633356676274e-07,9.509703797693897e-08,7.304380317612593e-08,0.0,0.0,0.0,0.0,0.0,0.0,0.0,6.339832795540289e-09,3.1876168423051234e-09,4.164053701308081e-09,0.0,0.0,0.0,0.0,0.0,0.0,0.0
16.66788177830134,15.060099216393953,5.503131511209041,36.11739334393231,36.11739334393231,0.1651322838345864,0.0963396968984962,0.0125347211032591,0.5593885188800556,0.6407751119228248,0.0125347211032591,0.0125657502470545,0.0125657502470545,0.0125657502470545,158.0,0.82,0.75,1.676919907186121e-07,1.225985485918713e-07,9.50651554765529e-08,7.30130402123811e-08,0.0,0.0,0.0,0.0,0.0,0.0,0.0,6.331200515588623e-09,3.183400981814592e-09,4.157458517203718e-09,0.0,0.0,0.0,0.0,0.0,0.0,0.0
