skin_mus,fat_mus,muscle_mus,ijv_mus,cca_mus,skin_mua,fat_mua,muscle_mua,ijv_mua,cca_mua,muscle10%_mua,muscle5%_mua,muscle3%_mua,muscle1%_mua,bloodConc,used_SO2,muscle_SO2,SDS_0,SDS_1,SDS_2,SDS_3,SDS_4,SDS_5,SDS_6,SDS_7,SDS_8,SDS_9,SDS_10,SDS_11,SDS_12,SDS_13,SDS_14,SDS_15,SDS_16,SDS_17,SDS_18,SDS_19,SDS_20
18.82528355453163,17.308484217062514,6.088796349918977,42.56746281028416,42.56746281028416,0.0782387218045112,0.0501010338345864,0.0126768852289894,0.5819704046844604,0.5678423599814123,0.0126768852289894,0.0126768852289894,0.0126768852289894,0.0126768852289894,172.0,0.7,0.7,5.081944874850938e-07,3.739227808786286e-07,2.9199581895735654e-07,2.2605339001929618e-07,0.0,0.0,0.0,0.0,0.0,0.0,0.0,2.093826383997156e-08,1.0619127518607052e-08,1.3870874697112544e-08,0.0,0.0,0.0,0.0,0.0,0.0,0.0
18.82528355453163,17.308484217062514,6.088796349918977,42.56746281028416,42.56746281028416,0.0782387218045112,0.0501010338345864,0.0126768852289894,0.52125598733474,0.5678423599814123,0.0126768852289894,0.0126431066673894,0.0126431066673894,0.0126431066673894,172.0,0.43,0.65,5.08465172226356e-07,3.7416456344026363e-07,2.9222008055541896e-07,2.2626706871331398e-07,0.0,0.0,0.0,0.0,0.0,0.0,0.0,2.1001413410962165e-08,1.0650911656384132e-08,1.3918913378299981e-08,0.0,0.0,0.0,0.0,0.0,0.0,0.0
18.82528355453163,17.308484217062514,6.088796349918977,42.56746281028416,42.56746281028416,0.0782387218045112,0.0501010338345864,0.0126768852289894,0.5819704046844604,0.5678423599814123,0.0126768852289894,0.0126768852289894,0.0126768852289894,0.0126768852289894,172.0,0.7,0.7,5.081944874850938e-07,3.739227808786286e-07,2.9199581895735654e-07,2.2605339001929618e-07,0.0,0.0,0.0,0.0,0.0,0.0,0.0,2.093826383997156e-08,1.0619127518607052e-08,1.3870874697112544e-08,0.0,0.0,0.0,0.0,0.0,0.0,0.0
18.82528355453163,17.308484217062514,6.088796349918977,42.56746281028416,42.56746281028416,0.0782387218045112,0.0501010338345864,0.0126768852289894,0.52125598733474,0.5678423599814123,0.0126768852289894,0.0126431066673894,0.0126431066673894,0.0126431066673894,172.0,0.43,0.65,5.08465172226356e-07,3.7416456344026363e-07,2.9222008055541896e-07,2.2626706871331398e-07,0.0,0.0,0.0,0.0,0.0,0.0,0.0,2.1001413410962165e-08,1.0650911656384132e-08,1.3918913378299981e-08,0.0,0.0,0.0,0.0,0.0,0.0,0.0
