skin_mus,fat_mus,muscle_mus,ijv_mus,cca_mus,skin_mua,fat_mua,muscle_mua,ijv_mua,cca_mua,muscle10%_mua,muscle5%_mua,muscle3%_mua,muscle1%_mua,bloodConc,used_SO2,muscle_SO2,SDS_0,SDS_1,SDS_2,SDS_3,SDS_4,SDS_5,SDS_6,SDS_7,SDS_8,SDS_9,SDS_10,SDS_11,SDS_12,SDS_13,SDS_14,SDS_15,SDS_16,SDS_17,SDS_18,SDS_19,SDS_20
18.82528355453163,17.308484217062514,6.088796349918977,42.56746281028416,42.56746281028416,0.0685838815789473,0.0449634046052631,0.0126565760681708,0.5752033069555713,0.5597387208768109,0.0126565760681708,0.0126565760681708,0.0126565760681708,0.0126565760681708,170.0,0.7,0.7,5.829712688973084e-07,4.295424903908053e-07,3.359615725737352e-07,2.604776370209176e-07,0.0,0.0,0.0,0.0,0.0,0.0,0.0,2.44073681762961e-08,1.2396551294840948e-08,1.62032971527607e-08,0.0,0.0,0.0,0.0,0.0,0.0,0.0
18.82528355453163,17.308484217062514,6.088796349918977,42.56746281028416,42.56746281028416,0.0685838815789473,0.0449634046052631,0.0126565760681708,0.5107498018879311,0.5597387208768109,0.0126565760681708,0.0126899618557987,0.0126899618557987,0.0126899618557987,170.0,0.41,0.75,5.833016471066811e-07,4.298378421049466e-07,3.3623573639465297e-07,2.607386188000643e-07,0.0,0.0,0.0,0.0,0.0,0.0,0.0,2.4485433000624607e-08,1.2435980457682394e-08,1.6262623521065586e-08,0.0,0.0,0.0,0.0,0.0,0.0,0.0
18.82528355453163,17.308484217062514,6.088796349918977,42.56746281028416,42.56746281028416,0.0685838815789473,0.0449634046052631,0.0126565760681708,0.5752033069555713,0.5597387208768109,0.0126565760681708,0.0126565760681708,0.0126565760681708,0.0126565760681708,170.0,0.7,0.7,5.829712688973084e-07,4.295424903908053e-07,3.359615725737352e-07,2.604776370209176e-07,0.0,0.0,0.0,0.0,0.0,0.0,0.0,2.44073681762961e-08,1.2396551294840948e-08,1.62032971527607e-08,0.0,0.0,0.0,0.0,0.0,0.0,0.0
18.82528355453163,17.308484217062514,6.088796349918977,42.56746281028416,42.56746281028416,0.0685838815789473,0.0449634046052631,0.0126565760681708,0.5107498018879311,0.5597387208768109,0.0126565760681708,0.0126899618557987,0.0126899618557987,0.0126899618557987,170.0,0.41,0.75,5.833016471066811e-07,4.298378421049466e-07,3.3623573639465297e-07,2.607386188000643e-07,0.0,0.0,0.0,0.0,0.0,0.0,0.0,2.4485433000624607e-08,1.2435980457682394e-08,1.6262623521065586e-08,0.0,0.0,0.0,0.0,0.0,0.0,0.0
