skin_mus,fat_mus,muscle_mus,ijv_mus,cca_mus,skin_mua,fat_mua,muscle_mua,ijv_mua,cca_mua,muscle10%_mua,muscle5%_mua,muscle3%_mua,muscle1%_mua,bloodConc,used_SO2,muscle_SO2,SDS_0,SDS_1,SDS_2,SDS_3,SDS_4,SDS_5,SDS_6,SDS_7,SDS_8,SDS_9,SDS_10,SDS_11,SDS_12,SDS_13,SDS_14,SDS_15,SDS_16,SDS_17,SDS_18,SDS_19,SDS_20
18.82528355453163,17.308484217062514,6.088796349918977,42.56746281028416,42.56746281028416,0.0782387218045112,0.0501010338345864,0.012697194389808,0.5887375024133494,0.5678423599814123,0.012697194389808,0.012697194389808,0.012697194389808,0.012697194389808,174.0,0.7,0.7,5.079472938439365e-07,3.737150745551301e-07,2.918091412273085e-07,2.258912360932937e-07,0.0,0.0,0.0,0.0,0.0,0.0,0.0,2.0906868957335163e-08,1.0602767320728952e-08,1.3848050402662265e-08,0.0,0.0,0.0,0.0,0.0,0.0,0.0
18.82528355453163,17.308484217062514,6.088796349918977,42.56746281028416,42.56746281028416,0.0782387218045112,0.0501010338345864,0.012697194389808,0.5295919330571619,0.5678423599814123,0.012697194389808,0.0126630230542359,0.0126630230542359,0.0126630230542359,174.0,0.44,0.65,5.082040716864053e-07,3.739444471816028e-07,2.92021888386082e-07,2.2609397663921286e-07,0.0,0.0,0.0,0.0,0.0,0.0,0.0,2.096664222751296e-08,1.0632839198485317e-08,1.3893556433493596e-08,0.0,0.0,0.0,0.0,0.0,0.0,0.0
18.82528355453163,17.308484217062514,6.088796349918977,42.56746281028416,42.56746281028416,0.0782387218045112,0.0501010338345864,0.012697194389808,0.5887375024133494,0.5678423599814123,0.012697194389808,0.012697194389808,0.012697194389808,0.012697194389808,174.0,0.7,0.7,5.079472938439365e-07,3.737150745551301e-07,2.918091412273085e-07,2.258912360932937e-07,0.0,0.0,0.0,0.0,0.0,0.0,0.0,2.0906868957335163e-08,1.0602767320728952e-08,1.3848050402662265e-08,0.0,0.0,0.0,0.0,0.0,0.0,0.0
18.82528355453163,17.308484217062514,6.088796349918977,42.56746281028416,42.56746281028416,0.0782387218045112,0.0501010338345864,0.012697194389808,0.5295919330571619,0.5678423599814123,0.012697194389808,0.0126630230542359,0.0126630230542359,0.0126630230542359,174.0,0.44,0.65,5.082040716864053e-07,3.739444471816028e-07,2.92021888386082e-07,2.2609397663921286e-07,0.0,0.0,0.0,0.0,0.0,0.0,0.0,2.096664222751296e-08,1.0632839198485317e-08,1.3893556433493596e-08,0.0,0.0,0.0,0.0,0.0,0.0,0.0
