skin_mus,fat_mus,muscle_mus,ijv_mus,cca_mus,skin_mua,fat_mua,muscle_mua,ijv_mua,cca_mua,muscle10%_mua,muscle5%_mua,muscle3%_mua,muscle1%_mua,bloodConc,used_SO2,muscle_SO2,SDS_0,SDS_1,SDS_2,SDS_3,SDS_4,SDS_5,SDS_6,SDS_7,SDS_8,SDS_9,SDS_10,SDS_11,SDS_12,SDS_13,SDS_14,SDS_15,SDS_16,SDS_17,SDS_18,SDS_19,SDS_20
18.82528355453163,17.308484217062514,6.088796349918977,42.56746281028416,42.56746281028416,0.107203242481203,0.0655139215225563,0.012697194389808,0.5887375024133494,0.5921532772952164,0.012697194389808,0.012697194389808,0.012697194389808,0.012697194389808,174.0,0.7,0.7,3.430289187959247e-07,2.5157527728528165e-07,1.957419760573313e-07,1.509890634192713e-07,0.0,0.0,0.0,0.0,0.0,0.0,0.0,1.3588305882962944e-08,6.8659722826148054e-09,8.95945036013476e-09,0.0,0.0,0.0,0.0,0.0,0.0,0.0
18.82528355453163,17.308484217062514,6.088796349918977,42.56746281028416,42.56746281028416,0.107203242481203,0.0655139215225563,0.012697194389808,0.5227674442852941,0.5921532772952164,0.012697194389808,0.0126630230542359,0.0126630230542359,0.0126630230542359,174.0,0.41,0.65,3.432263159191124e-07,2.517513564425011e-07,1.9590456262117657e-07,1.5114459527428158e-07,0.0,0.0,0.0,0.0,0.0,0.0,0.0,1.3633311433352168e-08,6.888335198711201e-09,8.993651834203471e-09,0.0,0.0,0.0,0.0,0.0,0.0,0.0
18.82528355453163,17.308484217062514,6.088796349918977,42.56746281028416,42.56746281028416,0.107203242481203,0.0655139215225563,0.012697194389808,0.5887375024133494,0.5921532772952164,0.012697194389808,0.012697194389808,0.012697194389808,0.012697194389808,174.0,0.7,0.7,3.430289187959247e-07,2.5157527728528165e-07,1.957419760573313e-07,1.509890634192713e-07,0.0,0.0,0.0,0.0,0.0,0.0,0.0,1.3588305882962944e-08,6.8659722826148054e-09,8.95945036013476e-09,0.0,0.0,0.0,0.0,0.0,0.0,0.0
18.82528355453163,17.308484217062514,6.088796349918977,42.56746281028416,42.56746281028416,0.107203242481203,0.0655139215225563,0.012697194389808,0.5227674442852941,0.5921532772952164,0.012697194389808,0.0126630230542359,0.0126630230542359,0.0126630230542359,174.0,0.41,0.65,3.432263159191124e-07,2.517513564425011e-07,1.9590456262117657e-07,1.5114459527428158e-07,0.0,0.0,0.0,0.0,0.0,0.0,0.0,1.3633311433352168e-08,6.888335198711201e-09,8.993651834203471e-09,0.0,0.0,0.0,0.0,0.0,0.0,0.0
