skin_mus,fat_mus,muscle_mus,ijv_mus,cca_mus,skin_mua,fat_mua,muscle_mua,ijv_mua,cca_mua,muscle10%_mua,muscle5%_mua,muscle3%_mua,muscle1%_mua,bloodConc,used_SO2,muscle_SO2,SDS_0,SDS_1,SDS_2,SDS_3,SDS_4,SDS_5,SDS_6,SDS_7,SDS_8,SDS_9,SDS_10,SDS_11,SDS_12,SDS_13,SDS_14,SDS_15,SDS_16,SDS_17,SDS_18,SDS_19,SDS_20
16.66788177830134,15.060099216393953,5.503131511209041,36.11739334393231,36.11739334393231,0.0685838815789473,0.0449634046052631,0.0124027115579382,0.4906145853444579,0.5597387208768109,0.0124027115579382,0.0124027115579382,0.0124027115579382,0.0124027115579382,145.0,0.7,0.7,5.866212558908142e-07,4.326180605830301e-07,3.387327684612861e-07,2.6289401512337416e-07,0.0,0.0,0.0,0.0,0.0,0.0,0.0,2.4890376871597056e-08,1.2648738063512748e-08,1.6555728471541192e-08,0.0,0.0,0.0,0.0,0.0,0.0,0.0
16.66788177830134,15.060099216393953,5.503131511209041,36.11739334393231,36.11739334393231,0.0685838815789473,0.0449634046052631,0.0124027115579382,0.4508050675085624,0.5597387208768109,0.0124027115579382,0.0124027115579382,0.0124027115579382,0.0124311876709149,145.0,0.49,0.75,5.868956636147775e-07,4.328633832906713e-07,3.389608615338537e-07,2.631107220673289e-07,0.0,0.0,0.0,0.0,0.0,0.0,0.0,2.495666637423938e-08,1.2682433497151814e-08,1.6605885222776537e-08,0.0,0.0,0.0,0.0,0.0,0.0,0.0
16.66788177830134,15.060099216393953,5.503131511209041,36.11739334393231,36.11739334393231,0.0685838815789473,0.0449634046052631,0.0124027115579382,0.4906145853444579,0.5597387208768109,0.0124027115579382,0.0124027115579382,0.0124027115579382,0.0124027115579382,145.0,0.7,0.7,5.866212558908142e-07,4.326180605830301e-07,3.387327684612861e-07,2.6289401512337416e-07,0.0,0.0,0.0,0.0,0.0,0.0,0.0,2.4890376871597056e-08,1.2648738063512748e-08,1.6555728471541192e-08,0.0,0.0,0.0,0.0,0.0,0.0,0.0
16.66788177830134,15.060099216393953,5.503131511209041,36.11739334393231,36.11739334393231,0.0685838815789473,0.0449634046052631,0.0124027115579382,0.4508050675085624,0.5597387208768109,0.0124027115579382,0.0124027115579382,0.0124027115579382,0.0124311876709149,145.0,0.49,0.75,5.868956636147775e-07,4.328633832906713e-07,3.389608615338537e-07,2.631107220673289e-07,0.0,0.0,0.0,0.0,0.0,0.0,0.0,2.495666637423938e-08,1.2682433497151814e-08,1.6605885222776537e-08,0.0,0.0,0.0,0.0,0.0,0.0,0.0
