skin_mus,fat_mus,muscle_mus,ijv_mus,cca_mus,skin_mua,fat_mua,muscle_mua,ijv_mua,cca_mua,muscle10%_mua,muscle5%_mua,muscle3%_mua,muscle1%_mua,bloodConc,used_SO2,muscle_SO2,SDS_0,SDS_1,SDS_2,SDS_3,SDS_4,SDS_5,SDS_6,SDS_7,SDS_8,SDS_9,SDS_10,SDS_11,SDS_12,SDS_13,SDS_14,SDS_15,SDS_16,SDS_17,SDS_18,SDS_19,SDS_20
16.66788177830134,15.060099216393953,5.503131511209041,36.11739334393231,36.11739334393231,0.107203242481203,0.0655139215225563,0.0124433298795754,0.504148780802236,0.5921532772952164,0.0124433298795754,0.0124433298795754,0.0124433298795754,0.0124433298795754,149.0,0.7,0.7,3.4516741115910285e-07,2.5336854921709325e-07,1.9734946325187828e-07,1.523834956475222e-07,0.0,0.0,0.0,0.0,0.0,0.0,0.0,1.3854921307406897e-08,7.003992820351811e-09,9.152709120952302e-09,0.0,0.0,0.0,0.0,0.0,0.0,0.0
16.66788177830134,15.060099216393953,5.503131511209041,36.11739334393231,36.11739334393231,0.107203242481203,0.0655139215225563,0.0124433298795754,0.4749289869226871,0.5921532772952164,0.0124433298795754,0.0124433298795754,0.0124433298795754,0.0124491822117596,149.0,0.55,0.71,3.45278741677707e-07,2.534678590194186e-07,1.9744111949070973e-07,1.5247110050942209e-07,0.0,0.0,0.0,0.0,0.0,0.0,0.0,1.3880887859873953e-08,7.016951504628634e-09,9.172282945966053e-09,0.0,0.0,0.0,0.0,0.0,0.0,0.0
16.66788177830134,15.060099216393953,5.503131511209041,36.11739334393231,36.11739334393231,0.107203242481203,0.0655139215225563,0.0124433298795754,0.504148780802236,0.5921532772952164,0.0124433298795754,0.0124433298795754,0.0124433298795754,0.0124433298795754,149.0,0.7,0.7,3.4516741115910285e-07,2.5336854921709325e-07,1.9734946325187828e-07,1.523834956475222e-07,0.0,0.0,0.0,0.0,0.0,0.0,0.0,1.3854921307406897e-08,7.003992820351811e-09,9.152709120952302e-09,0.0,0.0,0.0,0.0,0.0,0.0,0.0
16.66788177830134,15.060099216393953,5.503131511209041,36.11739334393231,36.11739334393231,0.107203242481203,0.0655139215225563,0.0124433298795754,0.4749289869226871,0.5921532772952164,0.0124433298795754,0.0124433298795754,0.0124433298795754,0.0124491822117596,149.0,0.55,0.71,3.45278741677707e-07,2.534678590194186e-07,1.9744111949070973e-07,1.5247110050942209e-07,0.0,0.0,0.0,0.0,0.0,0.0,0.0,1.3880887859873953e-08,7.016951504628634e-09,9.172282945966053e-09,0.0,0.0,0.0,0.0,0.0,0.0,0.0
