skin_mus,fat_mus,muscle_mus,ijv_mus,cca_mus,skin_mua,fat_mua,muscle_mua,ijv_mua,cca_mua,muscle10%_mua,muscle5%_mua,muscle3%_mua,muscle1%_mua,bloodConc,used_SO2,muscle_SO2,SDS_0,SDS_1,SDS_2,SDS_3,SDS_4,SDS_5,SDS_6,SDS_7,SDS_8,SDS_9,SDS_10,SDS_11,SDS_12,SDS_13,SDS_14,SDS_15,SDS_16,SDS_17,SDS_18,SDS_19,SDS_20
16.66788177830134,15.060099216393953,5.503131511209041,36.11739334393231,36.11739334393231,0.107203242481203,0.0655139215225563,0.0125956485857149,0.5549020137689041,0.5921532772952164,0.0125956485857149,0.0125956485857149,0.0125956485857149,0.0125956485857149,164.0,0.7,0.7,3.438717932909801e-07,2.5228149245712186e-07,1.963746845653503e-07,1.5153714091623892e-07,0.0,0.0,0.0,0.0,0.0,0.0,0.0,1.3691952255421735e-08,6.9196460817307275e-09,9.034526184741951e-09,0.0,0.0,0.0,0.0,0.0,0.0,0.0
16.66788177830134,15.060099216393953,5.503131511209041,36.11739334393231,36.11739334393231,0.107203242481203,0.0655139215225563,0.0125956485857149,0.4948674305497146,0.5921532772952164,0.0125956485857149,0.0125956485857149,0.0125956485857149,0.0125827655994303,164.0,0.42,0.68,3.44070816089298e-07,2.524590206817849e-07,1.96538509382048e-07,1.516938182721105e-07,0.0,0.0,0.0,0.0,0.0,0.0,0.0,1.3737812328506957e-08,6.942466205619407e-09,9.069224126505408e-09,0.0,0.0,0.0,0.0,0.0,0.0,0.0
16.66788177830134,15.060099216393953,5.503131511209041,36.11739334393231,36.11739334393231,0.107203242481203,0.0655139215225563,0.0125956485857149,0.5549020137689041,0.5921532772952164,0.0125956485857149,0.0125956485857149,0.0125956485857149,0.0125956485857149,164.0,0.7,0.7,3.438717932909801e-07,2.5228149245712186e-07,1.963746845653503e-07,1.5153714091623892e-07,0.0,0.0,0.0,0.0,0.0,0.0,0.0,1.3691952255421735e-08,6.9196460817307275e-09,9.034526184741951e-09,0.0,0.0,0.0,0.0,0.0,0.0,0.0
16.66788177830134,15.060099216393953,5.503131511209041,36.11739334393231,36.11739334393231,0.107203242481203,0.0655139215225563,0.0125956485857149,0.4948674305497146,0.5921532772952164,0.0125956485857149,0.0125956485857149,0.0125956485857149,0.0125827655994303,164.0,0.42,0.68,3.44070816089298e-07,2.524590206817849e-07,1.96538509382048e-07,1.516938182721105e-07,0.0,0.0,0.0,0.0,0.0,0.0,0.0,1.3737812328506957e-08,6.942466205619407e-09,9.069224126505408e-09,0.0,0.0,0.0,0.0,0.0,0.0,0.0
