skin_mus,fat_mus,muscle_mus,ijv_mus,cca_mus,skin_mua,fat_mua,muscle_mua,ijv_mua,cca_mua,muscle10%_mua,muscle5%_mua,muscle3%_mua,muscle1%_mua,bloodConc,used_SO2,muscle_SO2,SDS_0,SDS_1,SDS_2,SDS_3,SDS_4,SDS_5,SDS_6,SDS_7,SDS_8,SDS_9,SDS_10,SDS_11,SDS_12,SDS_13,SDS_14,SDS_15,SDS_16,SDS_17,SDS_18,SDS_19,SDS_20
16.66788177830134,15.060099216393953,5.503131511209041,36.11739334393231,36.11739334393231,0.0685838815789473,0.0449634046052631,0.0125042573620312,0.5244500739889033,0.5597387208768109,0.0125042573620312,0.0125042573620312,0.0125042573620312,0.0125042573620312,155.0,0.7,0.7,5.851383050997904e-07,4.313674230643374e-07,3.376051917461815e-07,2.619095406205866e-07,0.0,0.0,0.0,0.0,0.0,0.0,0.0,2.4691466496810683e-08,1.2544897198777862e-08,1.6410469107183675e-08,0.0,0.0,0.0,0.0,0.0,0.0,0.0
16.66788177830134,15.060099216393953,5.503131511209041,36.11739334393231,36.11739334393231,0.0685838815789473,0.0449634046052631,0.0125042573620312,0.564978647155168,0.5597387208768109,0.0125042573620312,0.0125042573620312,0.0125042573620312,0.0125042573620312,155.0,0.9,0.7,5.84927322152461e-07,4.311788342056222e-07,3.3743000792318094e-07,2.617427851961721e-07,0.0,0.0,0.0,0.0,0.0,0.0,0.0,2.464157064566573e-08,1.2519661344876552e-08,1.6372490377531644e-08,0.0,0.0,0.0,0.0,0.0,0.0,0.0
16.66788177830134,15.060099216393953,5.503131511209041,36.11739334393231,36.11739334393231,0.0685838815789473,0.0449634046052631,0.0125042573620312,0.5244500739889033,0.5597387208768109,0.0125042573620312,0.0125042573620312,0.0125042573620312,0.0125042573620312,155.0,0.7,0.7,5.851383050997904e-07,4.313674230643374e-07,3.376051917461815e-07,2.619095406205866e-07,0.0,0.0,0.0,0.0,0.0,0.0,0.0,2.4691466496810683e-08,1.2544897198777862e-08,1.6410469107183675e-08,0.0,0.0,0.0,0.0,0.0,0.0,0.0
16.66788177830134,15.060099216393953,5.503131511209041,36.11739334393231,36.11739334393231,0.0685838815789473,0.0449634046052631,0.0125042573620312,0.564978647155168,0.5597387208768109,0.0125042573620312,0.0125042573620312,0.0125042573620312,0.0125042573620312,155.0,0.9,0.7,5.84927322152461e-07,4.311788342056222e-07,3.3743000792318094e-07,2.617427851961721e-07,0.0,0.0,0.0,0.0,0.0,0.0,0.0,2.464157064566573e-08,1.2519661344876552e-08,1.6372490377531644e-08,0.0,0.0,0.0,0.0,0.0,0.0,0.0
