skin_mus,fat_mus,muscle_mus,ijv_mus,cca_mus,skin_mua,fat_mua,muscle_mua,ijv_mua,cca_mua,muscle10%_mua,muscle5%_mua,muscle3%_mua,muscle1%_mua,bloodConc,used_SO2,muscle_SO2,SDS_0,SDS_1,SDS_2,SDS_3,SDS_4,SDS_5,SDS_6,SDS_7,SDS_8,SDS_9,SDS_10,SDS_11,SDS_12,SDS_13,SDS_14,SDS_15,SDS_16,SDS_17,SDS_18,SDS_19,SDS_20
16.66788177830134,15.060099216393953,5.503131511209041,36.11739334393231,36.11739334393231,0.1168580827067669,0.0706515507518797,0.0124230207187568,0.497381683073347,0.6002569163998178,0.0124230207187568,0.0124230207187568,0.0124230207187568,0.0124230207187568,147.0,0.7,0.7,3.046098382201655e-07,2.2342797483232466e-07,1.7388461745338305e-07,1.3414399546411894e-07,0.0,0.0,0.0,0.0,0.0,0.0,0.0,1.2107923404802312e-08,6.114554739089265e-09,7.990686723003985e-09,0.0,0.0,0.0,0.0,0.0,0.0,0.0
16.66788177830134,15.060099216393953,5.503131511209041,36.11739334393231,36.11739334393231,0.1168580827067669,0.0706515507518797,0.0124230207187568,0.4743196175684144,0.6002569163998178,0.0124230207187568,0.0124230207187568,0.0124230207187568,0.0124345682735363,147.0,0.58,0.72,3.046887915812796e-07,2.2349838468353002e-07,1.7394948765744525e-07,1.34206091399163e-07,0.0,0.0,0.0,0.0,0.0,0.0,0.0,1.2126251262704644e-08,6.123670685799135e-09,8.004491438322131e-09,0.0,0.0,0.0,0.0,0.0,0.0,0.0
16.66788177830134,15.060099216393953,5.503131511209041,36.11739334393231,36.11739334393231,0.1168580827067669,0.0706515507518797,0.0124230207187568,0.497381683073347,0.6002569163998178,0.0124230207187568,0.0124230207187568,0.0124230207187568,0.0124230207187568,147.0,0.7,0.7,3.046098382201655e-07,2.2342797483232466e-07,1.7388461745338305e-07,1.3414399546411894e-07,0.0,0.0,0.0,0.0,0.0,0.0,0.0,1.2107923404802312e-08,6.114554739089265e-09,7.990686723003985e-09,0.0,0.0,0.0,0.0,0.0,0.0,0.0
16.66788177830134,15.060099216393953,5.503131511209041,36.11739334393231,36.11739334393231,0.1168580827067669,0.0706515507518797,0.0124230207187568,0.4743196175684144,0.6002569163998178,0.0124230207187568,0.0124230207187568,0.0124230207187568,0.0124345682735363,147.0,0.58,0.72,3.046887915812796e-07,2.2349838468353002e-07,1.7394948765744525e-07,1.34206091399163e-07,0.0,0.0,0.0,0.0,0.0,0.0,0.0,1.2126251262704644e-08,6.123670685799135e-09,8.004491438322131e-09,0.0,0.0,0.0,0.0,0.0,0.0,0.0
