skin_mus,fat_mus,muscle_mus,ijv_mus,cca_mus,skin_mua,fat_mua,muscle_mua,ijv_mua,cca_mua,muscle10%_mua,muscle5%_mua,muscle3%_mua,muscle1%_mua,bloodConc,used_SO2,muscle_SO2,SDS_0,SDS_1,SDS_2,SDS_3,SDS_4,SDS_5,SDS_6,SDS_7,SDS_8,SDS_9,SDS_10,SDS_11,SDS_12,SDS_13,SDS_14,SDS_15,SDS_16,SDS_17,SDS_18,SDS_19,SDS_20
16.66788177830134,15.060099216393953,5.503131511209041,36.11739334393231,36.11739334393231,0.0782387218045112,0.0501010338345864,0.0124027115579382,0.4906145853444579,0.5678423599814123,0.0124027115579382,0.0124027115579382,0.0124027115579382,0.0124027115579382,145.0,0.7,0.7,5.116264073888538e-07,3.768109256073749e-07,2.9459447159214497e-07,2.2831617500807934e-07,0.0,0.0,0.0,0.0,0.0,0.0,0.0,2.1385246147308233e-08,1.0851963870138166e-08,1.4196337317214572e-08,0.0,0.0,0.0,0.0,0.0,0.0,0.0
16.66788177830134,15.060099216393953,5.503131511209041,36.11739334393231,36.11739334393231,0.0782387218045112,0.0501010338345864,0.0124027115579382,0.479240437391345,0.5678423599814123,0.0124027115579382,0.0124027115579382,0.0124027115579382,0.0123742354449615,145.0,0.64,0.65,5.116914723509896e-07,3.768690507428414e-07,2.946484062531671e-07,2.283675049460579e-07,0.0,0.0,0.0,0.0,0.0,0.0,0.0,2.14007692773333e-08,1.0859811064045066e-08,1.4208075423571334e-08,0.0,0.0,0.0,0.0,0.0,0.0,0.0
16.66788177830134,15.060099216393953,5.503131511209041,36.11739334393231,36.11739334393231,0.0782387218045112,0.0501010338345864,0.0124027115579382,0.4906145853444579,0.5678423599814123,0.0124027115579382,0.0124027115579382,0.0124027115579382,0.0124027115579382,145.0,0.7,0.7,5.116264073888538e-07,3.768109256073749e-07,2.9459447159214497e-07,2.2831617500807934e-07,0.0,0.0,0.0,0.0,0.0,0.0,0.0,2.1385246147308233e-08,1.0851963870138166e-08,1.4196337317214572e-08,0.0,0.0,0.0,0.0,0.0,0.0,0.0
16.66788177830134,15.060099216393953,5.503131511209041,36.11739334393231,36.11739334393231,0.0782387218045112,0.0501010338345864,0.0124027115579382,0.479240437391345,0.5678423599814123,0.0124027115579382,0.0124027115579382,0.0124027115579382,0.0123742354449615,145.0,0.64,0.65,5.116914723509896e-07,3.768690507428414e-07,2.946484062531671e-07,2.283675049460579e-07,0.0,0.0,0.0,0.0,0.0,0.0,0.0,2.14007692773333e-08,1.0859811064045066e-08,1.4208075423571334e-08,0.0,0.0,0.0,0.0,0.0,0.0,0.0
