skin_mus,fat_mus,muscle_mus,ijv_mus,cca_mus,skin_mua,fat_mua,muscle_mua,ijv_mua,cca_mua,muscle10%_mua,muscle5%_mua,muscle3%_mua,muscle1%_mua,bloodConc,used_SO2,muscle_SO2,SDS_0,SDS_1,SDS_2,SDS_3,SDS_4,SDS_5,SDS_6,SDS_7,SDS_8,SDS_9,SDS_10,SDS_11,SDS_12,SDS_13,SDS_14,SDS_15,SDS_16,SDS_17,SDS_18,SDS_19,SDS_20
14.386642654671306,12.77984986669567,4.913393034069127,29.63001873911672,29.63001873911672,0.1747871240601504,0.1014773261278195,0.0124839482012126,0.5176829762600142,0.6488787510274261,0.0124839482012126,0.0124839482012126,0.0124839482012126,0.0124839482012126,153.0,0.7,0.7,1.5002398110030588e-07,1.0966891451233137e-07,8.502841852370453e-08,6.52832601113266e-08,0.0,0.0,0.0,0.0,0.0,0.0,0.0,5.64490012484829e-09,2.8365690854806612e-09,3.7072307823292087e-09,0.0,0.0,0.0,0.0,0.0,0.0,0.0
14.386642654671306,12.77984986669567,4.913393034069127,29.63001873911672,29.63001873911672,0.1747871240601504,0.1014773261278195,0.0124839482012126,0.5076815703012425,0.6488787510274261,0.0124839482012126,0.0124839482012126,0.0124779387594396,0.0124779387594396,153.0,0.65,0.69,1.500396170565539e-07,1.096828593277439e-07,8.504113761758352e-08,6.529556231800955e-08,0.0,0.0,0.0,0.0,0.0,0.0,0.0,5.648384662875174e-09,2.838268002854545e-09,3.709876437675703e-09,0.0,0.0,0.0,0.0,0.0,0.0,0.0
14.386642654671306,12.77984986669567,4.913393034069127,29.63001873911672,29.63001873911672,0.1747871240601504,0.1014773261278195,0.0124839482012126,0.5176829762600142,0.6488787510274261,0.0124839482012126,0.0124839482012126,0.0124839482012126,0.0124839482012126,153.0,0.7,0.7,1.5002398110030588e-07,1.0966891451233137e-07,8.502841852370453e-08,6.52832601113266e-08,0.0,0.0,0.0,0.0,0.0,0.0,0.0,5.64490012484829e-09,2.8365690854806612e-09,3.7072307823292087e-09,0.0,0.0,0.0,0.0,0.0,0.0,0.0
14.386642654671306,12.77984986669567,4.913393034069127,29.63001873911672,29.63001873911672,0.1747871240601504,0.1014773261278195,0.0124839482012126,0.5076815703012425,0.6488787510274261,0.0124839482012126,0.0124839482012126,0.0124779387594396,0.0124779387594396,153.0,0.65,0.69,1.500396170565539e-07,1.096828593277439e-07,8.504113761758352e-08,6.529556231800955e-08,0.0,0.0,0.0,0.0,0.0,0.0,0.0,5.648384662875174e-09,2.838268002854545e-09,3.709876437675703e-09,0.0,0.0,0.0,0.0,0.0,0.0,0.0
