skin_mus,fat_mus,muscle_mus,ijv_mus,cca_mus,skin_mua,fat_mua,muscle_mua,ijv_mua,cca_mua,muscle10%_mua,muscle5%_mua,muscle3%_mua,muscle1%_mua,bloodConc,used_SO2,muscle_SO2,SDS_0,SDS_1,SDS_2,SDS_3,SDS_4,SDS_5,SDS_6,SDS_7,SDS_8,SDS_9,SDS_10,SDS_11,SDS_12,SDS_13,SDS_14,SDS_15,SDS_16,SDS_17,SDS_18,SDS_19,SDS_20
14.386642654671306,12.77984986669567,4.913393034069127,29.63001873911672,29.63001873911672,0.1747871240601504,0.1014773261278195,0.012463639040394,0.5109158785311252,0.6488787510274261,0.012463639040394,0.012463639040394,0.012463639040394,0.012463639040394,151.0,0.7,0.7,1.5010087694670326e-07,1.0973309498366797e-07,8.508562077935963e-08,6.533271432136942e-08,0.0,0.0,0.0,0.0,0.0,0.0,0.0,5.654017067283532e-09,2.841234144898757e-09,3.7138248428602627e-09,0.0,0.0,0.0,0.0,0.0,0.0,0.0
14.386642654671306,12.77984986669567,4.913393034069127,29.63001873911672,29.63001873911672,0.1747871240601504,0.1014773261278195,0.012463639040394,0.5444761518594483,0.6488787510274261,0.012463639040394,0.012463639040394,0.0124695699273726,0.0124695699273726,151.0,0.87,0.71,1.5005126901674218e-07,1.0968884865808977e-07,8.50452456090226e-08,6.529365701063488e-08,0.0,0.0,0.0,0.0,0.0,0.0,0.0,5.643003261705862e-09,2.835869057881466e-09,3.705439638495903e-09,0.0,0.0,0.0,0.0,0.0,0.0,0.0
14.386642654671306,12.77984986669567,4.913393034069127,29.63001873911672,29.63001873911672,0.1747871240601504,0.1014773261278195,0.012463639040394,0.5109158785311252,0.6488787510274261,0.012463639040394,0.012463639040394,0.012463639040394,0.012463639040394,151.0,0.7,0.7,1.5010087694670326e-07,1.0973309498366797e-07,8.508562077935963e-08,6.533271432136942e-08,0.0,0.0,0.0,0.0,0.0,0.0,0.0,5.654017067283532e-09,2.841234144898757e-09,3.7138248428602627e-09,0.0,0.0,0.0,0.0,0.0,0.0,0.0
14.386642654671306,12.77984986669567,4.913393034069127,29.63001873911672,29.63001873911672,0.1747871240601504,0.1014773261278195,0.012463639040394,0.5444761518594483,0.6488787510274261,0.012463639040394,0.012463639040394,0.0124695699273726,0.0124695699273726,151.0,0.87,0.71,1.5005126901674218e-07,1.0968884865808977e-07,8.50452456090226e-08,6.529365701063488e-08,0.0,0.0,0.0,0.0,0.0,0.0,0.0,5.643003261705862e-09,2.835869057881466e-09,3.705439638495903e-09,0.0,0.0,0.0,0.0,0.0,0.0,0.0
