skin_mus,fat_mus,muscle_mus,ijv_mus,cca_mus,skin_mua,fat_mua,muscle_mua,ijv_mua,cca_mua,muscle10%_mua,muscle5%_mua,muscle3%_mua,muscle1%_mua,bloodConc,used_SO2,muscle_SO2,SDS_0,SDS_1,SDS_2,SDS_3,SDS_4,SDS_5,SDS_6,SDS_7,SDS_8,SDS_9,SDS_10,SDS_11,SDS_12,SDS_13,SDS_14,SDS_15,SDS_16,SDS_17,SDS_18,SDS_19,SDS_20
14.386642654671306,12.77984986669567,4.913393034069127,29.63001873911672,29.63001873911672,0.1265129229323308,0.075789179981203,0.0125550302640777,0.5413678183111259,0.6083605555044191,0.0125550302640777,0.0125550302640777,0.0125550302640777,0.0125550302640777,160.0,0.7,0.7,2.684459604373183e-07,1.9666541505413426e-07,1.528462151544239e-07,1.1774290021940886e-07,0.0,0.0,0.0,0.0,0.0,0.0,0.0,1.0488312461047783e-08,5.290215583551983e-09,6.907756364434468e-09,0.0,0.0,0.0,0.0,0.0,0.0,0.0
14.386642654671306,12.77984986669567,4.913393034069127,29.63001873911672,29.63001873911672,0.1265129229323308,0.075789179981203,0.0125550302640777,0.574836575506493,0.6083605555044191,0.0125550302640777,0.0125550302640777,0.0125424614969708,0.0125424614969708,160.0,0.86,0.68,2.6836862413229013e-07,1.9659644855318364e-07,1.5278274066784597e-07,1.1768197501371574e-07,0.0,0.0,0.0,0.0,0.0,0.0,0.0,1.047085311838766e-08,5.2816059002006275e-09,6.894476235589813e-09,0.0,0.0,0.0,0.0,0.0,0.0,0.0
14.386642654671306,12.77984986669567,4.913393034069127,29.63001873911672,29.63001873911672,0.1265129229323308,0.075789179981203,0.0125550302640777,0.5413678183111259,0.6083605555044191,0.0125550302640777,0.0125550302640777,0.0125550302640777,0.0125550302640777,160.0,0.7,0.7,2.684459604373183e-07,1.9666541505413426e-07,1.528462151544239e-07,1.1774290021940886e-07,0.0,0.0,0.0,0.0,0.0,0.0,0.0,1.0488312461047783e-08,5.290215583551983e-09,6.907756364434468e-09,0.0,0.0,0.0,0.0,0.0,0.0,0.0
14.386642654671306,12.77984986669567,4.913393034069127,29.63001873911672,29.63001873911672,0.1265129229323308,0.075789179981203,0.0125550302640777,0.574836575506493,0.6083605555044191,0.0125550302640777,0.0125550302640777,0.0125424614969708,0.0125424614969708,160.0,0.86,0.68,2.6836862413229013e-07,1.9659644855318364e-07,1.5278274066784597e-07,1.1768197501371574e-07,0.0,0.0,0.0,0.0,0.0,0.0,0.0,1.047085311838766e-08,5.2816059002006275e-09,6.894476235589813e-09,0.0,0.0,0.0,0.0,0.0,0.0,0.0
