skin_mus,fat_mus,muscle_mus,ijv_mus,cca_mus,skin_mua,fat_mua,muscle_mua,ijv_mua,cca_mua,muscle10%_mua,muscle5%_mua,muscle3%_mua,muscle1%_mua,bloodConc,used_SO2,muscle_SO2,SDS_0,SDS_1,SDS_2,SDS_3,SDS_4,SDS_5,SDS_6,SDS_7,SDS_8,SDS_9,SDS_10,SDS_11,SDS_12,SDS_13,SDS_14,SDS_15,SDS_16,SDS_17,SDS_18,SDS_19,SDS_20
14.386642654671306,12.77984986669567,4.913393034069127,29.63001873911672,29.63001873911672,0.1844419642857143,0.1066149553571428,0.0125144119424405,0.5278336228533478,0.6569823901320275,0.0125144119424405,0.0125144119424405,0.0125144119424405,0.0125144119424405,156.0,0.7,0.7,1.34148387335541e-07,9.80248630124218e-08,7.596496157757784e-08,5.828333781085199e-08,0.0,0.0,0.0,0.0,0.0,0.0,0.0,5.005080084246203e-09,2.51343054797672e-09,3.2847884089096357e-09,0.0,0.0,0.0,0.0,0.0,0.0,0.0
14.386642654671306,12.77984986669567,4.913393034069127,29.63001873911672,29.63001873911672,0.1844419642857143,0.1066149553571428,0.0125144119424405,0.5339521300281259,0.6569823901320275,0.0125144119424405,0.0125144119424405,0.0125021573945112,0.0125021573945112,156.0,0.73,0.68,1.341405461535824e-07,9.801786507673949e-08,7.595859102329903e-08,5.8277163652216754e-08,0.0,0.0,0.0,0.0,0.0,0.0,0.0,5.0033481412082475e-09,2.512589471760892e-09,3.2834684545539283e-09,0.0,0.0,0.0,0.0,0.0,0.0,0.0
14.386642654671306,12.77984986669567,4.913393034069127,29.63001873911672,29.63001873911672,0.1844419642857143,0.1066149553571428,0.0125144119424405,0.5278336228533478,0.6569823901320275,0.0125144119424405,0.0125144119424405,0.0125144119424405,0.0125144119424405,156.0,0.7,0.7,1.34148387335541e-07,9.80248630124218e-08,7.596496157757784e-08,5.828333781085199e-08,0.0,0.0,0.0,0.0,0.0,0.0,0.0,5.005080084246203e-09,2.51343054797672e-09,3.2847884089096357e-09,0.0,0.0,0.0,0.0,0.0,0.0,0.0
14.386642654671306,12.77984986669567,4.913393034069127,29.63001873911672,29.63001873911672,0.1844419642857143,0.1066149553571428,0.0125144119424405,0.5339521300281259,0.6569823901320275,0.0125144119424405,0.0125144119424405,0.0125021573945112,0.0125021573945112,156.0,0.73,0.68,1.341405461535824e-07,9.801786507673949e-08,7.595859102329903e-08,5.8277163652216754e-08,0.0,0.0,0.0,0.0,0.0,0.0,0.0,5.0033481412082475e-09,2.512589471760892e-09,3.2834684545539283e-09,0.0,0.0,0.0,0.0,0.0,0.0,0.0
