skin_mus,fat_mus,muscle_mus,ijv_mus,cca_mus,skin_mua,fat_mua,muscle_mua,ijv_mua,cca_mua,muscle10%_mua,muscle5%_mua,muscle3%_mua,muscle1%_mua,bloodConc,used_SO2,muscle_SO2,SDS_0,SDS_1,SDS_2,SDS_3,SDS_4,SDS_5,SDS_6,SDS_7,SDS_8,SDS_9,SDS_10,SDS_11,SDS_12,SDS_13,SDS_14,SDS_15,SDS_16,SDS_17,SDS_18,SDS_19,SDS_20
14.386642654671306,12.77984986669567,4.913393034069127,29.63001873911672,29.63001873911672,0.1458226033834586,0.0860644384398496,0.0125550302640777,0.5413678183111259,0.624567833713622,0.0125550302640777,0.0125550302640777,0.0125550302640777,0.0125550302640777,160.0,0.7,0.7,2.1127549632282497e-07,1.5459665003048145e-07,1.1999227805338066e-07,9.228561382026907e-08,0.0,0.0,0.0,0.0,0.0,0.0,0.0,8.105444816766436e-09,4.081235548866269e-09,5.3295589514322215e-09,0.0,0.0,0.0,0.0,0.0,0.0,0.0
14.386642654671306,12.77984986669567,4.913393034069127,29.63001873911672,29.63001873911672,0.1458226033834586,0.0860644384398496,0.0125550302640777,0.5330006290122842,0.624567833713622,0.0125550302640777,0.0125550302640777,0.0125487458805242,0.0125487458805242,160.0,0.66,0.69,2.1129214210436155e-07,1.546114892399882e-07,1.2000588941335974e-07,9.229871566059013e-08,0.0,0.0,0.0,0.0,0.0,0.0,0.0,8.109178569922096e-09,4.083067388978018e-09,5.3323958676473465e-09,0.0,0.0,0.0,0.0,0.0,0.0,0.0
14.386642654671306,12.77984986669567,4.913393034069127,29.63001873911672,29.63001873911672,0.1458226033834586,0.0860644384398496,0.0125550302640777,0.5413678183111259,0.624567833713622,0.0125550302640777,0.0125550302640777,0.0125550302640777,0.0125550302640777,160.0,0.7,0.7,2.1127549632282497e-07,1.5459665003048145e-07,1.1999227805338066e-07,9.228561382026907e-08,0.0,0.0,0.0,0.0,0.0,0.0,0.0,8.105444816766436e-09,4.081235548866269e-09,5.3295589514322215e-09,0.0,0.0,0.0,0.0,0.0,0.0,0.0
14.386642654671306,12.77984986669567,4.913393034069127,29.63001873911672,29.63001873911672,0.1458226033834586,0.0860644384398496,0.0125550302640777,0.5330006290122842,0.624567833713622,0.0125550302640777,0.0125550302640777,0.0125487458805242,0.0125487458805242,160.0,0.66,0.69,2.1129214210436155e-07,1.546114892399882e-07,1.2000588941335974e-07,9.229871566059013e-08,0.0,0.0,0.0,0.0,0.0,0.0,0.0,8.109178569922096e-09,4.083067388978018e-09,5.3323958676473465e-09,0.0,0.0,0.0,0.0,0.0,0.0,0.0
