skin_mus,fat_mus,muscle_mus,ijv_mus,cca_mus,skin_mua,fat_mua,muscle_mua,ijv_mua,cca_mua,muscle10%_mua,muscle5%_mua,muscle3%_mua,muscle1%_mua,bloodConc,used_SO2,muscle_SO2,SDS_0,SDS_1,SDS_2,SDS_3,SDS_4,SDS_5,SDS_6,SDS_7,SDS_8,SDS_9,SDS_10,SDS_11,SDS_12,SDS_13,SDS_14,SDS_15,SDS_16,SDS_17,SDS_18,SDS_19,SDS_20
14.386642654671306,12.77984986669567,4.913393034069127,29.63001873911672,29.63001873911672,0.1458226033834586,0.0860644384398496,0.0124230207187568,0.497381683073347,0.624567833713622,0.0124230207187568,0.0124230207187568,0.0124230207187568,0.0124230207187568,147.0,0.7,0.7,2.1197391349805645e-07,1.551807650570702e-07,1.205141345535068e-07,9.273751329139515e-08,0.0,0.0,0.0,0.0,0.0,0.0,0.0,8.190211996881642e-09,4.124795385606966e-09,5.3908856419291475e-09,0.0,0.0,0.0,0.0,0.0,0.0,0.0
14.386642654671306,12.77984986669567,4.913393034069127,29.63001873911672,29.63001873911672,0.1458226033834586,0.0860644384398496,0.0124230207187568,0.4416483581030933,0.624567833713622,0.0124230207187568,0.0124230207187568,0.0124114731639773,0.0124114731639773,147.0,0.41,0.68,2.1211779192612026e-07,1.553090595584455e-07,1.2063167537219393e-07,9.285056466954917e-08,0.0,0.0,0.0,0.0,0.0,0.0,0.0,8.22324401275398e-09,4.141086639862804e-09,5.415713464080811e-09,0.0,0.0,0.0,0.0,0.0,0.0,0.0
14.386642654671306,12.77984986669567,4.913393034069127,29.63001873911672,29.63001873911672,0.1458226033834586,0.0860644384398496,0.0124230207187568,0.497381683073347,0.624567833713622,0.0124230207187568,0.0124230207187568,0.0124230207187568,0.0124230207187568,147.0,0.7,0.7,2.1197391349805645e-07,1.551807650570702e-07,1.205141345535068e-07,9.273751329139515e-08,0.0,0.0,0.0,0.0,0.0,0.0,0.0,8.190211996881642e-09,4.124795385606966e-09,5.3908856419291475e-09,0.0,0.0,0.0,0.0,0.0,0.0,0.0
14.386642654671306,12.77984986669567,4.913393034069127,29.63001873911672,29.63001873911672,0.1458226033834586,0.0860644384398496,0.0124230207187568,0.4416483581030933,0.624567833713622,0.0124230207187568,0.0124230207187568,0.0124114731639773,0.0124114731639773,147.0,0.41,0.68,2.1211779192612026e-07,1.553090595584455e-07,1.2063167537219393e-07,9.285056466954917e-08,0.0,0.0,0.0,0.0,0.0,0.0,0.0,8.22324401275398e-09,4.141086639862804e-09,5.415713464080811e-09,0.0,0.0,0.0,0.0,0.0,0.0,0.0
