skin_mus,fat_mus,muscle_mus,ijv_mus,cca_mus,skin_mua,fat_mua,muscle_mua,ijv_mua,cca_mua,muscle10%_mua,muscle5%_mua,muscle3%_mua,muscle1%_mua,bloodConc,used_SO2,muscle_SO2,SDS_0,SDS_1,SDS_2,SDS_3,SDS_4,SDS_5,SDS_6,SDS_7,SDS_8,SDS_9,SDS_10,SDS_11,SDS_12,SDS_13,SDS_14,SDS_15,SDS_16,SDS_17,SDS_18,SDS_19,SDS_20
16.66788177830134,15.060099216393953,5.503131511209041,36.11739334393231,36.11739334393231,0.1168580827067669,0.0706515507518797,0.012697194389808,0.5887375024133494,0.6002569163998178,0.012697194389808,0.012697194389808,0.012697194389808,0.012697194389808,174.0,0.7,0.7,3.0256540680596736e-07,2.2171503266731215e-07,1.723506128744331e-07,1.328142856599767e-07,0.0,0.0,0.0,0.0,0.0,0.0,0.0,1.1855408961095349e-08,5.984085836024624e-09,7.807798647379181e-09,0.0,0.0,0.0,0.0,0.0,0.0,0.0
16.66788177830134,15.060099216393953,5.503131511209041,36.11739334393231,36.11739334393231,0.1168580827067669,0.0706515507518797,0.012697194389808,0.5227674442852941,0.6002569163998178,0.012697194389808,0.0126630230542359,0.0126630230542359,0.0126630230542359,174.0,0.41,0.65,3.027401420446692e-07,2.218708524845363e-07,1.7249427941208726e-07,1.3295191376786513e-07,0.0,0.0,0.0,0.0,0.0,0.0,0.0,1.189499201436685e-08,6.003680786950209e-09,7.837886879209599e-09,0.0,0.0,0.0,0.0,0.0,0.0,0.0
16.66788177830134,15.060099216393953,5.503131511209041,36.11739334393231,36.11739334393231,0.1168580827067669,0.0706515507518797,0.012697194389808,0.5887375024133494,0.6002569163998178,0.012697194389808,0.012697194389808,0.012697194389808,0.012697194389808,174.0,0.7,0.7,3.0256540680596736e-07,2.2171503266731215e-07,1.723506128744331e-07,1.328142856599767e-07,0.0,0.0,0.0,0.0,0.0,0.0,0.0,1.1855408961095349e-08,5.984085836024624e-09,7.807798647379181e-09,0.0,0.0,0.0,0.0,0.0,0.0,0.0
16.66788177830134,15.060099216393953,5.503131511209041,36.11739334393231,36.11739334393231,0.1168580827067669,0.0706515507518797,0.012697194389808,0.5227674442852941,0.6002569163998178,0.012697194389808,0.0126630230542359,0.0126630230542359,0.0126630230542359,174.0,0.41,0.65,3.027401420446692e-07,2.218708524845363e-07,1.7249427941208726e-07,1.3295191376786513e-07,0.0,0.0,0.0,0.0,0.0,0.0,0.0,1.189499201436685e-08,6.003680786950209e-09,7.837886879209599e-09,0.0,0.0,0.0,0.0,0.0,0.0,0.0
