skin_mus,fat_mus,muscle_mus,ijv_mus,cca_mus,skin_mua,fat_mua,muscle_mua,ijv_mua,cca_mua,muscle10%_mua,muscle5%_mua,muscle3%_mua,muscle1%_mua,bloodConc,used_SO2,muscle_SO2,SDS_0,SDS_1,SDS_2,SDS_3,SDS_4,SDS_5,SDS_6,SDS_7,SDS_8,SDS_9,SDS_10,SDS_11,SDS_12,SDS_13,SDS_14,SDS_15,SDS_16,SDS_17,SDS_18,SDS_19,SDS_20
16.66788177830134,15.060099216393953,5.503131511209041,36.11739334393231,36.11739334393231,0.0975484022556391,0.060376292293233,0.012697194389808,0.5887375024133494,0.5840496381906151,0.012697194389808,0.012697194389808,0.012697194389808,0.012697194389808,174.0,0.7,0.7,3.899000521033512e-07,2.8621944181691056e-07,2.229293428282788e-07,1.721460392275541e-07,0.0,0.0,0.0,0.0,0.0,0.0,0.0,1.5627846317225042e-08,7.905474701601367e-09,1.0317893383231098e-08,0.0,0.0,0.0,0.0,0.0,0.0,0.0
16.66788177830134,15.060099216393953,5.503131511209041,36.11739334393231,36.11739334393231,0.0975484022556391,0.060376292293233,0.012697194389808,0.5250422738759167,0.5840496381906151,0.012697194389808,0.0126630230542359,0.0126630230542359,0.0126630230542359,174.0,0.42,0.65,3.901151651019248e-07,2.8641139691017615e-07,2.231068552747815e-07,1.7231562104861426e-07,0.0,0.0,0.0,0.0,0.0,0.0,0.0,1.5677209411561834e-08,7.930099315752453e-09,1.0355415911626673e-08,0.0,0.0,0.0,0.0,0.0,0.0,0.0
16.66788177830134,15.060099216393953,5.503131511209041,36.11739334393231,36.11739334393231,0.0975484022556391,0.060376292293233,0.012697194389808,0.5887375024133494,0.5840496381906151,0.012697194389808,0.012697194389808,0.012697194389808,0.012697194389808,174.0,0.7,0.7,3.899000521033512e-07,2.8621944181691056e-07,2.229293428282788e-07,1.721460392275541e-07,0.0,0.0,0.0,0.0,0.0,0.0,0.0,1.5627846317225042e-08,7.905474701601367e-09,1.0317893383231098e-08,0.0,0.0,0.0,0.0,0.0,0.0,0.0
16.66788177830134,15.060099216393953,5.503131511209041,36.11739334393231,36.11739334393231,0.0975484022556391,0.060376292293233,0.012697194389808,0.5250422738759167,0.5840496381906151,0.012697194389808,0.0126630230542359,0.0126630230542359,0.0126630230542359,174.0,0.42,0.65,3.901151651019248e-07,2.8641139691017615e-07,2.231068552747815e-07,1.7231562104861426e-07,0.0,0.0,0.0,0.0,0.0,0.0,0.0,1.5677209411561834e-08,7.930099315752453e-09,1.0355415911626673e-08,0.0,0.0,0.0,0.0,0.0,0.0,0.0
