skin_mus,fat_mus,muscle_mus,ijv_mus,cca_mus,skin_mua,fat_mua,muscle_mua,ijv_mua,cca_mua,muscle10%_mua,muscle5%_mua,muscle3%_mua,muscle1%_mua,bloodConc,used_SO2,muscle_SO2,SDS_0,SDS_1,SDS_2,SDS_3,SDS_4,SDS_5,SDS_6,SDS_7,SDS_8,SDS_9,SDS_10,SDS_11,SDS_12,SDS_13,SDS_14,SDS_15,SDS_16,SDS_17,SDS_18,SDS_19,SDS_20
16.66788177830134,15.060099216393953,5.503131511209041,36.11739334393231,36.11739334393231,0.0685838815789473,0.0449634046052631,0.0126768852289894,0.5819704046844604,0.5597387208768109,0.0126768852289894,0.0126768852289894,0.0126768852289894,0.0126768852289894,172.0,0.7,0.7,5.826868958104546e-07,4.293032167742295e-07,3.357462118528204e-07,2.602902691068613e-07,0.0,0.0,0.0,0.0,0.0,0.0,0.0,2.4370607989908222e-08,1.2377353046898296e-08,1.6176515352776792e-08,0.0,0.0,0.0,0.0,0.0,0.0,0.0
16.66788177830134,15.060099216393953,5.503131511209041,36.11739334393231,36.11739334393231,0.0685838815789473,0.0449634046052631,0.0126768852289894,0.5190073052106763,0.5597387208768109,0.0126768852289894,0.0127106637905894,0.0127106637905894,0.0127106637905894,172.0,0.42,0.75,5.830005947327529e-07,4.295836732253197e-07,3.3600652067587626e-07,2.605381133816807e-07,0.0,0.0,0.0,0.0,0.0,0.0,0.0,2.444457602418848e-08,1.2414692137039581e-08,1.62327629087344e-08,0.0,0.0,0.0,0.0,0.0,0.0,0.0
16.66788177830134,15.060099216393953,5.503131511209041,36.11739334393231,36.11739334393231,0.0685838815789473,0.0449634046052631,0.0126768852289894,0.5819704046844604,0.5597387208768109,0.0126768852289894,0.0126768852289894,0.0126768852289894,0.0126768852289894,172.0,0.7,0.7,5.826868958104546e-07,4.293032167742295e-07,3.357462118528204e-07,2.602902691068613e-07,0.0,0.0,0.0,0.0,0.0,0.0,0.0,2.4370607989908222e-08,1.2377353046898296e-08,1.6176515352776792e-08,0.0,0.0,0.0,0.0,0.0,0.0,0.0
16.66788177830134,15.060099216393953,5.503131511209041,36.11739334393231,36.11739334393231,0.0685838815789473,0.0449634046052631,0.0126768852289894,0.5190073052106763,0.5597387208768109,0.0126768852289894,0.0127106637905894,0.0127106637905894,0.0127106637905894,172.0,0.42,0.75,5.830005947327529e-07,4.295836732253197e-07,3.3600652067587626e-07,2.605381133816807e-07,0.0,0.0,0.0,0.0,0.0,0.0,0.0,2.444457602418848e-08,1.2414692137039581e-08,1.62327629087344e-08,0.0,0.0,0.0,0.0,0.0,0.0,0.0
