skin_mus,fat_mus,muscle_mus,ijv_mus,cca_mus,skin_mua,fat_mua,muscle_mua,ijv_mua,cca_mua,muscle10%_mua,muscle5%_mua,muscle3%_mua,muscle1%_mua,bloodConc,used_SO2,muscle_SO2,SDS_0,SDS_1,SDS_2,SDS_3,SDS_4,SDS_5,SDS_6,SDS_7,SDS_8,SDS_9,SDS_10,SDS_11,SDS_12,SDS_13,SDS_14,SDS_15,SDS_16,SDS_17,SDS_18,SDS_19,SDS_20
16.66788177830134,15.060099216393953,5.503131511209041,36.11739334393231,36.11739334393231,0.0878935620300751,0.0552386630639097,0.012697194389808,0.5887375024133494,0.5759459990860136,0.012697194389808,0.012697194389808,0.012697194389808,0.012697194389808,174.0,0.7,0.7,4.443824396082402e-07,3.2655985417860725e-07,2.546494568884243e-07,1.9687199347363813e-07,0.0,0.0,0.0,0.0,0.0,0.0,0.0,1.8039784615660563e-08,9.136729351094069e-09,1.1928360525152107e-08,0.0,0.0,0.0,0.0,0.0,0.0,0.0
16.66788177830134,15.060099216393953,5.503131511209041,36.11739334393231,36.11739334393231,0.0878935620300751,0.0552386630639097,0.012697194389808,0.5273171034665393,0.5759459990860136,0.012697194389808,0.0126630230542359,0.0126630230542359,0.0126630230542359,174.0,0.43,0.65,4.4461725143265517e-07,3.2676948680251734e-07,2.5484360592482813e-07,1.970572324488033e-07,0.0,0.0,0.0,0.0,0.0,0.0,0.0,1.8094041586883162e-08,9.16390754493568e-09,1.1969627413638462e-08,0.0,0.0,0.0,0.0,0.0,0.0,0.0
16.66788177830134,15.060099216393953,5.503131511209041,36.11739334393231,36.11739334393231,0.0878935620300751,0.0552386630639097,0.012697194389808,0.5887375024133494,0.5759459990860136,0.012697194389808,0.012697194389808,0.012697194389808,0.012697194389808,174.0,0.7,0.7,4.443824396082402e-07,3.2655985417860725e-07,2.546494568884243e-07,1.9687199347363813e-07,0.0,0.0,0.0,0.0,0.0,0.0,0.0,1.8039784615660563e-08,9.136729351094069e-09,1.1928360525152107e-08,0.0,0.0,0.0,0.0,0.0,0.0,0.0
16.66788177830134,15.060099216393953,5.503131511209041,36.11739334393231,36.11739334393231,0.0878935620300751,0.0552386630639097,0.012697194389808,0.5273171034665393,0.5759459990860136,0.012697194389808,0.0126630230542359,0.0126630230542359,0.0126630230542359,174.0,0.43,0.65,4.4461725143265517e-07,3.2676948680251734e-07,2.5484360592482813e-07,1.970572324488033e-07,0.0,0.0,0.0,0.0,0.0,0.0,0.0,1.8094041586883162e-08,9.16390754493568e-09,1.1969627413638462e-08,0.0,0.0,0.0,0.0,0.0,0.0,0.0
