skin_mus,fat_mus,muscle_mus,ijv_mus,cca_mus,skin_mua,fat_mua,muscle_mua,ijv_mua,cca_mua,muscle10%_mua,muscle5%_mua,muscle3%_mua,muscle1%_mua,bloodConc,used_SO2,muscle_SO2,SDS_0,SDS_1,SDS_2,SDS_3,SDS_4,SDS_5,SDS_6,SDS_7,SDS_8,SDS_9,SDS_10,SDS_11,SDS_12,SDS_13,SDS_14,SDS_15,SDS_16,SDS_17,SDS_18,SDS_19,SDS_20
16.66788177830134,15.060099216393953,5.503131511209041,36.11739334393231,36.11739334393231,0.0685838815789473,0.0449634046052631,0.012697194389808,0.5887375024133494,0.5597387208768109,0.012697194389808,0.012697194389808,0.012697194389808,0.012697194389808,174.0,0.7,0.7,5.824035074447172e-07,4.290648158316036e-07,3.355316670504875e-07,2.601036658812838e-07,0.0,0.0,0.0,0.0,0.0,0.0,0.0,2.4334087090332056e-08,1.2358278933520032e-08,1.6149913369248503e-08,0.0,0.0,0.0,0.0,0.0,0.0,0.0
16.66788177830134,15.060099216393953,5.503131511209041,36.11739334393231,36.11739334393231,0.0685838815789473,0.0449634046052631,0.012697194389808,0.5318667626477845,0.5597387208768109,0.012697194389808,0.0126630230542359,0.0126630230542359,0.0126630230542359,174.0,0.45,0.65,5.826848551960146e-07,4.293162998917702e-07,3.357652722515162e-07,2.603260345744411e-07,0.0,0.0,0.0,0.0,0.0,0.0,0.0,2.4400103243051005e-08,1.2391642887407856e-08,1.6200240381777026e-08,0.0,0.0,0.0,0.0,0.0,0.0,0.0
16.66788177830134,15.060099216393953,5.503131511209041,36.11739334393231,36.11739334393231,0.0685838815789473,0.0449634046052631,0.012697194389808,0.5887375024133494,0.5597387208768109,0.012697194389808,0.012697194389808,0.012697194389808,0.012697194389808,174.0,0.7,0.7,5.824035074447172e-07,4.290648158316036e-07,3.355316670504875e-07,2.601036658812838e-07,0.0,0.0,0.0,0.0,0.0,0.0,0.0,2.4334087090332056e-08,1.2358278933520032e-08,1.6149913369248503e-08,0.0,0.0,0.0,0.0,0.0,0.0,0.0
16.66788177830134,15.060099216393953,5.503131511209041,36.11739334393231,36.11739334393231,0.0685838815789473,0.0449634046052631,0.012697194389808,0.5318667626477845,0.5597387208768109,0.012697194389808,0.0126630230542359,0.0126630230542359,0.0126630230542359,174.0,0.45,0.65,5.826848551960146e-07,4.293162998917702e-07,3.357652722515162e-07,2.603260345744411e-07,0.0,0.0,0.0,0.0,0.0,0.0,0.0,2.4400103243051005e-08,1.2391642887407856e-08,1.6200240381777026e-08,0.0,0.0,0.0,0.0,0.0,0.0,0.0
