skin_mus,fat_mus,muscle_mus,ijv_mus,cca_mus,skin_mua,fat_mua,muscle_mua,ijv_mua,cca_mua,muscle10%_mua,muscle5%_mua,muscle3%_mua,muscle1%_mua,bloodConc,used_SO2,muscle_SO2,SDS_0,SDS_1,SDS_2,SDS_3,SDS_4,SDS_5,SDS_6,SDS_7,SDS_8,SDS_9,SDS_10,SDS_11,SDS_12,SDS_13,SDS_14,SDS_15,SDS_16,SDS_17,SDS_18,SDS_19,SDS_20
16.66788177830134,15.060099216393953,5.503131511209041,36.11739334393231,36.11739334393231,0.0589290413533834,0.0398257753759398,0.012697194389808,0.5887375024133494,0.5516350817722095,0.012697194389808,0.012697194389808,0.012697194389808,0.012697194389808,174.0,0.7,0.7,6.699892938013992e-07,4.943219913832133e-07,3.87217954987905e-07,3.006351671362808e-07,0.0,0.0,0.0,0.0,0.0,0.0,0.0,2.8455825724570542e-08,1.4473395755856786e-08,1.8927853525738152e-08,0.0,0.0,0.0,0.0,0.0,0.0,0.0
16.66788177830134,15.060099216393953,5.503131511209041,36.11739334393231,36.11739334393231,0.0589290413533834,0.0398257753759398,0.012697194389808,0.6001116503664624,0.5516350817722095,0.012697194389808,0.012697194389808,0.0127040286569224,0.0127040286569224,174.0,0.75,0.71,6.699322077008886e-07,4.942709006422267e-07,3.871704531008921e-07,3.0058993923051373e-07,0.0,0.0,0.0,0.0,0.0,0.0,0.0,2.8442403378650515e-08,1.4466596425907585e-08,1.8917575079494927e-08,0.0,0.0,0.0,0.0,0.0,0.0,0.0
16.66788177830134,15.060099216393953,5.503131511209041,36.11739334393231,36.11739334393231,0.0589290413533834,0.0398257753759398,0.012697194389808,0.5887375024133494,0.5516350817722095,0.012697194389808,0.012697194389808,0.012697194389808,0.012697194389808,174.0,0.7,0.7,6.699892938013992e-07,4.943219913832133e-07,3.87217954987905e-07,3.006351671362808e-07,0.0,0.0,0.0,0.0,0.0,0.0,0.0,2.8455825724570542e-08,1.4473395755856786e-08,1.8927853525738152e-08,0.0,0.0,0.0,0.0,0.0,0.0,0.0
16.66788177830134,15.060099216393953,5.503131511209041,36.11739334393231,36.11739334393231,0.0589290413533834,0.0398257753759398,0.012697194389808,0.6001116503664624,0.5516350817722095,0.012697194389808,0.012697194389808,0.0127040286569224,0.0127040286569224,174.0,0.75,0.71,6.699322077008886e-07,4.942709006422267e-07,3.871704531008921e-07,3.0058993923051373e-07,0.0,0.0,0.0,0.0,0.0,0.0,0.0,2.8442403378650515e-08,1.4466596425907585e-08,1.8917575079494927e-08,0.0,0.0,0.0,0.0,0.0,0.0,0.0
