skin_mus,fat_mus,muscle_mus,ijv_mus,cca_mus,skin_mua,fat_mua,muscle_mua,ijv_mua,cca_mua,muscle10%_mua,muscle5%_mua,muscle3%_mua,muscle1%_mua,bloodConc,used_SO2,muscle_SO2,SDS_0,SDS_1,SDS_2,SDS_3,SDS_4,SDS_5,SDS_6,SDS_7,SDS_8,SDS_9,SDS_10,SDS_11,SDS_12,SDS_13,SDS_14,SDS_15,SDS_16,SDS_17,SDS_18,SDS_19,SDS_20
18.82528355453163,17.308484217062514,6.088796349918977,42.56746281028416,42.56746281028416,0.1844419642857143,0.1066149553571428,0.012697194389808,0.5887375024133494,0.6569823901320275,0.012697194389808,0.012697194389808,0.012697194389808,0.012697194389808,174.0,0.7,0.7,1.335438558757985e-07,9.752146175131929e-08,7.551692911985456e-08,5.7897402589588335e-08,0.0,0.0,0.0,0.0,0.0,0.0,0.0,4.935818871918916e-09,2.4779956440070076e-09,3.2347293443702504e-09,0.0,0.0,0.0,0.0,0.0,0.0,0.0
18.82528355453163,17.308484217062514,6.088796349918977,42.56746281028416,42.56746281028416,0.1844419642857143,0.1066149553571428,0.012697194389808,0.6205851166820658,0.6569823901320275,0.012697194389808,0.012697194389808,0.012697194389808,0.0126835258555791,174.0,0.84,0.68,1.3351185526455845e-07,9.749287773753177e-08,7.549081537602892e-08,5.787209366121401e-08,0.0,0.0,0.0,0.0,0.0,0.0,0.0,4.9289179964199625e-09,2.4746613512551194e-09,3.229384134626081e-09,0.0,0.0,0.0,0.0,0.0,0.0,0.0
18.82528355453163,17.308484217062514,6.088796349918977,42.56746281028416,42.56746281028416,0.1844419642857143,0.1066149553571428,0.012697194389808,0.5887375024133494,0.6569823901320275,0.012697194389808,0.012697194389808,0.012697194389808,0.012697194389808,174.0,0.7,0.7,1.335438558757985e-07,9.752146175131929e-08,7.551692911985456e-08,5.7897402589588335e-08,0.0,0.0,0.0,0.0,0.0,0.0,0.0,4.935818871918916e-09,2.4779956440070076e-09,3.2347293443702504e-09,0.0,0.0,0.0,0.0,0.0,0.0,0.0
18.82528355453163,17.308484217062514,6.088796349918977,42.56746281028416,42.56746281028416,0.1844419642857143,0.1066149553571428,0.012697194389808,0.6205851166820658,0.6569823901320275,0.012697194389808,0.012697194389808,0.012697194389808,0.0126835258555791,174.0,0.84,0.68,1.3351185526455845e-07,9.749287773753177e-08,7.549081537602892e-08,5.787209366121401e-08,0.0,0.0,0.0,0.0,0.0,0.0,0.0,4.9289179964199625e-09,2.4746613512551194e-09,3.229384134626081e-09,0.0,0.0,0.0,0.0,0.0,0.0,0.0
