skin_mus,fat_mus,muscle_mus,ijv_mus,cca_mus,skin_mua,fat_mua,muscle_mua,ijv_mua,cca_mua,muscle10%_mua,muscle5%_mua,muscle3%_mua,muscle1%_mua,bloodConc,used_SO2,muscle_SO2,SDS_0,SDS_1,SDS_2,SDS_3,SDS_4,SDS_5,SDS_6,SDS_7,SDS_8,SDS_9,SDS_10,SDS_11,SDS_12,SDS_13,SDS_14,SDS_15,SDS_16,SDS_17,SDS_18,SDS_19,SDS_20
18.82528355453163,17.308484217062514,6.088796349918977,42.56746281028416,42.56746281028416,0.1844419642857143,0.1066149553571428,0.0123316294950731,0.4669297432933462,0.6569823901320275,0.0123316294950731,0.0123316294950731,0.0123316294950731,0.0123316294950731,138.0,0.7,0.7,1.3477668066262677e-07,9.854932723781748e-08,7.643218341802936e-08,5.868760991030657e-08,0.0,0.0,0.0,0.0,0.0,0.0,0.0,5.079874991134741e-09,2.551640270710575e-09,3.338906861640363e-09,0.0,0.0,0.0,0.0,0.0,0.0,0.0
18.82528355453163,17.308484217062514,6.088796349918977,42.56746281028416,42.56746281028416,0.1844419642857143,0.1066149553571428,0.0123316294950731,0.4777547944487227,0.6569823901320275,0.0123316294950731,0.0123316294950731,0.0123316294950731,0.012337049775888,138.0,0.76,0.71,1.3475883170637748e-07,9.853340005584101e-08,7.641769715756368e-08,5.867357648210203e-08,0.0,0.0,0.0,0.0,0.0,0.0,0.0,5.075851631946742e-09,2.549676065869786e-09,3.335871306847591e-09,0.0,0.0,0.0,0.0,0.0,0.0,0.0
18.82528355453163,17.308484217062514,6.088796349918977,42.56746281028416,42.56746281028416,0.1844419642857143,0.1066149553571428,0.0123316294950731,0.4669297432933462,0.6569823901320275,0.0123316294950731,0.0123316294950731,0.0123316294950731,0.0123316294950731,138.0,0.7,0.7,1.3477668066262677e-07,9.854932723781748e-08,7.643218341802936e-08,5.868760991030657e-08,0.0,0.0,0.0,0.0,0.0,0.0,0.0,5.079874991134741e-09,2.551640270710575e-09,3.338906861640363e-09,0.0,0.0,0.0,0.0,0.0,0.0,0.0
18.82528355453163,17.308484217062514,6.088796349918977,42.56746281028416,42.56746281028416,0.1844419642857143,0.1066149553571428,0.0123316294950731,0.4777547944487227,0.6569823901320275,0.0123316294950731,0.0123316294950731,0.0123316294950731,0.012337049775888,138.0,0.76,0.71,1.3475883170637748e-07,9.853340005584101e-08,7.641769715756368e-08,5.867357648210203e-08,0.0,0.0,0.0,0.0,0.0,0.0,0.0,5.075851631946742e-09,2.549676065869786e-09,3.335871306847591e-09,0.0,0.0,0.0,0.0,0.0,0.0,0.0
