skin_mus,fat_mus,muscle_mus,ijv_mus,cca_mus,skin_mua,fat_mua,muscle_mua,ijv_mua,cca_mua,muscle10%_mua,muscle5%_mua,muscle3%_mua,muscle1%_mua,bloodConc,used_SO2,muscle_SO2,SDS_0,SDS_1,SDS_2,SDS_3,SDS_4,SDS_5,SDS_6,SDS_7,SDS_8,SDS_9,SDS_10,SDS_11,SDS_12,SDS_13,SDS_14,SDS_15,SDS_16,SDS_17,SDS_18,SDS_19,SDS_20
14.386642654671306,12.77984986669567,4.913393034069127,29.63001873911672,29.63001873911672,0.0975484022556391,0.060376292293233,0.0125550302640777,0.5413678183111259,0.5840496381906151,0.0125550302640777,0.0125550302640777,0.0125550302640777,0.0125550302640777,160.0,0.7,0.7,3.912447347108138e-07,2.873475003415238e-07,2.239412223709769e-07,1.7302379748771957e-07,0.0,0.0,0.0,0.0,0.0,0.0,0.0,1.5795802484495796e-08,7.992613807810165e-09,1.043970908272888e-08,0.0,0.0,0.0,0.0,0.0,0.0,0.0
14.386642654671306,12.77984986669567,4.913393034069127,29.63001873911672,29.63001873911672,0.0975484022556391,0.060376292293233,0.0125550302640777,0.5664693862076512,0.5840496381906151,0.0125550302640777,0.0125550302640777,0.0125550302640777,0.0125550302640777,160.0,0.82,0.7,3.911596006494985e-07,2.8727152301070265e-07,2.2387097723920687e-07,1.729566681294005e-07,0.0,0.0,0.0,0.0,0.0,0.0,0.0,1.5776192005425716e-08,7.982831674565087e-09,1.0424809613867396e-08,0.0,0.0,0.0,0.0,0.0,0.0,0.0
14.386642654671306,12.77984986669567,4.913393034069127,29.63001873911672,29.63001873911672,0.0975484022556391,0.060376292293233,0.0125550302640777,0.5413678183111259,0.5840496381906151,0.0125550302640777,0.0125550302640777,0.0125550302640777,0.0125550302640777,160.0,0.7,0.7,3.912447347108138e-07,2.873475003415238e-07,2.239412223709769e-07,1.7302379748771957e-07,0.0,0.0,0.0,0.0,0.0,0.0,0.0,1.5795802484495796e-08,7.992613807810165e-09,1.043970908272888e-08,0.0,0.0,0.0,0.0,0.0,0.0,0.0
14.386642654671306,12.77984986669567,4.913393034069127,29.63001873911672,29.63001873911672,0.0975484022556391,0.060376292293233,0.0125550302640777,0.5664693862076512,0.5840496381906151,0.0125550302640777,0.0125550302640777,0.0125550302640777,0.0125550302640777,160.0,0.82,0.7,3.911596006494985e-07,2.8727152301070265e-07,2.2387097723920687e-07,1.729566681294005e-07,0.0,0.0,0.0,0.0,0.0,0.0,0.0,1.5776192005425716e-08,7.982831674565087e-09,1.0424809613867396e-08,0.0,0.0,0.0,0.0,0.0,0.0,0.0
