skin_mus,fat_mus,muscle_mus,ijv_mus,cca_mus,skin_mua,fat_mua,muscle_mua,ijv_mua,cca_mua,muscle10%_mua,muscle5%_mua,muscle3%_mua,muscle1%_mua,bloodConc,used_SO2,muscle_SO2,SDS_0,SDS_1,SDS_2,SDS_3,SDS_4,SDS_5,SDS_6,SDS_7,SDS_8,SDS_9,SDS_10,SDS_11,SDS_12,SDS_13,SDS_14,SDS_15,SDS_16,SDS_17,SDS_18,SDS_19,SDS_20
14.386642654671306,12.77984986669567,4.913393034069127,29.63001873911672,29.63001873911672,0.1168580827067669,0.0706515507518797,0.0125144119424405,0.5278336228533478,0.6002569163998178,0.0125144119424405,0.0125144119424405,0.0125144119424405,0.0125144119424405,156.0,0.7,0.7,3.03915803315662e-07,2.2284586490392727e-07,1.7336298516597564e-07,1.336910349899644e-07,0.0,0.0,0.0,0.0,0.0,0.0,0.0,1.2020745441643762e-08,6.069531697976677e-09,7.927497029247621e-09,0.0,0.0,0.0,0.0,0.0,0.0,0.0
14.386642654671306,12.77984986669567,4.913393034069127,29.63001873911672,29.63001873911672,0.1168580827067669,0.0706515507518797,0.0125144119424405,0.5523076515524599,0.6002569163998178,0.0125144119424405,0.0125021573945112,0.0125021573945112,0.0125021573945112,156.0,0.82,0.68,3.03848366432095e-07,2.227857151772889e-07,1.7330757670078358e-07,1.336379309940392e-07,0.0,0.0,0.0,0.0,0.0,0.0,0.0,1.200533469912333e-08,6.061901465092065e-09,7.915816390070917e-09,0.0,0.0,0.0,0.0,0.0,0.0,0.0
14.386642654671306,12.77984986669567,4.913393034069127,29.63001873911672,29.63001873911672,0.1168580827067669,0.0706515507518797,0.0125144119424405,0.5278336228533478,0.6002569163998178,0.0125144119424405,0.0125144119424405,0.0125144119424405,0.0125144119424405,156.0,0.7,0.7,3.03915803315662e-07,2.2284586490392727e-07,1.7336298516597564e-07,1.336910349899644e-07,0.0,0.0,0.0,0.0,0.0,0.0,0.0,1.2020745441643762e-08,6.069531697976677e-09,7.927497029247621e-09,0.0,0.0,0.0,0.0,0.0,0.0,0.0
14.386642654671306,12.77984986669567,4.913393034069127,29.63001873911672,29.63001873911672,0.1168580827067669,0.0706515507518797,0.0125144119424405,0.5523076515524599,0.6002569163998178,0.0125144119424405,0.0125021573945112,0.0125021573945112,0.0125021573945112,156.0,0.82,0.68,3.03848366432095e-07,2.227857151772889e-07,1.7330757670078358e-07,1.336379309940392e-07,0.0,0.0,0.0,0.0,0.0,0.0,0.0,1.200533469912333e-08,6.061901465092065e-09,7.915816390070917e-09,0.0,0.0,0.0,0.0,0.0,0.0,0.0
