skin_mus,fat_mus,muscle_mus,ijv_mus,cca_mus,skin_mua,fat_mua,muscle_mua,ijv_mua,cca_mua,muscle10%_mua,muscle5%_mua,muscle3%_mua,muscle1%_mua,bloodConc,used_SO2,muscle_SO2,SDS_0,SDS_1,SDS_2,SDS_3,SDS_4,SDS_5,SDS_6,SDS_7,SDS_8,SDS_9,SDS_10,SDS_11,SDS_12,SDS_13,SDS_14,SDS_15,SDS_16,SDS_17,SDS_18,SDS_19,SDS_20
14.386642654671306,12.77984986669567,4.913393034069127,29.63001873911672,29.63001873911672,0.0685838815789473,0.0449634046052631,0.0125956485857149,0.5549020137689041,0.5597387208768109,0.0125956485857149,0.0125956485857149,0.0125956485857149,0.0125956485857149,164.0,0.7,0.7,5.838305646044888e-07,4.302657883404277e-07,3.366127764210477e-07,2.610445421991159e-07,0.0,0.0,0.0,0.0,0.0,0.0,0.0,2.4519156654270883e-08,1.2454928554271962e-08,1.6284775536639462e-08,0.0,0.0,0.0,0.0,0.0,0.0,0.0
14.386642654671306,12.77984986669567,4.913393034069127,29.63001873911672,29.63001873911672,0.0685838815789473,0.0449634046052631,0.0125956485857149,0.5806311208628425,0.5597387208768109,0.0125956485857149,0.0125827655994303,0.0125827655994303,0.0125827655994303,164.0,0.82,0.68,5.83709217516356e-07,4.301572865651698e-07,3.3651205828388615e-07,2.6094859294315805e-07,0.0,0.0,0.0,0.0,0.0,0.0,0.0,2.4490629165296814e-08,1.2440535681473657e-08,1.6263034937146826e-08,0.0,0.0,0.0,0.0,0.0,0.0,0.0
14.386642654671306,12.77984986669567,4.913393034069127,29.63001873911672,29.63001873911672,0.0685838815789473,0.0449634046052631,0.0125956485857149,0.5549020137689041,0.5597387208768109,0.0125956485857149,0.0125956485857149,0.0125956485857149,0.0125956485857149,164.0,0.7,0.7,5.838305646044888e-07,4.302657883404277e-07,3.366127764210477e-07,2.610445421991159e-07,0.0,0.0,0.0,0.0,0.0,0.0,0.0,2.4519156654270883e-08,1.2454928554271962e-08,1.6284775536639462e-08,0.0,0.0,0.0,0.0,0.0,0.0,0.0
14.386642654671306,12.77984986669567,4.913393034069127,29.63001873911672,29.63001873911672,0.0685838815789473,0.0449634046052631,0.0125956485857149,0.5806311208628425,0.5597387208768109,0.0125956485857149,0.0125827655994303,0.0125827655994303,0.0125827655994303,164.0,0.82,0.68,5.83709217516356e-07,4.301572865651698e-07,3.3651205828388615e-07,2.6094859294315805e-07,0.0,0.0,0.0,0.0,0.0,0.0,0.0,2.4490629165296814e-08,1.2440535681473657e-08,1.6263034937146826e-08,0.0,0.0,0.0,0.0,0.0,0.0,0.0
