skin_mus,fat_mus,muscle_mus,ijv_mus,cca_mus,skin_mua,fat_mua,muscle_mua,ijv_mua,cca_mua,muscle10%_mua,muscle5%_mua,muscle3%_mua,muscle1%_mua,bloodConc,used_SO2,muscle_SO2,SDS_0,SDS_1,SDS_2,SDS_3,SDS_4,SDS_5,SDS_6,SDS_7,SDS_8,SDS_9,SDS_10,SDS_11,SDS_12,SDS_13,SDS_14,SDS_15,SDS_16,SDS_17,SDS_18,SDS_19,SDS_20
14.386642654671306,12.77984986669567,4.913393034069127,29.63001873911672,29.63001873911672,0.0975484022556391,0.060376292293233,0.0124027115579382,0.4906145853444579,0.5840496381906151,0.0124027115579382,0.0124027115579382,0.0124027115579382,0.0124027115579382,145.0,0.7,0.7,3.92728341930906e-07,2.885941596740154e-07,2.2506071874064089e-07,1.739975277034475e-07,0.0,0.0,0.0,0.0,0.0,0.0,0.0,1.5986138051105213e-08,8.091308546525976e-09,1.0577953172081793e-08,0.0,0.0,0.0,0.0,0.0,0.0,0.0
14.386642654671306,12.77984986669567,4.913393034069127,29.63001873911672,29.63001873911672,0.0975484022556391,0.060376292293233,0.0124027115579382,0.4754490547403072,0.5840496381906151,0.0124027115579382,0.0123970163353428,0.0123970163353428,0.0123970163353428,145.0,0.62,0.69,3.927961240876581e-07,2.886546430655713e-07,2.2511665984052395e-07,1.7405090284904117e-07,0.0,0.0,0.0,0.0,0.0,0.0,0.0,1.6002079799515195e-08,8.099303655287891e-09,1.0589978236297756e-08,0.0,0.0,0.0,0.0,0.0,0.0,0.0
14.386642654671306,12.77984986669567,4.913393034069127,29.63001873911672,29.63001873911672,0.0975484022556391,0.060376292293233,0.0124027115579382,0.4906145853444579,0.5840496381906151,0.0124027115579382,0.0124027115579382,0.0124027115579382,0.0124027115579382,145.0,0.7,0.7,3.92728341930906e-07,2.885941596740154e-07,2.2506071874064089e-07,1.739975277034475e-07,0.0,0.0,0.0,0.0,0.0,0.0,0.0,1.5986138051105213e-08,8.091308546525976e-09,1.0577953172081793e-08,0.0,0.0,0.0,0.0,0.0,0.0,0.0
14.386642654671306,12.77984986669567,4.913393034069127,29.63001873911672,29.63001873911672,0.0975484022556391,0.060376292293233,0.0124027115579382,0.4754490547403072,0.5840496381906151,0.0124027115579382,0.0123970163353428,0.0123970163353428,0.0123970163353428,145.0,0.62,0.69,3.927961240876581e-07,2.886546430655713e-07,2.2511665984052395e-07,1.7405090284904117e-07,0.0,0.0,0.0,0.0,0.0,0.0,0.0,1.6002079799515195e-08,8.099303655287891e-09,1.0589978236297756e-08,0.0,0.0,0.0,0.0,0.0,0.0,0.0
