skin_mus,fat_mus,muscle_mus,ijv_mus,cca_mus,skin_mua,fat_mua,muscle_mua,ijv_mua,cca_mua,muscle10%_mua,muscle5%_mua,muscle3%_mua,muscle1%_mua,bloodConc,used_SO2,muscle_SO2,SDS_0,SDS_1,SDS_2,SDS_3,SDS_4,SDS_5,SDS_6,SDS_7,SDS_8,SDS_9,SDS_10,SDS_11,SDS_12,SDS_13,SDS_14,SDS_15,SDS_16,SDS_17,SDS_18,SDS_19,SDS_20
14.386642654671306,12.77984986669567,4.913393034069127,29.63001873911672,29.63001873911672,0.0782387218045112,0.0501010338345864,0.0124433298795754,0.504148780802236,0.5678423599814123,0.0124433298795754,0.0124433298795754,0.0124433298795754,0.0124433298795754,149.0,0.7,0.7,5.111054161927591e-07,3.763718907684256e-07,2.941990639949821e-07,2.279711546438006e-07,0.0,0.0,0.0,0.0,0.0,0.0,0.0,2.131592168458097e-08,1.081586203830138e-08,1.4145796474785231e-08,0.0,0.0,0.0,0.0,0.0,0.0,0.0
14.386642654671306,12.77984986669567,4.913393034069127,29.63001873911672,29.63001873911672,0.0782387218045112,0.0501010338345864,0.0124433298795754,0.5080447533195093,0.5678423599814123,0.0124433298795754,0.0124433298795754,0.0124433298795754,0.0124433298795754,149.0,0.72,0.7,5.110849777771545e-07,3.763536350381958e-07,2.941821281283842e-07,2.2795502959809362e-07,0.0,0.0,0.0,0.0,0.0,0.0,0.0,2.1311076319299484e-08,1.081341652121014e-08,1.4142126567526347e-08,0.0,0.0,0.0,0.0,0.0,0.0,0.0
14.386642654671306,12.77984986669567,4.913393034069127,29.63001873911672,29.63001873911672,0.0782387218045112,0.0501010338345864,0.0124433298795754,0.504148780802236,0.5678423599814123,0.0124433298795754,0.0124433298795754,0.0124433298795754,0.0124433298795754,149.0,0.7,0.7,5.111054161927591e-07,3.763718907684256e-07,2.941990639949821e-07,2.279711546438006e-07,0.0,0.0,0.0,0.0,0.0,0.0,0.0,2.131592168458097e-08,1.081586203830138e-08,1.4145796474785231e-08,0.0,0.0,0.0,0.0,0.0,0.0,0.0
14.386642654671306,12.77984986669567,4.913393034069127,29.63001873911672,29.63001873911672,0.0782387218045112,0.0501010338345864,0.0124433298795754,0.5080447533195093,0.5678423599814123,0.0124433298795754,0.0124433298795754,0.0124433298795754,0.0124433298795754,149.0,0.72,0.7,5.110849777771545e-07,3.763536350381958e-07,2.941821281283842e-07,2.2795502959809362e-07,0.0,0.0,0.0,0.0,0.0,0.0,0.0,2.1311076319299484e-08,1.081341652121014e-08,1.4142126567526347e-08,0.0,0.0,0.0,0.0,0.0,0.0,0.0
