skin_mus,fat_mus,muscle_mus,ijv_mus,cca_mus,skin_mua,fat_mua,muscle_mua,ijv_mua,cca_mua,muscle10%_mua,muscle5%_mua,muscle3%_mua,muscle1%_mua,bloodConc,used_SO2,muscle_SO2,SDS_0,SDS_1,SDS_2,SDS_3,SDS_4,SDS_5,SDS_6,SDS_7,SDS_8,SDS_9,SDS_10,SDS_11,SDS_12,SDS_13,SDS_14,SDS_15,SDS_16,SDS_17,SDS_18,SDS_19,SDS_20
18.82528355453163,17.308484217062514,6.088796349918977,42.56746281028416,42.56746281028416,0.0396193609022556,0.0295505169172932,0.012362093236301,0.4770803898866798,0.5354278035630067,0.012362093236301,0.012362093236301,0.012362093236301,0.012362093236301,141.0,0.7,0.7,9.0385603447111e-07,6.699753037797877e-07,5.276894812803391e-07,4.117066415390884e-07,0.0,0.0,0.0,0.0,0.0,0.0,0.0,4.0565293236797415e-08,2.0718081093838125e-08,2.7199925445536824e-08,0.0,0.0,0.0,0.0,0.0,0.0,0.0
18.82528355453163,17.308484217062514,6.088796349918977,42.56746281028416,42.56746281028416,0.0396193609022556,0.0295505169172932,0.012362093236301,0.4291520836842518,0.5354278035630067,0.012362093236301,0.012362093236301,0.012362093236301,0.012362093236301,141.0,0.44,0.65,9.044010395332108e-07,6.704638799258861e-07,5.281465751131936e-07,4.121392961839246e-07,0.0,0.0,0.0,0.0,0.0,0.0,0.0,4.070148500011168e-08,2.0788406816488712e-08,2.7303788474408e-08,0.0,0.0,0.0,0.0,0.0,0.0,0.0
18.82528355453163,17.308484217062514,6.088796349918977,42.56746281028416,42.56746281028416,0.0396193609022556,0.0295505169172932,0.012362093236301,0.4770803898866798,0.5354278035630067,0.012362093236301,0.012362093236301,0.012362093236301,0.012362093236301,141.0,0.7,0.7,9.0385603447111e-07,6.699753037797877e-07,5.276894812803391e-07,4.117066415390884e-07,0.0,0.0,0.0,0.0,0.0,0.0,0.0,4.0565293236797415e-08,2.0718081093838125e-08,2.7199925445536824e-08,0.0,0.0,0.0,0.0,0.0,0.0,0.0
18.82528355453163,17.308484217062514,6.088796349918977,42.56746281028416,42.56746281028416,0.0396193609022556,0.0295505169172932,0.012362093236301,0.4291520836842518,0.5354278035630067,0.012362093236301,0.012362093236301,0.012362093236301,0.012362093236301,141.0,0.44,0.65,9.044010395332108e-07,6.704638799258861e-07,5.281465751131936e-07,4.121392961839246e-07,0.0,0.0,0.0,0.0,0.0,0.0,0.0,4.070148500011168e-08,2.0788406816488712e-08,2.7303788474408e-08,0.0,0.0,0.0,0.0,0.0,0.0,0.0
