skin_mus,fat_mus,muscle_mus,ijv_mus,cca_mus,skin_mua,fat_mua,muscle_mua,ijv_mua,cca_mua,muscle10%_mua,muscle5%_mua,muscle3%_mua,muscle1%_mua,bloodConc,used_SO2,muscle_SO2,SDS_0,SDS_1,SDS_2,SDS_3,SDS_4,SDS_5,SDS_6,SDS_7,SDS_8,SDS_9,SDS_10,SDS_11,SDS_12,SDS_13,SDS_14,SDS_15,SDS_16,SDS_17,SDS_18,SDS_19,SDS_20
18.82528355453163,17.308484217062514,6.088796349918977,42.56746281028416,42.56746281028416,0.0396193609022556,0.0295505169172932,0.0125956485857149,0.5549020137689041,0.5354278035630067,0.0125956485857149,0.0125956485857149,0.0125956485857149,0.0125956485857149,164.0,0.7,0.7,8.986175964769632e-07,6.655419044112284e-07,5.236744302870325e-07,4.0818802207695445e-07,0.0,0.0,0.0,0.0,0.0,0.0,0.0,3.983094109028991e-08,2.0331717154616817e-08,2.6659319793899063e-08,0.0,0.0,0.0,0.0,0.0,0.0,0.0
18.82528355453163,17.308484217062514,6.088796349918977,42.56746281028416,42.56746281028416,0.0396193609022556,0.0295505169172932,0.0125956485857149,0.5506138292532476,0.5354278035630067,0.0125956485857149,0.0125956485857149,0.0125956485857149,0.0125956485857149,164.0,0.68,0.68,8.986505664190946e-07,6.655714470589028e-07,5.237020012895423e-07,4.0821419174954076e-07,0.0,0.0,0.0,0.0,0.0,0.0,0.0,3.9838939271824686e-08,2.0335818216893443e-08,2.666545053694985e-08,0.0,0.0,0.0,0.0,0.0,0.0,0.0
18.82528355453163,17.308484217062514,6.088796349918977,42.56746281028416,42.56746281028416,0.0396193609022556,0.0295505169172932,0.0125956485857149,0.5549020137689041,0.5354278035630067,0.0125956485857149,0.0125956485857149,0.0125956485857149,0.0125956485857149,164.0,0.7,0.7,8.986175964769632e-07,6.655419044112284e-07,5.236744302870325e-07,4.0818802207695445e-07,0.0,0.0,0.0,0.0,0.0,0.0,0.0,3.983094109028991e-08,2.0331717154616817e-08,2.6659319793899063e-08,0.0,0.0,0.0,0.0,0.0,0.0,0.0
18.82528355453163,17.308484217062514,6.088796349918977,42.56746281028416,42.56746281028416,0.0396193609022556,0.0295505169172932,0.0125956485857149,0.5506138292532476,0.5354278035630067,0.0125956485857149,0.0125956485857149,0.0125956485857149,0.0125956485857149,164.0,0.68,0.68,8.986505664190946e-07,6.655714470589028e-07,5.237020012895423e-07,4.0821419174954076e-07,0.0,0.0,0.0,0.0,0.0,0.0,0.0,3.9838939271824686e-08,2.0335818216893443e-08,2.666545053694985e-08,0.0,0.0,0.0,0.0,0.0,0.0,0.0
