skin_mus,fat_mus,muscle_mus,ijv_mus,cca_mus,skin_mua,fat_mua,muscle_mua,ijv_mua,cca_mua,muscle10%_mua,muscle5%_mua,muscle3%_mua,muscle1%_mua,bloodConc,used_SO2,muscle_SO2,SDS_0,SDS_1,SDS_2,SDS_3,SDS_4,SDS_5,SDS_6,SDS_7,SDS_8,SDS_9,SDS_10,SDS_11,SDS_12,SDS_13,SDS_14,SDS_15,SDS_16,SDS_17,SDS_18,SDS_19,SDS_20
16.66788177830134,15.060099216393953,5.503131511209041,36.11739334393231,36.11739334393231,0.0782387218045112,0.0501010338345864,0.0126768852289894,0.5819704046844604,0.5678423599814123,0.0126768852289894,0.0126768852289894,0.0126768852289894,0.0126768852289894,172.0,0.7,0.7,5.081944874850938e-07,3.739227808786286e-07,2.9199581895735654e-07,2.2605339001929618e-07,0.0,0.0,0.0,0.0,0.0,0.0,0.0,2.093826383997156e-08,1.0619127518607052e-08,1.3870874697112544e-08,0.0,0.0,0.0,0.0,0.0,0.0,0.0
16.66788177830134,15.060099216393953,5.503131511209041,36.11739334393231,36.11739334393231,0.0782387218045112,0.0501010338345864,0.0126768852289894,0.52125598733474,0.5678423599814123,0.0126768852289894,0.0126768852289894,0.0126903966536294,0.0126903966536294,172.0,0.43,0.72,5.084609243503454e-07,3.741608033888552e-07,2.9221648717459564e-07,2.2626369415210522e-07,0.0,0.0,0.0,0.0,0.0,0.0,0.0,2.1000495374797238e-08,1.0650421518665712e-08,1.3918173514598077e-08,0.0,0.0,0.0,0.0,0.0,0.0,0.0
16.66788177830134,15.060099216393953,5.503131511209041,36.11739334393231,36.11739334393231,0.0782387218045112,0.0501010338345864,0.0126768852289894,0.5819704046844604,0.5678423599814123,0.0126768852289894,0.0126768852289894,0.0126768852289894,0.0126768852289894,172.0,0.7,0.7,5.081944874850938e-07,3.739227808786286e-07,2.9199581895735654e-07,2.2605339001929618e-07,0.0,0.0,0.0,0.0,0.0,0.0,0.0,2.093826383997156e-08,1.0619127518607052e-08,1.3870874697112544e-08,0.0,0.0,0.0,0.0,0.0,0.0,0.0
16.66788177830134,15.060099216393953,5.503131511209041,36.11739334393231,36.11739334393231,0.0782387218045112,0.0501010338345864,0.0126768852289894,0.52125598733474,0.5678423599814123,0.0126768852289894,0.0126768852289894,0.0126903966536294,0.0126903966536294,172.0,0.43,0.72,5.084609243503454e-07,3.741608033888552e-07,2.9221648717459564e-07,2.2626369415210522e-07,0.0,0.0,0.0,0.0,0.0,0.0,0.0,2.1000495374797238e-08,1.0650421518665712e-08,1.3918173514598077e-08,0.0,0.0,0.0,0.0,0.0,0.0,0.0
