skin_mus,fat_mus,muscle_mus,ijv_mus,cca_mus,skin_mua,fat_mua,muscle_mua,ijv_mua,cca_mua,muscle10%_mua,muscle5%_mua,muscle3%_mua,muscle1%_mua,bloodConc,used_SO2,muscle_SO2,SDS_0,SDS_1,SDS_2,SDS_3,SDS_4,SDS_5,SDS_6,SDS_7,SDS_8,SDS_9,SDS_10,SDS_11,SDS_12,SDS_13,SDS_14,SDS_15,SDS_16,SDS_17,SDS_18,SDS_19,SDS_20
16.66788177830134,15.060099216393953,5.503131511209041,36.11739334393231,36.11739334393231,0.0782387218045112,0.0501010338345864,0.0126362669073522,0.5684362092266823,0.5678423599814123,0.0126362669073522,0.0126362669073522,0.0126362669073522,0.0126362669073522,168.0,0.7,0.7,5.086914755753065e-07,3.743404969995241e-07,2.923713235618638e-07,2.2637971413494554e-07,0.0,0.0,0.0,0.0,0.0,0.0,0.0,2.1001681043984865e-08,1.0652172108723866e-08,1.3916993266518349e-08,0.0,0.0,0.0,0.0,0.0,0.0,0.0
16.66788177830134,15.060099216393953,5.503131511209041,36.11739334393231,36.11739334393231,0.0782387218045112,0.0501010338345864,0.0126362669073522,0.5947928555180337,0.5678423599814123,0.0126362669073522,0.0126362669073522,0.012629668304621,0.012629668304621,168.0,0.82,0.69,5.085868583265456e-07,3.742470088201686e-07,2.922846424367948e-07,2.2629703624393162e-07,0.0,0.0,0.0,0.0,0.0,0.0,0.0,2.0977404721862266e-08,1.0639980765511748e-08,1.3898475871717472e-08,0.0,0.0,0.0,0.0,0.0,0.0,0.0
16.66788177830134,15.060099216393953,5.503131511209041,36.11739334393231,36.11739334393231,0.0782387218045112,0.0501010338345864,0.0126362669073522,0.5684362092266823,0.5678423599814123,0.0126362669073522,0.0126362669073522,0.0126362669073522,0.0126362669073522,168.0,0.7,0.7,5.086914755753065e-07,3.743404969995241e-07,2.923713235618638e-07,2.2637971413494554e-07,0.0,0.0,0.0,0.0,0.0,0.0,0.0,2.1001681043984865e-08,1.0652172108723866e-08,1.3916993266518349e-08,0.0,0.0,0.0,0.0,0.0,0.0,0.0
16.66788177830134,15.060099216393953,5.503131511209041,36.11739334393231,36.11739334393231,0.0782387218045112,0.0501010338345864,0.0126362669073522,0.5947928555180337,0.5678423599814123,0.0126362669073522,0.0126362669073522,0.012629668304621,0.012629668304621,168.0,0.82,0.69,5.085868583265456e-07,3.742470088201686e-07,2.922846424367948e-07,2.2629703624393162e-07,0.0,0.0,0.0,0.0,0.0,0.0,0.0,2.0977404721862266e-08,1.0639980765511748e-08,1.3898475871717472e-08,0.0,0.0,0.0,0.0,0.0,0.0,0.0
