skin_mus,fat_mus,muscle_mus,ijv_mus,cca_mus,skin_mua,fat_mua,muscle_mua,ijv_mua,cca_mua,muscle10%_mua,muscle5%_mua,muscle3%_mua,muscle1%_mua,bloodConc,used_SO2,muscle_SO2,SDS_0,SDS_1,SDS_2,SDS_3,SDS_4,SDS_5,SDS_6,SDS_7,SDS_8,SDS_9,SDS_10,SDS_11,SDS_12,SDS_13,SDS_14,SDS_15,SDS_16,SDS_17,SDS_18,SDS_19,SDS_20
16.66788177830134,15.060099216393953,5.503131511209041,36.11739334393231,36.11739334393231,0.1168580827067669,0.0706515507518797,0.0124230207187568,0.497381683073347,0.6002569163998178,0.0124230207187568,0.0124230207187568,0.0124230207187568,0.0124230207187568,147.0,0.7,0.7,3.046098382201655e-07,2.2342797483232466e-07,1.7388461745338305e-07,1.3414399546411894e-07,0.0,0.0,0.0,0.0,0.0,0.0,0.0,1.2107923404802312e-08,6.114554739089265e-09,7.990686723003985e-09,0.0,0.0,0.0,0.0,0.0,0.0,0.0
16.66788177830134,15.060099216393953,5.503131511209041,36.11739334393231,36.11739334393231,0.1168580827067669,0.0706515507518797,0.0124230207187568,0.4704759399842591,0.6002569163998178,0.0124230207187568,0.0124230207187568,0.0124230207187568,0.0124230207187568,147.0,0.56,0.7,3.047027197261981e-07,2.235108076604183e-07,1.739609323993566e-07,1.3421704484656352e-07,0.0,0.0,0.0,0.0,0.0,0.0,0.0,1.2129496694758612e-08,6.1252864569599595e-09,8.006932410394413e-09,0.0,0.0,0.0,0.0,0.0,0.0,0.0
16.66788177830134,15.060099216393953,5.503131511209041,36.11739334393231,36.11739334393231,0.1168580827067669,0.0706515507518797,0.0124230207187568,0.497381683073347,0.6002569163998178,0.0124230207187568,0.0124230207187568,0.0124230207187568,0.0124230207187568,147.0,0.7,0.7,3.046098382201655e-07,2.2342797483232466e-07,1.7388461745338305e-07,1.3414399546411894e-07,0.0,0.0,0.0,0.0,0.0,0.0,0.0,1.2107923404802312e-08,6.114554739089265e-09,7.990686723003985e-09,0.0,0.0,0.0,0.0,0.0,0.0,0.0
16.66788177830134,15.060099216393953,5.503131511209041,36.11739334393231,36.11739334393231,0.1168580827067669,0.0706515507518797,0.0124230207187568,0.4704759399842591,0.6002569163998178,0.0124230207187568,0.0124230207187568,0.0124230207187568,0.0124230207187568,147.0,0.56,0.7,3.047027197261981e-07,2.235108076604183e-07,1.739609323993566e-07,1.3421704484656352e-07,0.0,0.0,0.0,0.0,0.0,0.0,0.0,1.2129496694758612e-08,6.1252864569599595e-09,8.006932410394413e-09,0.0,0.0,0.0,0.0,0.0,0.0,0.0
