skin_mus,fat_mus,muscle_mus,ijv_mus,cca_mus,skin_mua,fat_mua,muscle_mua,ijv_mua,cca_mua,muscle10%_mua,muscle5%_mua,muscle3%_mua,muscle1%_mua,bloodConc,used_SO2,muscle_SO2,SDS_0,SDS_1,SDS_2,SDS_3,SDS_4,SDS_5,SDS_6,SDS_7,SDS_8,SDS_9,SDS_10,SDS_11,SDS_12,SDS_13,SDS_14,SDS_15,SDS_16,SDS_17,SDS_18,SDS_19,SDS_20
16.66788177830134,15.060099216393953,5.503131511209041,36.11739334393231,36.11739334393231,0.0975484022556391,0.060376292293233,0.0123417840754824,0.4703132921577907,0.5840496381906151,0.0123417840754824,0.0123417840754824,0.0123417840754824,0.0123417840754824,139.0,0.7,0.7,3.933365981776218e-07,2.891059966246429e-07,2.2552076683402853e-07,1.7439856850020434e-07,0.0,0.0,0.0,0.0,0.0,0.0,0.0,1.6065925934085295e-08,8.132665898028405e-09,1.0635968431850489e-08,0.0,0.0,0.0,0.0,0.0,0.0,0.0
16.66788177830134,15.060099216393953,5.503131511209041,36.11739334393231,36.11739334393231,0.0975484022556391,0.060376292293233,0.0123417840754824,0.415795824382525,0.5840496381906151,0.0123417840754824,0.0123417840754824,0.0123363245172703,0.0123363245172703,139.0,0.4,0.69,3.9362297459110325e-07,2.893617068701648e-07,2.2575729405576098e-07,1.746241023094044e-07,0.0,0.0,0.0,0.0,0.0,0.0,0.0,1.6134268297254874e-08,8.167045446546375e-09,1.0687308511429192e-08,0.0,0.0,0.0,0.0,0.0,0.0,0.0
16.66788177830134,15.060099216393953,5.503131511209041,36.11739334393231,36.11739334393231,0.0975484022556391,0.060376292293233,0.0123417840754824,0.4703132921577907,0.5840496381906151,0.0123417840754824,0.0123417840754824,0.0123417840754824,0.0123417840754824,139.0,0.7,0.7,3.933365981776218e-07,2.891059966246429e-07,2.2552076683402853e-07,1.7439856850020434e-07,0.0,0.0,0.0,0.0,0.0,0.0,0.0,1.6065925934085295e-08,8.132665898028405e-09,1.0635968431850489e-08,0.0,0.0,0.0,0.0,0.0,0.0,0.0
16.66788177830134,15.060099216393953,5.503131511209041,36.11739334393231,36.11739334393231,0.0975484022556391,0.060376292293233,0.0123417840754824,0.415795824382525,0.5840496381906151,0.0123417840754824,0.0123417840754824,0.0123363245172703,0.0123363245172703,139.0,0.4,0.69,3.9362297459110325e-07,2.893617068701648e-07,2.2575729405576098e-07,1.746241023094044e-07,0.0,0.0,0.0,0.0,0.0,0.0,0.0,1.6134268297254874e-08,8.167045446546375e-09,1.0687308511429192e-08,0.0,0.0,0.0,0.0,0.0,0.0,0.0
