skin_mus,fat_mus,muscle_mus,ijv_mus,cca_mus,skin_mua,fat_mua,muscle_mua,ijv_mua,cca_mua,muscle10%_mua,muscle5%_mua,muscle3%_mua,muscle1%_mua,bloodConc,used_SO2,muscle_SO2,SDS_0,SDS_1,SDS_2,SDS_3,SDS_4,SDS_5,SDS_6,SDS_7,SDS_8,SDS_9,SDS_10,SDS_11,SDS_12,SDS_13,SDS_14,SDS_15,SDS_16,SDS_17,SDS_18,SDS_19,SDS_20
16.66788177830134,15.060099216393953,5.503131511209041,36.11739334393231,36.11739334393231,0.1168580827067669,0.0706515507518797,0.0125042573620312,0.5244500739889033,0.6002569163998178,0.0125042573620312,0.0125042573620312,0.0125042573620312,0.0125042573620312,155.0,0.7,0.7,3.039922391294286e-07,2.229099410368417e-07,1.7342038652639386e-07,1.337408368190209e-07,0.0,0.0,0.0,0.0,0.0,0.0,0.0,1.2030267717008863e-08,6.074450463859906e-09,7.934396583695672e-09,0.0,0.0,0.0,0.0,0.0,0.0,0.0
16.66788177830134,15.060099216393953,5.503131511209041,36.11739334393231,36.11739334393231,0.1168580827067669,0.0706515507518797,0.0125042573620312,0.5487672178886621,0.6002569163998178,0.0125042573620312,0.0125042573620312,0.0125103453585987,0.0125103453585987,155.0,0.82,0.71,3.039233967050062e-07,2.228485508287261e-07,1.7336380497197554e-07,1.336866273213972e-07,0.0,0.0,0.0,0.0,0.0,0.0,0.0,1.2014537302535464e-08,6.066654170922743e-09,7.922469360970861e-09,0.0,0.0,0.0,0.0,0.0,0.0,0.0
16.66788177830134,15.060099216393953,5.503131511209041,36.11739334393231,36.11739334393231,0.1168580827067669,0.0706515507518797,0.0125042573620312,0.5244500739889033,0.6002569163998178,0.0125042573620312,0.0125042573620312,0.0125042573620312,0.0125042573620312,155.0,0.7,0.7,3.039922391294286e-07,2.229099410368417e-07,1.7342038652639386e-07,1.337408368190209e-07,0.0,0.0,0.0,0.0,0.0,0.0,0.0,1.2030267717008863e-08,6.074450463859906e-09,7.934396583695672e-09,0.0,0.0,0.0,0.0,0.0,0.0,0.0
16.66788177830134,15.060099216393953,5.503131511209041,36.11739334393231,36.11739334393231,0.1168580827067669,0.0706515507518797,0.0125042573620312,0.5487672178886621,0.6002569163998178,0.0125042573620312,0.0125042573620312,0.0125103453585987,0.0125103453585987,155.0,0.82,0.71,3.039233967050062e-07,2.228485508287261e-07,1.7336380497197554e-07,1.336866273213972e-07,0.0,0.0,0.0,0.0,0.0,0.0,0.0,1.2014537302535464e-08,6.066654170922743e-09,7.922469360970861e-09,0.0,0.0,0.0,0.0,0.0,0.0,0.0
