skin_mus,fat_mus,muscle_mus,ijv_mus,cca_mus,skin_mua,fat_mua,muscle_mua,ijv_mua,cca_mua,muscle10%_mua,muscle5%_mua,muscle3%_mua,muscle1%_mua,bloodConc,used_SO2,muscle_SO2,SDS_0,SDS_1,SDS_2,SDS_3,SDS_4,SDS_5,SDS_6,SDS_7,SDS_8,SDS_9,SDS_10,SDS_11,SDS_12,SDS_13,SDS_14,SDS_15,SDS_16,SDS_17,SDS_18,SDS_19,SDS_20
18.82528355453163,17.308484217062514,6.088796349918977,42.56746281028416,42.56746281028416,0.1168580827067669,0.0706515507518797,0.0125956485857149,0.5549020137689041,0.6002569163998178,0.0125956485857149,0.0125956485857149,0.0125956485857149,0.0125956485857149,164.0,0.7,0.7,3.033099272733851e-07,2.2233822819465407e-07,1.7290837490591085e-07,1.3329696489042444e-07,0.0,0.0,0.0,0.0,0.0,0.0,0.0,1.1945910821868882e-08,6.030866822763386e-09,7.873295756907406e-09,0.0,0.0,0.0,0.0,0.0,0.0,0.0
18.82528355453163,17.308484217062514,6.088796349918977,42.56746281028416,42.56746281028416,0.1168580827067669,0.0706515507518797,0.0125956485857149,0.5677665673158733,0.6002569163998178,0.0125956485857149,0.0125634411200033,0.0125634411200033,0.0125634411200033,164.0,0.76,0.65,3.032788917112618e-07,2.223105167055085e-07,1.7288290561185758e-07,1.3327251229115596e-07,0.0,0.0,0.0,0.0,0.0,0.0,0.0,1.1938834343256185e-08,6.027380529022179e-09,7.867933377631829e-09,0.0,0.0,0.0,0.0,0.0,0.0,0.0
18.82528355453163,17.308484217062514,6.088796349918977,42.56746281028416,42.56746281028416,0.1168580827067669,0.0706515507518797,0.0125956485857149,0.5549020137689041,0.6002569163998178,0.0125956485857149,0.0125956485857149,0.0125956485857149,0.0125956485857149,164.0,0.7,0.7,3.033099272733851e-07,2.2233822819465407e-07,1.7290837490591085e-07,1.3329696489042444e-07,0.0,0.0,0.0,0.0,0.0,0.0,0.0,1.1945910821868882e-08,6.030866822763386e-09,7.873295756907406e-09,0.0,0.0,0.0,0.0,0.0,0.0,0.0
18.82528355453163,17.308484217062514,6.088796349918977,42.56746281028416,42.56746281028416,0.1168580827067669,0.0706515507518797,0.0125956485857149,0.5677665673158733,0.6002569163998178,0.0125956485857149,0.0125634411200033,0.0125634411200033,0.0125634411200033,164.0,0.76,0.65,3.032788917112618e-07,2.223105167055085e-07,1.7288290561185758e-07,1.3327251229115596e-07,0.0,0.0,0.0,0.0,0.0,0.0,0.0,1.1938834343256185e-08,6.027380529022179e-09,7.867933377631829e-09,0.0,0.0,0.0,0.0,0.0,0.0,0.0
