skin_mus,fat_mus,muscle_mus,ijv_mus,cca_mus,skin_mua,fat_mua,muscle_mua,ijv_mua,cca_mua,muscle10%_mua,muscle5%_mua,muscle3%_mua,muscle1%_mua,bloodConc,used_SO2,muscle_SO2,SDS_0,SDS_1,SDS_2,SDS_3,SDS_4,SDS_5,SDS_6,SDS_7,SDS_8,SDS_9,SDS_10,SDS_11,SDS_12,SDS_13,SDS_14,SDS_15,SDS_16,SDS_17,SDS_18,SDS_19,SDS_20
18.82528355453163,17.308484217062514,6.088796349918977,42.56746281028416,42.56746281028416,0.0782387218045112,0.0501010338345864,0.0125956485857149,0.5549020137689041,0.5678423599814123,0.0125956485857149,0.0125956485857149,0.0125956485857149,0.0125956485857149,164.0,0.7,0.7,5.091920894458308e-07,3.747614264381258e-07,2.9274982657820097e-07,2.2670885214225957e-07,0.0,0.0,0.0,0.0,0.0,0.0,0.0,2.1065977123149472e-08,1.0685670955500413e-08,1.3963770017522572e-08,0.0,0.0,0.0,0.0,0.0,0.0,0.0
18.82528355453163,17.308484217062514,6.088796349918977,42.56746281028416,42.56746281028416,0.0782387218045112,0.0501010338345864,0.0125956485857149,0.5012997073231992,0.5678423599814123,0.0125956485857149,0.0125956485857149,0.0125956485857149,0.0125956485857149,164.0,0.45,0.7,5.094494234056397e-07,3.749912866075847e-07,2.929629791746838e-07,2.2691188733026106e-07,0.0,0.0,0.0,0.0,0.0,0.0,0.0,2.1126502068942805e-08,1.0716158896060864e-08,1.4009679519977416e-08,0.0,0.0,0.0,0.0,0.0,0.0,0.0
18.82528355453163,17.308484217062514,6.088796349918977,42.56746281028416,42.56746281028416,0.0782387218045112,0.0501010338345864,0.0125956485857149,0.5549020137689041,0.5678423599814123,0.0125956485857149,0.0125956485857149,0.0125956485857149,0.0125956485857149,164.0,0.7,0.7,5.091920894458308e-07,3.747614264381258e-07,2.9274982657820097e-07,2.2670885214225957e-07,0.0,0.0,0.0,0.0,0.0,0.0,0.0,2.1065977123149472e-08,1.0685670955500413e-08,1.3963770017522572e-08,0.0,0.0,0.0,0.0,0.0,0.0,0.0
18.82528355453163,17.308484217062514,6.088796349918977,42.56746281028416,42.56746281028416,0.0782387218045112,0.0501010338345864,0.0125956485857149,0.5012997073231992,0.5678423599814123,0.0125956485857149,0.0125956485857149,0.0125956485857149,0.0125956485857149,164.0,0.45,0.7,5.094494234056397e-07,3.749912866075847e-07,2.929629791746838e-07,2.2691188733026106e-07,0.0,0.0,0.0,0.0,0.0,0.0,0.0,2.1126502068942805e-08,1.0716158896060864e-08,1.4009679519977416e-08,0.0,0.0,0.0,0.0,0.0,0.0,0.0
