skin_mus,fat_mus,muscle_mus,ijv_mus,cca_mus,skin_mua,fat_mua,muscle_mua,ijv_mua,cca_mua,muscle10%_mua,muscle5%_mua,muscle3%_mua,muscle1%_mua,bloodConc,used_SO2,muscle_SO2,SDS_0,SDS_1,SDS_2,SDS_3,SDS_4,SDS_5,SDS_6,SDS_7,SDS_8,SDS_9,SDS_10,SDS_11,SDS_12,SDS_13,SDS_14,SDS_15,SDS_16,SDS_17,SDS_18,SDS_19,SDS_20
18.82528355453163,17.308484217062514,6.088796349918977,42.56746281028416,42.56746281028416,0.0685838815789473,0.0449634046052631,0.0123824023971196,0.4838474876155688,0.5597387208768109,0.0123824023971196,0.0123824023971196,0.0123824023971196,0.0123824023971196,143.0,0.7,0.7,5.869220526724185e-07,4.328719356038633e-07,3.3896179268354373e-07,2.630942055910752e-07,0.0,0.0,0.0,0.0,0.0,0.0,0.0,2.4931218886942665e-08,1.2670057898198944e-08,1.6585576579538243e-08,0.0,0.0,0.0,0.0,0.0,0.0,0.0
18.82528355453163,17.308484217062514,6.088796349918977,42.56746281028416,42.56746281028416,0.0685838815789473,0.0449634046052631,0.0123824023971196,0.43710889114157,0.5597387208768109,0.0123824023971196,0.0123824023971196,0.0123824023971196,0.0123824023971196,143.0,0.45,0.7,5.872587099117807e-07,4.331729553186529e-07,3.392417250722483e-07,2.633601037448292e-07,0.0,0.0,0.0,0.0,0.0,0.0,0.0,2.5012824413896883e-08,1.2711574447706161e-08,1.6647283688915935e-08,0.0,0.0,0.0,0.0,0.0,0.0,0.0
18.82528355453163,17.308484217062514,6.088796349918977,42.56746281028416,42.56746281028416,0.0685838815789473,0.0449634046052631,0.0123824023971196,0.4838474876155688,0.5597387208768109,0.0123824023971196,0.0123824023971196,0.0123824023971196,0.0123824023971196,143.0,0.7,0.7,5.869220526724185e-07,4.328719356038633e-07,3.3896179268354373e-07,2.630942055910752e-07,0.0,0.0,0.0,0.0,0.0,0.0,0.0,2.4931218886942665e-08,1.2670057898198944e-08,1.6585576579538243e-08,0.0,0.0,0.0,0.0,0.0,0.0,0.0
18.82528355453163,17.308484217062514,6.088796349918977,42.56746281028416,42.56746281028416,0.0685838815789473,0.0449634046052631,0.0123824023971196,0.43710889114157,0.5597387208768109,0.0123824023971196,0.0123824023971196,0.0123824023971196,0.0123824023971196,143.0,0.45,0.7,5.872587099117807e-07,4.331729553186529e-07,3.392417250722483e-07,2.633601037448292e-07,0.0,0.0,0.0,0.0,0.0,0.0,0.0,2.5012824413896883e-08,1.2711574447706161e-08,1.6647283688915935e-08,0.0,0.0,0.0,0.0,0.0,0.0,0.0
