skin_mus,fat_mus,muscle_mus,ijv_mus,cca_mus,skin_mua,fat_mua,muscle_mua,ijv_mua,cca_mua,muscle10%_mua,muscle5%_mua,muscle3%_mua,muscle1%_mua,bloodConc,used_SO2,muscle_SO2,SDS_0,SDS_1,SDS_2,SDS_3,SDS_4,SDS_5,SDS_6,SDS_7,SDS_8,SDS_9,SDS_10,SDS_11,SDS_12,SDS_13,SDS_14,SDS_15,SDS_16,SDS_17,SDS_18,SDS_19,SDS_20
18.82528355453163,17.308484217062514,6.088796349918977,42.56746281028416,42.56746281028416,0.0975484022556391,0.060376292293233,0.0123316294950731,0.4669297432933462,0.5840496381906151,0.0123316294950731,0.0123316294950731,0.0123316294950731,0.0123316294950731,138.0,0.7,0.7,3.93438900585219e-07,2.8919212808789264e-07,2.255982093202406e-07,1.744661330783364e-07,0.0,0.0,0.0,0.0,0.0,0.0,0.0,1.607945515425944e-08,8.13967790419389e-09,1.0645809618204345e-08,0.0,0.0,0.0,0.0,0.0,0.0,0.0
18.82528355453163,17.308484217062514,6.088796349918977,42.56746281028416,42.56746281028416,0.0975484022556391,0.060376292293233,0.0123316294950731,0.4777547944487227,0.5840496381906151,0.0123316294950731,0.0123316294950731,0.0123316294950731,0.0123316294950731,138.0,0.76,0.7,3.933885751789525e-07,2.891472132274928e-07,2.2555667146528177e-07,1.74426501841283e-07,0.0,0.0,0.0,0.0,0.0,0.0,0.0,1.6067559550989566e-08,8.133707912755749e-09,1.063684802741762e-08,0.0,0.0,0.0,0.0,0.0,0.0,0.0
18.82528355453163,17.308484217062514,6.088796349918977,42.56746281028416,42.56746281028416,0.0975484022556391,0.060376292293233,0.0123316294950731,0.4669297432933462,0.5840496381906151,0.0123316294950731,0.0123316294950731,0.0123316294950731,0.0123316294950731,138.0,0.7,0.7,3.93438900585219e-07,2.8919212808789264e-07,2.255982093202406e-07,1.744661330783364e-07,0.0,0.0,0.0,0.0,0.0,0.0,0.0,1.607945515425944e-08,8.13967790419389e-09,1.0645809618204345e-08,0.0,0.0,0.0,0.0,0.0,0.0,0.0
18.82528355453163,17.308484217062514,6.088796349918977,42.56746281028416,42.56746281028416,0.0975484022556391,0.060376292293233,0.0123316294950731,0.4777547944487227,0.5840496381906151,0.0123316294950731,0.0123316294950731,0.0123316294950731,0.0123316294950731,138.0,0.76,0.7,3.933885751789525e-07,2.891472132274928e-07,2.2555667146528177e-07,1.74426501841283e-07,0.0,0.0,0.0,0.0,0.0,0.0,0.0,1.6067559550989566e-08,8.133707912755749e-09,1.063684802741762e-08,0.0,0.0,0.0,0.0,0.0,0.0,0.0
