skin_mus,fat_mus,muscle_mus,ijv_mus,cca_mus,skin_mua,fat_mua,muscle_mua,ijv_mua,cca_mua,muscle10%_mua,muscle5%_mua,muscle3%_mua,muscle1%_mua,bloodConc,used_SO2,muscle_SO2,SDS_0,SDS_1,SDS_2,SDS_3,SDS_4,SDS_5,SDS_6,SDS_7,SDS_8,SDS_9,SDS_10,SDS_11,SDS_12,SDS_13,SDS_14,SDS_15,SDS_16,SDS_17,SDS_18,SDS_19,SDS_20
18.82528355453163,17.308484217062514,6.088796349918977,42.56746281028416,42.56746281028416,0.0685838815789473,0.0449634046052631,0.0125753394248963,0.5481349160400151,0.5597387208768109,0.0125753394248963,0.0125753394248963,0.0125753394248963,0.0125753394248963,162.0,0.7,0.7,5.84119150771884e-07,4.3050879924130454e-07,3.368316322043605e-07,2.612351871044705e-07,0.0,0.0,0.0,0.0,0.0,0.0,0.0,2.4556947911417767e-08,1.2474661960997824e-08,1.63123319899118e-08,0.0,0.0,0.0,0.0,0.0,0.0,0.0
18.82528355453163,17.308484217062514,6.088796349918977,42.56746281028416,42.56746281028416,0.0685838815789473,0.0449634046052631,0.0125753394248963,0.4888324618844742,0.5597387208768109,0.0125753394248963,0.0125753394248963,0.0125753394248963,0.0125753394248963,162.0,0.42,0.7,5.844568324806886e-07,4.308106210882801e-07,3.371120072869272e-07,2.6150186546083616e-07,0.0,0.0,0.0,0.0,0.0,0.0,0.0,2.463724920641212e-08,1.2515323539869873e-08,1.6373284158364785e-08,0.0,0.0,0.0,0.0,0.0,0.0,0.0
18.82528355453163,17.308484217062514,6.088796349918977,42.56746281028416,42.56746281028416,0.0685838815789473,0.0449634046052631,0.0125753394248963,0.5481349160400151,0.5597387208768109,0.0125753394248963,0.0125753394248963,0.0125753394248963,0.0125753394248963,162.0,0.7,0.7,5.84119150771884e-07,4.3050879924130454e-07,3.368316322043605e-07,2.612351871044705e-07,0.0,0.0,0.0,0.0,0.0,0.0,0.0,2.4556947911417767e-08,1.2474661960997824e-08,1.63123319899118e-08,0.0,0.0,0.0,0.0,0.0,0.0,0.0
18.82528355453163,17.308484217062514,6.088796349918977,42.56746281028416,42.56746281028416,0.0685838815789473,0.0449634046052631,0.0125753394248963,0.4888324618844742,0.5597387208768109,0.0125753394248963,0.0125753394248963,0.0125753394248963,0.0125753394248963,162.0,0.42,0.7,5.844568324806886e-07,4.308106210882801e-07,3.371120072869272e-07,2.6150186546083616e-07,0.0,0.0,0.0,0.0,0.0,0.0,0.0,2.463724920641212e-08,1.2515323539869873e-08,1.6373284158364785e-08,0.0,0.0,0.0,0.0,0.0,0.0,0.0
