skin_mus,fat_mus,muscle_mus,ijv_mus,cca_mus,skin_mua,fat_mua,muscle_mua,ijv_mua,cca_mua,muscle10%_mua,muscle5%_mua,muscle3%_mua,muscle1%_mua,bloodConc,used_SO2,muscle_SO2,SDS_0,SDS_1,SDS_2,SDS_3,SDS_4,SDS_5,SDS_6,SDS_7,SDS_8,SDS_9,SDS_10,SDS_11,SDS_12,SDS_13,SDS_14,SDS_15,SDS_16,SDS_17,SDS_18,SDS_19,SDS_20
14.386642654671306,12.77984986669567,4.913393034069127,29.63001873911672,29.63001873911672,0.1265129229323308,0.075789179981203,0.0123824023971196,0.4838474876155688,0.6083605555044191,0.0123824023971196,0.0123824023971196,0.0123824023971196,0.0123824023971196,143.0,0.7,0.7,2.6960736125492044e-07,1.976386556718012e-07,1.537174737431525e-07,1.1849885967780341e-07,0.0,0.0,0.0,0.0,0.0,0.0,0.0,1.0632711584905917e-08,5.364654678264317e-09,7.012344050019389e-09,0.0,0.0,0.0,0.0,0.0,0.0,0.0
14.386642654671306,12.77984986669567,4.913393034069127,29.63001873911672,29.63001873911672,0.1265129229323308,0.075789179981203,0.0123824023971196,0.4315002595646902,0.6083605555044191,0.0123824023971196,0.0123824023971196,0.0123824023971196,0.0123824023971196,143.0,0.42,0.7,2.6978624729356105e-07,1.9779821039875574e-07,1.538641987068737e-07,1.1863947696241773e-07,0.0,0.0,0.0,0.0,0.0,0.0,0.0,1.0674409647653622e-08,5.3853723027298725e-09,7.0436358030286265e-09,0.0,0.0,0.0,0.0,0.0,0.0,0.0
14.386642654671306,12.77984986669567,4.913393034069127,29.63001873911672,29.63001873911672,0.1265129229323308,0.075789179981203,0.0123824023971196,0.4838474876155688,0.6083605555044191,0.0123824023971196,0.0123824023971196,0.0123824023971196,0.0123824023971196,143.0,0.7,0.7,2.6960736125492044e-07,1.976386556718012e-07,1.537174737431525e-07,1.1849885967780341e-07,0.0,0.0,0.0,0.0,0.0,0.0,0.0,1.0632711584905917e-08,5.364654678264317e-09,7.012344050019389e-09,0.0,0.0,0.0,0.0,0.0,0.0,0.0
14.386642654671306,12.77984986669567,4.913393034069127,29.63001873911672,29.63001873911672,0.1265129229323308,0.075789179981203,0.0123824023971196,0.4315002595646902,0.6083605555044191,0.0123824023971196,0.0123824023971196,0.0123824023971196,0.0123824023971196,143.0,0.42,0.7,2.6978624729356105e-07,1.9779821039875574e-07,1.538641987068737e-07,1.1863947696241773e-07,0.0,0.0,0.0,0.0,0.0,0.0,0.0,1.0674409647653622e-08,5.3853723027298725e-09,7.0436358030286265e-09,0.0,0.0,0.0,0.0,0.0,0.0,0.0
