skin_mus,fat_mus,muscle_mus,ijv_mus,cca_mus,skin_mua,fat_mua,muscle_mua,ijv_mua,cca_mua,muscle10%_mua,muscle5%_mua,muscle3%_mua,muscle1%_mua,bloodConc,used_SO2,muscle_SO2,SDS_0,SDS_1,SDS_2,SDS_3,SDS_4,SDS_5,SDS_6,SDS_7,SDS_8,SDS_9,SDS_10,SDS_11,SDS_12,SDS_13,SDS_14,SDS_15,SDS_16,SDS_17,SDS_18,SDS_19,SDS_20
14.386642654671306,12.77984986669567,4.913393034069127,29.63001873911672,29.63001873911672,0.1265129229323308,0.075789179981203,0.0125956485857149,0.5549020137689041,0.6083605555044191,0.0125956485857149,0.0125956485857149,0.0125956485857149,0.0125956485857149,164.0,0.7,0.7,2.681787460118556e-07,1.964417870417985e-07,1.5264617080490837e-07,1.1756971802805189e-07,0.0,0.0,0.0,0.0,0.0,0.0,0.0,1.045578559248622e-08,5.2734377453904525e-09,6.884218566872607e-09,0.0,0.0,0.0,0.0,0.0,0.0,0.0
14.386642654671306,12.77984986669567,4.913393034069127,29.63001873911672,29.63001873911672,0.1265129229323308,0.075789179981203,0.0125956485857149,0.5506138292532476,0.6083605555044191,0.0125956485857149,0.0125956485857149,0.0125956485857149,0.0125956485857149,164.0,0.68,0.7,2.681888377918204e-07,1.964507859433117e-07,1.5265445203998142e-07,1.1757766585957793e-07,0.0,0.0,0.0,0.0,0.0,0.0,0.0,1.0458064763949961e-08,5.274561796387015e-09,6.885950864760991e-09,0.0,0.0,0.0,0.0,0.0,0.0,0.0
14.386642654671306,12.77984986669567,4.913393034069127,29.63001873911672,29.63001873911672,0.1265129229323308,0.075789179981203,0.0125956485857149,0.5549020137689041,0.6083605555044191,0.0125956485857149,0.0125956485857149,0.0125956485857149,0.0125956485857149,164.0,0.7,0.7,2.681787460118556e-07,1.964417870417985e-07,1.5264617080490837e-07,1.1756971802805189e-07,0.0,0.0,0.0,0.0,0.0,0.0,0.0,1.045578559248622e-08,5.2734377453904525e-09,6.884218566872607e-09,0.0,0.0,0.0,0.0,0.0,0.0,0.0
14.386642654671306,12.77984986669567,4.913393034069127,29.63001873911672,29.63001873911672,0.1265129229323308,0.075789179981203,0.0125956485857149,0.5506138292532476,0.6083605555044191,0.0125956485857149,0.0125956485857149,0.0125956485857149,0.0125956485857149,164.0,0.68,0.7,2.681888377918204e-07,1.964507859433117e-07,1.5265445203998142e-07,1.1757766585957793e-07,0.0,0.0,0.0,0.0,0.0,0.0,0.0,1.0458064763949961e-08,5.274561796387015e-09,6.885950864760991e-09,0.0,0.0,0.0,0.0,0.0,0.0,0.0
