skin_mus,fat_mus,muscle_mus,ijv_mus,cca_mus,skin_mua,fat_mua,muscle_mua,ijv_mua,cca_mua,muscle10%_mua,muscle5%_mua,muscle3%_mua,muscle1%_mua,bloodConc,used_SO2,muscle_SO2,SDS_0,SDS_1,SDS_2,SDS_3,SDS_4,SDS_5,SDS_6,SDS_7,SDS_8,SDS_9,SDS_10,SDS_11,SDS_12,SDS_13,SDS_14,SDS_15,SDS_16,SDS_17,SDS_18,SDS_19,SDS_20
14.386642654671306,12.77984986669567,4.913393034069127,29.63001873911672,29.63001873911672,0.1265129229323308,0.075789179981203,0.0125042573620312,0.5244500739889033,0.6083605555044191,0.0125042573620312,0.0125042573620312,0.0125042573620312,0.0125042573620312,155.0,0.7,0.7,2.687830259322146e-07,1.9694764925748538e-07,1.530987623734496e-07,1.1796173417932165e-07,0.0,0.0,0.0,0.0,0.0,0.0,0.0,1.0529695181911814e-08,5.311555998746811e-09,6.937714020153351e-09,0.0,0.0,0.0,0.0,0.0,0.0,0.0
14.386642654671306,12.77984986669567,4.913393034069127,29.63001873911672,29.63001873911672,0.1265129229323308,0.075789179981203,0.0125042573620312,0.5325557886221562,0.6083605555044191,0.0125042573620312,0.0125042573620312,0.0125042573620312,0.0125042573620312,155.0,0.74,0.7,2.687621223010302e-07,1.969290124273359e-07,1.5308161589472646e-07,1.1794528362270494e-07,0.0,0.0,0.0,0.0,0.0,0.0,0.0,1.0524936626823511e-08,5.3092048576047194e-09,6.934109409677511e-09,0.0,0.0,0.0,0.0,0.0,0.0,0.0
14.386642654671306,12.77984986669567,4.913393034069127,29.63001873911672,29.63001873911672,0.1265129229323308,0.075789179981203,0.0125042573620312,0.5244500739889033,0.6083605555044191,0.0125042573620312,0.0125042573620312,0.0125042573620312,0.0125042573620312,155.0,0.7,0.7,2.687830259322146e-07,1.9694764925748538e-07,1.530987623734496e-07,1.1796173417932165e-07,0.0,0.0,0.0,0.0,0.0,0.0,0.0,1.0529695181911814e-08,5.311555998746811e-09,6.937714020153351e-09,0.0,0.0,0.0,0.0,0.0,0.0,0.0
14.386642654671306,12.77984986669567,4.913393034069127,29.63001873911672,29.63001873911672,0.1265129229323308,0.075789179981203,0.0125042573620312,0.5325557886221562,0.6083605555044191,0.0125042573620312,0.0125042573620312,0.0125042573620312,0.0125042573620312,155.0,0.74,0.7,2.687621223010302e-07,1.969290124273359e-07,1.5308161589472646e-07,1.1794528362270494e-07,0.0,0.0,0.0,0.0,0.0,0.0,0.0,1.0524936626823511e-08,5.3092048576047194e-09,6.934109409677511e-09,0.0,0.0,0.0,0.0,0.0,0.0,0.0
