skin_mus,fat_mus,muscle_mus,ijv_mus,cca_mus,skin_mua,fat_mua,muscle_mua,ijv_mua,cca_mua,muscle10%_mua,muscle5%_mua,muscle3%_mua,muscle1%_mua,bloodConc,used_SO2,muscle_SO2,SDS_0,SDS_1,SDS_2,SDS_3,SDS_4,SDS_5,SDS_6,SDS_7,SDS_8,SDS_9,SDS_10,SDS_11,SDS_12,SDS_13,SDS_14,SDS_15,SDS_16,SDS_17,SDS_18,SDS_19,SDS_20
14.386642654671306,12.77984986669567,4.913393034069127,29.63001873911672,29.63001873911672,0.1747871240601504,0.1014773261278195,0.0126362669073522,0.5684362092266823,0.6488787510274261,0.0126362669073522,0.0126362669073522,0.0126362669073522,0.0126362669073522,168.0,0.7,0.7,1.4945739793922793e-07,1.0919653963317141e-07,8.460759917856378e-08,6.492017144706117e-08,0.0,0.0,0.0,0.0,0.0,0.0,0.0,5.578884387128753e-09,2.802767117550036e-09,3.6595095474638326e-09,0.0,0.0,0.0,0.0,0.0,0.0,0.0
14.386642654671306,12.77984986669567,4.913393034069127,29.63001873911672,29.63001873911672,0.1747871240601504,0.1014773261278195,0.0126362669073522,0.6079711786637095,0.6488787510274261,0.0126362669073522,0.0126032738936963,0.0126032738936963,0.0126032738936963,168.0,0.88,0.65,1.494115899811839e-07,1.0915562734483102e-07,8.457024266532757e-08,6.488399286756138e-08,0.0,0.0,0.0,0.0,0.0,0.0,0.0,5.5688877221875606e-09,2.797925727200562e-09,3.651817234928036e-09,0.0,0.0,0.0,0.0,0.0,0.0,0.0
14.386642654671306,12.77984986669567,4.913393034069127,29.63001873911672,29.63001873911672,0.1747871240601504,0.1014773261278195,0.0126362669073522,0.5684362092266823,0.6488787510274261,0.0126362669073522,0.0126362669073522,0.0126362669073522,0.0126362669073522,168.0,0.7,0.7,1.4945739793922793e-07,1.0919653963317141e-07,8.460759917856378e-08,6.492017144706117e-08,0.0,0.0,0.0,0.0,0.0,0.0,0.0,5.578884387128753e-09,2.802767117550036e-09,3.6595095474638326e-09,0.0,0.0,0.0,0.0,0.0,0.0,0.0
14.386642654671306,12.77984986669567,4.913393034069127,29.63001873911672,29.63001873911672,0.1747871240601504,0.1014773261278195,0.0126362669073522,0.6079711786637095,0.6488787510274261,0.0126362669073522,0.0126032738936963,0.0126032738936963,0.0126032738936963,168.0,0.88,0.65,1.494115899811839e-07,1.0915562734483102e-07,8.457024266532757e-08,6.488399286756138e-08,0.0,0.0,0.0,0.0,0.0,0.0,0.0,5.5688877221875606e-09,2.797925727200562e-09,3.651817234928036e-09,0.0,0.0,0.0,0.0,0.0,0.0,0.0
