skin_mus,fat_mus,muscle_mus,ijv_mus,cca_mus,skin_mua,fat_mua,muscle_mua,ijv_mua,cca_mua,muscle10%_mua,muscle5%_mua,muscle3%_mua,muscle1%_mua,bloodConc,used_SO2,muscle_SO2,SDS_0,SDS_1,SDS_2,SDS_3,SDS_4,SDS_5,SDS_6,SDS_7,SDS_8,SDS_9,SDS_10,SDS_11,SDS_12,SDS_13,SDS_14,SDS_15,SDS_16,SDS_17,SDS_18,SDS_19,SDS_20
14.386642654671306,12.77984986669567,4.913393034069127,29.63001873911672,29.63001873911672,0.1458226033834586,0.0860644384398496,0.0125144119424405,0.5278336228533478,0.624567833713622,0.0125144119424405,0.0125144119424405,0.0125144119424405,0.0125144119424405,156.0,0.7,0.7,2.114883026576849e-07,1.5477452375521494e-07,1.201511452731065e-07,9.24230421408751e-08,0.0,0.0,0.0,0.0,0.0,0.0,0.0,8.131030710468331e-09,4.0943875044151605e-09,5.348063225003713e-09,0.0,0.0,0.0,0.0,0.0,0.0,0.0
14.386642654671306,12.77984986669567,4.913393034069127,29.63001873911672,29.63001873911672,0.1458226033834586,0.0860644384398496,0.0125144119424405,0.5380311348113112,0.624567833713622,0.0125144119424405,0.0125082846684759,0.0125082846684759,0.0125082846684759,156.0,0.75,0.69,2.114680764813162e-07,1.547564873186545e-07,1.201346162501902e-07,9.24071253285366e-08,0.0,0.0,0.0,0.0,0.0,0.0,0.0,8.126477783209437e-09,4.092154753408364e-09,5.344609959963087e-09,0.0,0.0,0.0,0.0,0.0,0.0,0.0
14.386642654671306,12.77984986669567,4.913393034069127,29.63001873911672,29.63001873911672,0.1458226033834586,0.0860644384398496,0.0125144119424405,0.5278336228533478,0.624567833713622,0.0125144119424405,0.0125144119424405,0.0125144119424405,0.0125144119424405,156.0,0.7,0.7,2.114883026576849e-07,1.5477452375521494e-07,1.201511452731065e-07,9.24230421408751e-08,0.0,0.0,0.0,0.0,0.0,0.0,0.0,8.131030710468331e-09,4.0943875044151605e-09,5.348063225003713e-09,0.0,0.0,0.0,0.0,0.0,0.0,0.0
14.386642654671306,12.77984986669567,4.913393034069127,29.63001873911672,29.63001873911672,0.1458226033834586,0.0860644384398496,0.0125144119424405,0.5380311348113112,0.624567833713622,0.0125144119424405,0.0125082846684759,0.0125082846684759,0.0125082846684759,156.0,0.75,0.69,2.114680764813162e-07,1.547564873186545e-07,1.201346162501902e-07,9.24071253285366e-08,0.0,0.0,0.0,0.0,0.0,0.0,0.0,8.126477783209437e-09,4.092154753408364e-09,5.344609959963087e-09,0.0,0.0,0.0,0.0,0.0,0.0,0.0
