skin_mus,fat_mus,muscle_mus,ijv_mus,cca_mus,skin_mua,fat_mua,muscle_mua,ijv_mua,cca_mua,muscle10%_mua,muscle5%_mua,muscle3%_mua,muscle1%_mua,bloodConc,used_SO2,muscle_SO2,SDS_0,SDS_1,SDS_2,SDS_3,SDS_4,SDS_5,SDS_6,SDS_7,SDS_8,SDS_9,SDS_10,SDS_11,SDS_12,SDS_13,SDS_14,SDS_15,SDS_16,SDS_17,SDS_18,SDS_19,SDS_20
14.386642654671306,12.77984986669567,4.913393034069127,29.63001873911672,29.63001873911672,0.1458226033834586,0.0860644384398496,0.0124839482012126,0.5176829762600142,0.624567833713622,0.0124839482012126,0.0124839482012126,0.0124839482012126,0.0124839482012126,153.0,0.7,0.7,2.116490896177681e-07,1.5490897657021365e-07,1.2027125844774925e-07,9.252702708654315e-08,0.0,0.0,0.0,0.0,0.0,0.0,0.0,8.150499695418749e-09,4.10439285509006e-09,5.3621473693454005e-09,0.0,0.0,0.0,0.0,0.0,0.0,0.0
14.386642654671306,12.77984986669567,4.913393034069127,29.63001873911672,29.63001873911672,0.1458226033834586,0.0860644384398496,0.0124839482012126,0.5016807267259793,0.624567833713622,0.0124839482012126,0.0124899576429856,0.0124899576429856,0.0124899576429856,153.0,0.62,0.71,2.1168390644894745e-07,1.549400187107023e-07,1.20299701372751e-07,9.255440396736461e-08,0.0,0.0,0.0,0.0,0.0,0.0,0.0,8.158389236732088e-09,4.108269485255082e-09,5.368110684319899e-09,0.0,0.0,0.0,0.0,0.0,0.0,0.0
14.386642654671306,12.77984986669567,4.913393034069127,29.63001873911672,29.63001873911672,0.1458226033834586,0.0860644384398496,0.0124839482012126,0.5176829762600142,0.624567833713622,0.0124839482012126,0.0124839482012126,0.0124839482012126,0.0124839482012126,153.0,0.7,0.7,2.116490896177681e-07,1.5490897657021365e-07,1.2027125844774925e-07,9.252702708654315e-08,0.0,0.0,0.0,0.0,0.0,0.0,0.0,8.150499695418749e-09,4.10439285509006e-09,5.3621473693454005e-09,0.0,0.0,0.0,0.0,0.0,0.0,0.0
14.386642654671306,12.77984986669567,4.913393034069127,29.63001873911672,29.63001873911672,0.1458226033834586,0.0860644384398496,0.0124839482012126,0.5016807267259793,0.624567833713622,0.0124839482012126,0.0124899576429856,0.0124899576429856,0.0124899576429856,153.0,0.62,0.71,2.1168390644894745e-07,1.549400187107023e-07,1.20299701372751e-07,9.255440396736461e-08,0.0,0.0,0.0,0.0,0.0,0.0,0.0,8.158389236732088e-09,4.108269485255082e-09,5.368110684319899e-09,0.0,0.0,0.0,0.0,0.0,0.0,0.0
