skin_mus,fat_mus,muscle_mus,ijv_mus,cca_mus,skin_mua,fat_mua,muscle_mua,ijv_mua,cca_mua,muscle10%_mua,muscle5%_mua,muscle3%_mua,muscle1%_mua,bloodConc,used_SO2,muscle_SO2,SDS_0,SDS_1,SDS_2,SDS_3,SDS_4,SDS_5,SDS_6,SDS_7,SDS_8,SDS_9,SDS_10,SDS_11,SDS_12,SDS_13,SDS_14,SDS_15,SDS_16,SDS_17,SDS_18,SDS_19,SDS_20
16.66788177830134,15.060099216393953,5.503131511209041,36.11739334393231,36.11739334393231,0.0106548402255639,0.0141376292293233,0.0124230207187568,0.497381683073347,0.5111168862492026,0.0124230207187568,0.0124230207187568,0.0124230207187568,0.0124230207187568,147.0,0.7,0.7,1.4422702487660126e-06,1.076031749979966e-06,8.542477584925627e-07,6.708254299801253e-07,0.0,0.0,0.0,0.0,0.0,0.0,0.0,6.933414290049833e-08,3.5622137005977935e-08,4.700282196713804e-08,0.0,0.0,0.0,0.0,0.0,0.0,0.0
16.66788177830134,15.060099216393953,5.503131511209041,36.11739334393231,36.11739334393231,0.0106548402255639,0.0141376292293233,0.0124230207187568,0.5031471994495802,0.5111168862492026,0.0124230207187568,0.0124230207187568,0.0124230207187568,0.0124230207187568,147.0,0.73,0.68,1.4421837197074263e-06,1.075953973104617e-06,8.541746184097654e-07,6.707562763263694e-07,0.0,0.0,0.0,0.0,0.0,0.0,0.0,6.93120065021954e-08,3.5610576444468764e-08,4.698569801161911e-08,0.0,0.0,0.0,0.0,0.0,0.0,0.0
16.66788177830134,15.060099216393953,5.503131511209041,36.11739334393231,36.11739334393231,0.0106548402255639,0.0141376292293233,0.0124230207187568,0.497381683073347,0.5111168862492026,0.0124230207187568,0.0124230207187568,0.0124230207187568,0.0124230207187568,147.0,0.7,0.7,1.4422702487660126e-06,1.076031749979966e-06,8.542477584925627e-07,6.708254299801253e-07,0.0,0.0,0.0,0.0,0.0,0.0,0.0,6.933414290049833e-08,3.5622137005977935e-08,4.700282196713804e-08,0.0,0.0,0.0,0.0,0.0,0.0,0.0
16.66788177830134,15.060099216393953,5.503131511209041,36.11739334393231,36.11739334393231,0.0106548402255639,0.0141376292293233,0.0124230207187568,0.5031471994495802,0.5111168862492026,0.0124230207187568,0.0124230207187568,0.0124230207187568,0.0124230207187568,147.0,0.73,0.68,1.4421837197074263e-06,1.075953973104617e-06,8.541746184097654e-07,6.707562763263694e-07,0.0,0.0,0.0,0.0,0.0,0.0,0.0,6.93120065021954e-08,3.5610576444468764e-08,4.698569801161911e-08,0.0,0.0,0.0,0.0,0.0,0.0,0.0
