skin_mus,fat_mus,muscle_mus,ijv_mus,cca_mus,skin_mua,fat_mua,muscle_mua,ijv_mua,cca_mua,muscle10%_mua,muscle5%_mua,muscle3%_mua,muscle1%_mua,bloodConc,used_SO2,muscle_SO2,SDS_0,SDS_1,SDS_2,SDS_3,SDS_4,SDS_5,SDS_6,SDS_7,SDS_8,SDS_9,SDS_10,SDS_11,SDS_12,SDS_13,SDS_14,SDS_15,SDS_16,SDS_17,SDS_18,SDS_19,SDS_20
18.82528355453163,17.308484217062514,6.088796349918977,42.56746281028416,42.56746281028416,0.0782387218045112,0.0501010338345864,0.0125347211032591,0.5346007205822368,0.5678423599814123,0.0125347211032591,0.0125347211032591,0.0125347211032591,0.0125347211032591,158.0,0.7,0.7,5.099502619281726e-07,3.75399253411292e-07,2.933235849061677e-07,2.2720819596443105e-07,0.0,0.0,0.0,0.0,0.0,0.0,0.0,2.1164191029414518e-08,1.073683443579738e-08,1.4035260208165052e-08,0.0,0.0,0.0,0.0,0.0,0.0,0.0
18.82528355453163,17.308484217062514,6.088796349918977,42.56746281028416,42.56746281028416,0.0782387218045112,0.0501010338345864,0.0125347211032591,0.5490602695892979,0.5678423599814123,0.0125347211032591,0.0125347211032591,0.0125471327607773,0.0125471327607773,158.0,0.77,0.72,5.098834618209153e-07,3.753395833256755e-07,2.932682425762178e-07,2.2715545573212685e-07,0.0,0.0,0.0,0.0,0.0,0.0,0.0,2.1148528564494187e-08,1.072894771168534e-08,1.4023354657512116e-08,0.0,0.0,0.0,0.0,0.0,0.0,0.0
18.82528355453163,17.308484217062514,6.088796349918977,42.56746281028416,42.56746281028416,0.0782387218045112,0.0501010338345864,0.0125347211032591,0.5346007205822368,0.5678423599814123,0.0125347211032591,0.0125347211032591,0.0125347211032591,0.0125347211032591,158.0,0.7,0.7,5.099502619281726e-07,3.75399253411292e-07,2.933235849061677e-07,2.2720819596443105e-07,0.0,0.0,0.0,0.0,0.0,0.0,0.0,2.1164191029414518e-08,1.073683443579738e-08,1.4035260208165052e-08,0.0,0.0,0.0,0.0,0.0,0.0,0.0
18.82528355453163,17.308484217062514,6.088796349918977,42.56746281028416,42.56746281028416,0.0782387218045112,0.0501010338345864,0.0125347211032591,0.5490602695892979,0.5678423599814123,0.0125347211032591,0.0125347211032591,0.0125471327607773,0.0125471327607773,158.0,0.77,0.72,5.098834618209153e-07,3.753395833256755e-07,2.932682425762178e-07,2.2715545573212685e-07,0.0,0.0,0.0,0.0,0.0,0.0,0.0,2.1148528564494187e-08,1.072894771168534e-08,1.4023354657512116e-08,0.0,0.0,0.0,0.0,0.0,0.0,0.0
