skin_mus,fat_mus,muscle_mus,ijv_mus,cca_mus,skin_mua,fat_mua,muscle_mua,ijv_mua,cca_mua,muscle10%_mua,muscle5%_mua,muscle3%_mua,muscle1%_mua,bloodConc,used_SO2,muscle_SO2,SDS_0,SDS_1,SDS_2,SDS_3,SDS_4,SDS_5,SDS_6,SDS_7,SDS_8,SDS_9,SDS_10,SDS_11,SDS_12,SDS_13,SDS_14,SDS_15,SDS_16,SDS_17,SDS_18,SDS_19,SDS_20
18.82528355453163,17.308484217062514,6.088796349918977,42.56746281028416,42.56746281028416,0.107203242481203,0.0655139215225563,0.0124027115579382,0.4906145853444579,0.5921532772952164,0.0124027115579382,0.0124027115579382,0.0124027115579382,0.0124027115579382,145.0,0.7,0.7,3.455202234204842e-07,2.536649248817668e-07,1.9761542744802757e-07,1.526148739069417e-07,0.0,0.0,0.0,0.0,0.0,0.0,0.0,1.390015865181537e-08,7.027396389560236e-09,9.18554451792939e-09,0.0,0.0,0.0,0.0,0.0,0.0,0.0
18.82528355453163,17.308484217062514,6.088796349918977,42.56746281028416,42.56746281028416,0.107203242481203,0.0655139215225563,0.0124027115579382,0.4678662894382319,0.5921532772952164,0.0124027115579382,0.0124027115579382,0.0124084067805335,0.0124084067805335,145.0,0.58,0.71,3.4561050289757017e-07,2.537454632664822e-07,1.9768976146778138e-07,1.5268590963273338e-07,0.0,0.0,0.0,0.0,0.0,0.0,0.0,1.3921295449715718e-08,7.037953960940603e-09,9.201459824567913e-09,0.0,0.0,0.0,0.0,0.0,0.0,0.0
18.82528355453163,17.308484217062514,6.088796349918977,42.56746281028416,42.56746281028416,0.107203242481203,0.0655139215225563,0.0124027115579382,0.4906145853444579,0.5921532772952164,0.0124027115579382,0.0124027115579382,0.0124027115579382,0.0124027115579382,145.0,0.7,0.7,3.455202234204842e-07,2.536649248817668e-07,1.9761542744802757e-07,1.526148739069417e-07,0.0,0.0,0.0,0.0,0.0,0.0,0.0,1.390015865181537e-08,7.027396389560236e-09,9.18554451792939e-09,0.0,0.0,0.0,0.0,0.0,0.0,0.0
18.82528355453163,17.308484217062514,6.088796349918977,42.56746281028416,42.56746281028416,0.107203242481203,0.0655139215225563,0.0124027115579382,0.4678662894382319,0.5921532772952164,0.0124027115579382,0.0124027115579382,0.0124084067805335,0.0124084067805335,145.0,0.58,0.71,3.4561050289757017e-07,2.537454632664822e-07,1.9768976146778138e-07,1.5268590963273338e-07,0.0,0.0,0.0,0.0,0.0,0.0,0.0,1.3921295449715718e-08,7.037953960940603e-09,9.201459824567913e-09,0.0,0.0,0.0,0.0,0.0,0.0,0.0
