skin_mus,fat_mus,muscle_mus,ijv_mus,cca_mus,skin_mua,fat_mua,muscle_mua,ijv_mua,cca_mua,muscle10%_mua,muscle5%_mua,muscle3%_mua,muscle1%_mua,bloodConc,used_SO2,muscle_SO2,SDS_0,SDS_1,SDS_2,SDS_3,SDS_4,SDS_5,SDS_6,SDS_7,SDS_8,SDS_9,SDS_10,SDS_11,SDS_12,SDS_13,SDS_14,SDS_15,SDS_16,SDS_17,SDS_18,SDS_19,SDS_20
18.82528355453163,17.308484217062514,6.088796349918977,42.56746281028416,42.56746281028416,0.0878935620300751,0.0552386630639097,0.0124433298795754,0.504148780802236,0.5759459990860136,0.0124433298795754,0.0124433298795754,0.0124433298795754,0.0124433298795754,149.0,0.7,0.7,4.471469171380974e-07,3.2888290751144164e-07,2.567365546682521e-07,1.986862616804729e-07,0.0,0.0,0.0,0.0,0.0,0.0,0.0,1.8393062456112308e-08,9.320362137329837e-09,1.2185082125820712e-08,0.0,0.0,0.0,0.0,0.0,0.0,0.0
18.82528355453163,17.308484217062514,6.088796349918977,42.56746281028416,42.56746281028416,0.0878935620300751,0.0552386630639097,0.0124433298795754,0.5158366983540557,0.5759459990860136,0.0124433298795754,0.0124433298795754,0.0124374775473912,0.0124374775473912,149.0,0.76,0.69,4.470940972026264e-07,3.288357548730548e-07,2.5669288767264744e-07,1.9864462777834955e-07,0.0,0.0,0.0,0.0,0.0,0.0,0.0,1.8380644004980752e-08,9.314123528263687e-09,1.2175686682452676e-08,0.0,0.0,0.0,0.0,0.0,0.0,0.0
18.82528355453163,17.308484217062514,6.088796349918977,42.56746281028416,42.56746281028416,0.0878935620300751,0.0552386630639097,0.0124433298795754,0.504148780802236,0.5759459990860136,0.0124433298795754,0.0124433298795754,0.0124433298795754,0.0124433298795754,149.0,0.7,0.7,4.471469171380974e-07,3.2888290751144164e-07,2.567365546682521e-07,1.986862616804729e-07,0.0,0.0,0.0,0.0,0.0,0.0,0.0,1.8393062456112308e-08,9.320362137329837e-09,1.2185082125820712e-08,0.0,0.0,0.0,0.0,0.0,0.0,0.0
18.82528355453163,17.308484217062514,6.088796349918977,42.56746281028416,42.56746281028416,0.0878935620300751,0.0552386630639097,0.0124433298795754,0.5158366983540557,0.5759459990860136,0.0124433298795754,0.0124433298795754,0.0124374775473912,0.0124374775473912,149.0,0.76,0.69,4.470940972026264e-07,3.288357548730548e-07,2.5669288767264744e-07,1.9864462777834955e-07,0.0,0.0,0.0,0.0,0.0,0.0,0.0,1.8380644004980752e-08,9.314123528263687e-09,1.2175686682452676e-08,0.0,0.0,0.0,0.0,0.0,0.0,0.0
