skin_mus,fat_mus,muscle_mus,ijv_mus,cca_mus,skin_mua,fat_mua,muscle_mua,ijv_mua,cca_mua,muscle10%_mua,muscle5%_mua,muscle3%_mua,muscle1%_mua,bloodConc,used_SO2,muscle_SO2,SDS_0,SDS_1,SDS_2,SDS_3,SDS_4,SDS_5,SDS_6,SDS_7,SDS_8,SDS_9,SDS_10,SDS_11,SDS_12,SDS_13,SDS_14,SDS_15,SDS_16,SDS_17,SDS_18,SDS_19,SDS_20
18.82528355453163,17.308484217062514,6.088796349918977,42.56746281028416,42.56746281028416,0.0975484022556391,0.060376292293233,0.0124230207187568,0.497381683073347,0.5840496381906151,0.0124230207187568,0.0124230207187568,0.0124230207187568,0.0124230207187568,147.0,0.7,0.7,3.925276027614048e-07,2.884253392476661e-07,2.2490903604260247e-07,1.7386541946571337e-07,0.0,0.0,0.0,0.0,0.0,0.0,0.0,1.5960041951777705e-08,8.077780084933639e-09,1.0558986512069906e-08,0.0,0.0,0.0,0.0,0.0,0.0,0.0
18.82528355453163,17.308484217062514,6.088796349918977,42.56746281028416,42.56746281028416,0.0975484022556391,0.060376292293233,0.0124230207187568,0.4800851339446476,0.5840496381906151,0.0124230207187568,0.0124230207187568,0.0124230207187568,0.0124230207187568,147.0,0.61,0.7,3.926025701703368e-07,2.88492237324185e-07,2.249708897289259e-07,1.7392445086673505e-07,0.0,0.0,0.0,0.0,0.0,0.0,0.0,1.5977650357136348e-08,8.086603225552311e-09,1.0572269653614314e-08,0.0,0.0,0.0,0.0,0.0,0.0,0.0
18.82528355453163,17.308484217062514,6.088796349918977,42.56746281028416,42.56746281028416,0.0975484022556391,0.060376292293233,0.0124230207187568,0.497381683073347,0.5840496381906151,0.0124230207187568,0.0124230207187568,0.0124230207187568,0.0124230207187568,147.0,0.7,0.7,3.925276027614048e-07,2.884253392476661e-07,2.2490903604260247e-07,1.7386541946571337e-07,0.0,0.0,0.0,0.0,0.0,0.0,0.0,1.5960041951777705e-08,8.077780084933639e-09,1.0558986512069906e-08,0.0,0.0,0.0,0.0,0.0,0.0,0.0
18.82528355453163,17.308484217062514,6.088796349918977,42.56746281028416,42.56746281028416,0.0975484022556391,0.060376292293233,0.0124230207187568,0.4800851339446476,0.5840496381906151,0.0124230207187568,0.0124230207187568,0.0124230207187568,0.0124230207187568,147.0,0.61,0.7,3.926025701703368e-07,2.88492237324185e-07,2.249708897289259e-07,1.7392445086673505e-07,0.0,0.0,0.0,0.0,0.0,0.0,0.0,1.5977650357136348e-08,8.086603225552311e-09,1.0572269653614314e-08,0.0,0.0,0.0,0.0,0.0,0.0,0.0
