skin_mus,fat_mus,muscle_mus,ijv_mus,cca_mus,skin_mua,fat_mua,muscle_mua,ijv_mua,cca_mua,muscle10%_mua,muscle5%_mua,muscle3%_mua,muscle1%_mua,bloodConc,used_SO2,muscle_SO2,SDS_0,SDS_1,SDS_2,SDS_3,SDS_4,SDS_5,SDS_6,SDS_7,SDS_8,SDS_9,SDS_10,SDS_11,SDS_12,SDS_13,SDS_14,SDS_15,SDS_16,SDS_17,SDS_18,SDS_19,SDS_20
16.66788177830134,15.060099216393953,5.503131511209041,36.11739334393231,36.11739334393231,0.1458226033834586,0.0860644384398496,0.0126768852289894,0.5819704046844604,0.624567833713622,0.0126768852289894,0.0126768852289894,0.0126768852289894,0.0126768852289894,172.0,0.7,0.7,2.106469415388244e-07,1.540717565197777e-07,1.195236979902694e-07,9.188093475606612e-08,0.0,0.0,0.0,0.0,0.0,0.0,0.0,8.030995919016126e-09,4.0429465484862956e-09,5.275748918814944e-09,0.0,0.0,0.0,0.0,0.0,0.0,0.0
16.66788177830134,15.060099216393953,5.503131511209041,36.11739334393231,36.11739334393231,0.1458226033834586,0.0860644384398496,0.0126768852289894,0.5257533515828675,0.624567833713622,0.0126768852289894,0.0126768852289894,0.0126768852289894,0.0126768852289894,172.0,0.45,0.7,2.1075110424753816e-07,1.541646353132961e-07,1.1960889046095397e-07,9.196294968151407e-08,0.0,0.0,0.0,0.0,0.0,0.0,0.0,8.0542261631514e-09,4.054325383107947e-09,5.2934339670898815e-09,0.0,0.0,0.0,0.0,0.0,0.0,0.0
16.66788177830134,15.060099216393953,5.503131511209041,36.11739334393231,36.11739334393231,0.1458226033834586,0.0860644384398496,0.0126768852289894,0.5819704046844604,0.624567833713622,0.0126768852289894,0.0126768852289894,0.0126768852289894,0.0126768852289894,172.0,0.7,0.7,2.106469415388244e-07,1.540717565197777e-07,1.195236979902694e-07,9.188093475606612e-08,0.0,0.0,0.0,0.0,0.0,0.0,0.0,8.030995919016126e-09,4.0429465484862956e-09,5.275748918814944e-09,0.0,0.0,0.0,0.0,0.0,0.0,0.0
16.66788177830134,15.060099216393953,5.503131511209041,36.11739334393231,36.11739334393231,0.1458226033834586,0.0860644384398496,0.0126768852289894,0.5257533515828675,0.624567833713622,0.0126768852289894,0.0126768852289894,0.0126768852289894,0.0126768852289894,172.0,0.45,0.7,2.1075110424753816e-07,1.541646353132961e-07,1.1960889046095397e-07,9.196294968151407e-08,0.0,0.0,0.0,0.0,0.0,0.0,0.0,8.0542261631514e-09,4.054325383107947e-09,5.2934339670898815e-09,0.0,0.0,0.0,0.0,0.0,0.0,0.0
