skin_mus,fat_mus,muscle_mus,ijv_mus,cca_mus,skin_mua,fat_mua,muscle_mua,ijv_mua,cca_mua,muscle10%_mua,muscle5%_mua,muscle3%_mua,muscle1%_mua,bloodConc,used_SO2,muscle_SO2,SDS_0,SDS_1,SDS_2,SDS_3,SDS_4,SDS_5,SDS_6,SDS_7,SDS_8,SDS_9,SDS_10,SDS_11,SDS_12,SDS_13,SDS_14,SDS_15,SDS_16,SDS_17,SDS_18,SDS_19,SDS_20
16.66788177830134,15.060099216393953,5.503131511209041,36.11739334393231,36.11739334393231,0.1265129229323308,0.075789179981203,0.0125753394248963,0.5481349160400151,0.6083605555044191,0.0125753394248963,0.0125753394248963,0.0125753394248963,0.0125753394248963,162.0,0.7,0.7,2.683120914518096e-07,1.965533693179265e-07,1.527459790617033e-07,1.176561069085004e-07,0.0,0.0,0.0,0.0,0.0,0.0,0.0,1.0471987062556796e-08,5.281795173268418e-09,6.895941634982261e-09,0.0,0.0,0.0,0.0,0.0,0.0,0.0
16.66788177830134,15.060099216393953,5.503131511209041,36.11739334393231,36.11739334393231,0.1265129229323308,0.075789179981203,0.0125753394248963,0.5566066952050923,0.6083605555044191,0.0125753394248963,0.0125753394248963,0.0125817023632442,0.0125817023632442,162.0,0.74,0.71,2.6829195581194765e-07,1.965354151235777e-07,1.5272945362760058e-07,1.1764024662636726e-07,0.0,0.0,0.0,0.0,0.0,0.0,0.0,1.0467439409558406e-08,5.279551761840356e-09,6.892483837515205e-09,0.0,0.0,0.0,0.0,0.0,0.0,0.0
16.66788177830134,15.060099216393953,5.503131511209041,36.11739334393231,36.11739334393231,0.1265129229323308,0.075789179981203,0.0125753394248963,0.5481349160400151,0.6083605555044191,0.0125753394248963,0.0125753394248963,0.0125753394248963,0.0125753394248963,162.0,0.7,0.7,2.683120914518096e-07,1.965533693179265e-07,1.527459790617033e-07,1.176561069085004e-07,0.0,0.0,0.0,0.0,0.0,0.0,0.0,1.0471987062556796e-08,5.281795173268418e-09,6.895941634982261e-09,0.0,0.0,0.0,0.0,0.0,0.0,0.0
16.66788177830134,15.060099216393953,5.503131511209041,36.11739334393231,36.11739334393231,0.1265129229323308,0.075789179981203,0.0125753394248963,0.5566066952050923,0.6083605555044191,0.0125753394248963,0.0125753394248963,0.0125817023632442,0.0125817023632442,162.0,0.74,0.71,2.6829195581194765e-07,1.965354151235777e-07,1.5272945362760058e-07,1.1764024662636726e-07,0.0,0.0,0.0,0.0,0.0,0.0,0.0,1.0467439409558406e-08,5.279551761840356e-09,6.892483837515205e-09,0.0,0.0,0.0,0.0,0.0,0.0,0.0
