skin_mus,fat_mus,muscle_mus,ijv_mus,cca_mus,skin_mua,fat_mua,muscle_mua,ijv_mua,cca_mua,muscle10%_mua,muscle5%_mua,muscle3%_mua,muscle1%_mua,bloodConc,used_SO2,muscle_SO2,SDS_0,SDS_1,SDS_2,SDS_3,SDS_4,SDS_5,SDS_6,SDS_7,SDS_8,SDS_9,SDS_10,SDS_11,SDS_12,SDS_13,SDS_14,SDS_15,SDS_16,SDS_17,SDS_18,SDS_19,SDS_20
16.66788177830134,15.060099216393953,5.503131511209041,36.11739334393231,36.11739334393231,0.1747871240601504,0.1014773261278195,0.0125347211032591,0.5346007205822368,0.6488787510274261,0.0125347211032591,0.0125347211032591,0.0125347211032591,0.0125347211032591,158.0,0.7,0.7,1.498332019522549e-07,1.0950975810345209e-07,8.488659496055347e-08,6.516075248775631e-08,0.0,0.0,0.0,0.0,0.0,0.0,0.0,5.6224499004039695e-09,2.825078324172542e-09,3.6909966954593694e-09,0.0,0.0,0.0,0.0,0.0,0.0,0.0
16.66788177830134,15.060099216393953,5.503131511209041,36.11739334393231,36.11739334393231,0.1747871240601504,0.1014773261278195,0.0125347211032591,0.5593885188800556,0.6488787510274261,0.0125347211032591,0.0125347211032591,0.0125347211032591,0.0125347211032591,158.0,0.82,0.7,1.49799213422694e-07,1.0947943826700187e-07,8.485891401280134e-08,6.513397218440108e-08,0.0,0.0,0.0,0.0,0.0,0.0,0.0,5.614953792070093e-09,2.8214326429173916e-09,3.685269264688363e-09,0.0,0.0,0.0,0.0,0.0,0.0,0.0
16.66788177830134,15.060099216393953,5.503131511209041,36.11739334393231,36.11739334393231,0.1747871240601504,0.1014773261278195,0.0125347211032591,0.5346007205822368,0.6488787510274261,0.0125347211032591,0.0125347211032591,0.0125347211032591,0.0125347211032591,158.0,0.7,0.7,1.498332019522549e-07,1.0950975810345209e-07,8.488659496055347e-08,6.516075248775631e-08,0.0,0.0,0.0,0.0,0.0,0.0,0.0,5.6224499004039695e-09,2.825078324172542e-09,3.6909966954593694e-09,0.0,0.0,0.0,0.0,0.0,0.0,0.0
16.66788177830134,15.060099216393953,5.503131511209041,36.11739334393231,36.11739334393231,0.1747871240601504,0.1014773261278195,0.0125347211032591,0.5593885188800556,0.6488787510274261,0.0125347211032591,0.0125347211032591,0.0125347211032591,0.0125347211032591,158.0,0.82,0.7,1.49799213422694e-07,1.0947943826700187e-07,8.485891401280134e-08,6.513397218440108e-08,0.0,0.0,0.0,0.0,0.0,0.0,0.0,5.614953792070093e-09,2.8214326429173916e-09,3.685269264688363e-09,0.0,0.0,0.0,0.0,0.0,0.0,0.0
