skin_mus,fat_mus,muscle_mus,ijv_mus,cca_mus,skin_mua,fat_mua,muscle_mua,ijv_mua,cca_mua,muscle10%_mua,muscle5%_mua,muscle3%_mua,muscle1%_mua,bloodConc,used_SO2,muscle_SO2,SDS_0,SDS_1,SDS_2,SDS_3,SDS_4,SDS_5,SDS_6,SDS_7,SDS_8,SDS_9,SDS_10,SDS_11,SDS_12,SDS_13,SDS_14,SDS_15,SDS_16,SDS_17,SDS_18,SDS_19,SDS_20
16.66788177830134,15.060099216393953,5.503131511209041,36.11739334393231,36.11739334393231,0.1651322838345864,0.0963396968984962,0.0125956485857149,0.5549020137689041,0.6407751119228248,0.0125956485857149,0.0125956485857149,0.0125956485857149,0.0125956485857149,164.0,0.7,0.7,1.6747821755584232e-07,1.2242243246671525e-07,9.490899637975209e-08,7.288147433457862e-08,0.0,0.0,0.0,0.0,0.0,0.0,0.0,6.310158754201929e-09,3.172403083784699e-09,4.142604370078711e-09,0.0,0.0,0.0,0.0,0.0,0.0,0.0
16.66788177830134,15.060099216393953,5.503131511209041,36.11739334393231,36.11739334393231,0.1651322838345864,0.0963396968984962,0.0125956485857149,0.5699106595737016,0.6407751119228248,0.0125956485857149,0.0125956485857149,0.0126278560514266,0.0126278560514266,164.0,0.77,0.75,1.6745609229185458e-07,1.2240270176382984e-07,9.489093530919689e-08,7.28640302393681e-08,0.0,0.0,0.0,0.0,0.0,0.0,0.0,6.30528711361897e-09,3.17002989924148e-09,4.138873737222156e-09,0.0,0.0,0.0,0.0,0.0,0.0,0.0
16.66788177830134,15.060099216393953,5.503131511209041,36.11739334393231,36.11739334393231,0.1651322838345864,0.0963396968984962,0.0125956485857149,0.5549020137689041,0.6407751119228248,0.0125956485857149,0.0125956485857149,0.0125956485857149,0.0125956485857149,164.0,0.7,0.7,1.6747821755584232e-07,1.2242243246671525e-07,9.490899637975209e-08,7.288147433457862e-08,0.0,0.0,0.0,0.0,0.0,0.0,0.0,6.310158754201929e-09,3.172403083784699e-09,4.142604370078711e-09,0.0,0.0,0.0,0.0,0.0,0.0,0.0
16.66788177830134,15.060099216393953,5.503131511209041,36.11739334393231,36.11739334393231,0.1651322838345864,0.0963396968984962,0.0125956485857149,0.5699106595737016,0.6407751119228248,0.0125956485857149,0.0125956485857149,0.0126278560514266,0.0126278560514266,164.0,0.77,0.75,1.6745609229185458e-07,1.2240270176382984e-07,9.489093530919689e-08,7.28640302393681e-08,0.0,0.0,0.0,0.0,0.0,0.0,0.0,6.30528711361897e-09,3.17002989924148e-09,4.138873737222156e-09,0.0,0.0,0.0,0.0,0.0,0.0,0.0
