skin_mus,fat_mus,muscle_mus,ijv_mus,cca_mus,skin_mua,fat_mua,muscle_mua,ijv_mua,cca_mua,muscle10%_mua,muscle5%_mua,muscle3%_mua,muscle1%_mua,bloodConc,used_SO2,muscle_SO2,SDS_0,SDS_1,SDS_2,SDS_3,SDS_4,SDS_5,SDS_6,SDS_7,SDS_8,SDS_9,SDS_10,SDS_11,SDS_12,SDS_13,SDS_14,SDS_15,SDS_16,SDS_17,SDS_18,SDS_19,SDS_20
16.66788177830134,15.060099216393953,5.503131511209041,36.11739334393231,36.11739334393231,0.1651322838345864,0.0963396968984962,0.012463639040394,0.5109158785311252,0.6407751119228248,0.012463639040394,0.012463639040394,0.012463639040394,0.012463639040394,151.0,0.7,0.7,1.6803002627012332e-07,1.228829880861823e-07,9.531967104243289e-08,7.323628203132277e-08,0.0,0.0,0.0,0.0,0.0,0.0,0.0,6.375390422505784e-09,3.2058382458465707e-09,4.189767403430669e-09,0.0,0.0,0.0,0.0,0.0,0.0,0.0
16.66788177830134,15.060099216393953,5.503131511209041,36.11739334393231,36.11739334393231,0.1651322838345864,0.0963396968984962,0.012463639040394,0.5306572157830799,0.6407751119228248,0.012463639040394,0.012463639040394,0.0124517772664368,0.0124517772664368,151.0,0.8,0.68,1.679969048189408e-07,1.228534527608871e-07,9.529268559545065e-08,7.321022215815069e-08,0.0,0.0,0.0,0.0,0.0,0.0,0.0,6.367984439582066e-09,3.202220291976934e-09,4.184146111886015e-09,0.0,0.0,0.0,0.0,0.0,0.0,0.0
16.66788177830134,15.060099216393953,5.503131511209041,36.11739334393231,36.11739334393231,0.1651322838345864,0.0963396968984962,0.012463639040394,0.5109158785311252,0.6407751119228248,0.012463639040394,0.012463639040394,0.012463639040394,0.012463639040394,151.0,0.7,0.7,1.6803002627012332e-07,1.228829880861823e-07,9.531967104243289e-08,7.323628203132277e-08,0.0,0.0,0.0,0.0,0.0,0.0,0.0,6.375390422505784e-09,3.2058382458465707e-09,4.189767403430669e-09,0.0,0.0,0.0,0.0,0.0,0.0,0.0
16.66788177830134,15.060099216393953,5.503131511209041,36.11739334393231,36.11739334393231,0.1651322838345864,0.0963396968984962,0.012463639040394,0.5306572157830799,0.6407751119228248,0.012463639040394,0.012463639040394,0.0124517772664368,0.0124517772664368,151.0,0.8,0.68,1.679969048189408e-07,1.228534527608871e-07,9.529268559545065e-08,7.321022215815069e-08,0.0,0.0,0.0,0.0,0.0,0.0,0.0,6.367984439582066e-09,3.202220291976934e-09,4.184146111886015e-09,0.0,0.0,0.0,0.0,0.0,0.0,0.0
