skin_mus,fat_mus,muscle_mus,ijv_mus,cca_mus,skin_mua,fat_mua,muscle_mua,ijv_mua,cca_mua,muscle10%_mua,muscle5%_mua,muscle3%_mua,muscle1%_mua,bloodConc,used_SO2,muscle_SO2,SDS_0,SDS_1,SDS_2,SDS_3,SDS_4,SDS_5,SDS_6,SDS_7,SDS_8,SDS_9,SDS_10,SDS_11,SDS_12,SDS_13,SDS_14,SDS_15,SDS_16,SDS_17,SDS_18,SDS_19,SDS_20
16.66788177830134,15.060099216393953,5.503131511209041,36.11739334393231,36.11739334393231,0.1265129229323308,0.075789179981203,0.0126159577465335,0.5616691114977932,0.6083605555044191,0.0126159577465335,0.0126159577465335,0.0126159577465335,0.0126159577465335,166.0,0.7,0.7,2.680459094495417e-07,1.963306550412496e-07,1.5254677820835413e-07,1.1748372196158297e-07,0.0,0.0,0.0,0.0,0.0,0.0,0.0,1.0439704196860525e-08,5.265141328734336e-09,6.87258433700222e-09,0.0,0.0,0.0,0.0,0.0,0.0,0.0
16.66788177830134,15.060099216393953,5.503131511209041,36.11739334393231,36.11739334393231,0.1265129229323308,0.075789179981203,0.0126159577465335,0.5725203101197285,0.6083605555044191,0.0126159577465335,0.0126159577465335,0.0126159577465335,0.0126159577465335,166.0,0.75,0.7,2.680216196166221e-07,1.963089922463619e-07,1.5252683796519517e-07,1.1746458034709233e-07,0.0,0.0,0.0,0.0,0.0,0.0,0.0,1.0434240126816482e-08,5.262448819333593e-09,6.868422265180052e-09,0.0,0.0,0.0,0.0,0.0,0.0,0.0
16.66788177830134,15.060099216393953,5.503131511209041,36.11739334393231,36.11739334393231,0.1265129229323308,0.075789179981203,0.0126159577465335,0.5616691114977932,0.6083605555044191,0.0126159577465335,0.0126159577465335,0.0126159577465335,0.0126159577465335,166.0,0.7,0.7,2.680459094495417e-07,1.963306550412496e-07,1.5254677820835413e-07,1.1748372196158297e-07,0.0,0.0,0.0,0.0,0.0,0.0,0.0,1.0439704196860525e-08,5.265141328734336e-09,6.87258433700222e-09,0.0,0.0,0.0,0.0,0.0,0.0,0.0
16.66788177830134,15.060099216393953,5.503131511209041,36.11739334393231,36.11739334393231,0.1265129229323308,0.075789179981203,0.0126159577465335,0.5725203101197285,0.6083605555044191,0.0126159577465335,0.0126159577465335,0.0126159577465335,0.0126159577465335,166.0,0.75,0.7,2.680216196166221e-07,1.963089922463619e-07,1.5252683796519517e-07,1.1746458034709233e-07,0.0,0.0,0.0,0.0,0.0,0.0,0.0,1.0434240126816482e-08,5.262448819333593e-09,6.868422265180052e-09,0.0,0.0,0.0,0.0,0.0,0.0,0.0
