{
    "SessionID:": "run_1",
    "RawSampleNum": 3,
    "AnalyzedSampleNum": 3,
    "GroupingNum": 0,
    "PhotonNum": {
        "RawSample": "10000000.0",
        "GroupingSample": 0
    },
    "GroupingSampleValues": {
        "sds_0": [
            2.812870944042857e-07,
            2.718358197389395e-07,
            2.6805888933830943e-07
        ],
        "sds_1": [
            2.60583551326296e-07,
            2.537349565976258e-07,
            2.5844459659358743e-07
        ],
        "sds_2": [
            2.26424749109172e-07,
            2.2914408496334377e-07,
            2.515223407157018e-07
        ],
        "sds_3": [
            2.0637068172080261e-07,
            2.3698161122412115e-07,
            2.1041413995693849e-07
        ],
        "sds_4": [
            0.0,
            0.0,
            0.0
        ],
        "sds_5": [
            0.0,
            0.0,
            0.0
        ],
        "sds_6": [
            0.0,
            0.0,
            0.0
        ],
        "sds_7": [
            0.0,
            0.0,
            0.0
        ],
        "sds_8": [
            0.0,
            0.0,
            0.0
        ],
        "sds_9": [
            0.0,
            0.0,
            0.0
        ],
        "sds_10": [
            0.0,
            0.0,
            0.0
        ],
        "sds_11": [
            1.876562957465216e-08,
            1.3740366268769786e-08,
            2.00416573166357e-08
        ],
        "sds_12": [
            1.6283039427409206e-08,
            6.9003231438430674e-09,
            1.0163779879591633e-08
        ],
        "sds_13": [
            8.865283229721155e-09,
            1.5158158620991303e-08,
            1.524099785119282e-08
        ],
        "sds_14": [
            0.0,
            0.0,
            0.0
        ],
        "sds_15": [
            0.0,
            0.0,
            0.0
        ],
        "sds_16": [
            0.0,
            0.0,
            0.0
        ],
        "sds_17": [
            0.0,
            0.0,
            0.0
        ],
        "sds_18": [
            0.0,
            0.0,
            0.0
        ],
        "sds_19": [
            0.0,
            0.0,
            0.0
        ],
        "sds_20": [
            0.0,
            0.0,
            0.0
        ]
    },
    "GroupingSampleStd": {
        "sds_0": 5.563544087465379e-09,
        "sds_1": 2.860829056171316e-09,
        "sds_2": 1.1245098796334362e-08,
        "sds_3": 1.3577796782071533e-08,
        "sds_4": 0.0,
        "sds_5": 0.0,
        "sds_6": 0.0,
        "sds_7": 0.0,
        "sds_8": 0.0,
        "sds_9": 0.0,
        "sds_10": 0.0,
        "sds_11": 2.720044667968087e-09,
        "sds_12": 3.889170893327557e-09,
        "sds_13": 2.9862068091395248e-09,
        "sds_14": 0.0,
        "sds_15": 0.0,
        "sds_16": 0.0,
        "sds_17": 0.0,
        "sds_18": 0.0,
        "sds_19": 0.0,
        "sds_20": 0.0
    },
    "GroupingSampleMean": {
        "sds_0": 2.737272678271782e-07,
        "sds_1": 2.575877015058364e-07,
        "sds_2": 2.3569705826273919e-07,
        "sds_3": 2.1792214430062073e-07,
        "sds_4": 0.0,
        "sds_5": 0.0,
        "sds_6": 0.0,
        "sds_7": 0.0,
        "sds_8": 0.0,
        "sds_9": 0.0,
        "sds_10": 0.0,
        "sds_11": 1.7515884386685882e-08,
        "sds_12": 1.1115714150281302e-08,
        "sds_13": 1.3088146567301759e-08,
        "sds_14": 0.0,
        "sds_15": 0.0,
        "sds_16": 0.0,
        "sds_17": 0.0,
        "sds_18": 0.0,
        "sds_19": 0.0,
        "sds_20": 0.0
    },
    "GroupingSampleCV": {
        "sds_0": 2.032513651865332,
        "sds_1": 1.110623309826962,
        "sds_2": 4.770996668019116,
        "sds_3": 6.230572310880504,
        "sds_4": NaN,
        "sds_5": NaN,
        "sds_6": NaN,
        "sds_7": NaN,
        "sds_8": NaN,
        "sds_9": NaN,
        "sds_10": NaN,
        "sds_11": 15.52901702203309,
        "sds_12": 34.98804341985652,
        "sds_13": 22.816116810610858,
        "sds_14": NaN,
        "sds_15": NaN,
        "sds_16": NaN,
        "sds_17": NaN,
        "sds_18": NaN,
        "sds_19": NaN,
        "sds_20": NaN
    },
    "MovingAverageGroupingSampleValues": null,
    "MovingAverageGroupingSampleStd": null,
    "MovingAverageGroupingSampleMean": null,
    "MovingAverageGroupingSampleCV": {
        "sds_0": 1000,
        "sds_1": 1000
    }
}