{
    "__comment__": "The mus upper bound and lower bound below are all in unit of [1/mm].",
    "730nm": {
        "skin": [
            25.520268509603323,
            14.015028398843718
        ],
        "fat": [
            22.046858445605878,
            11.883904474310551
        ],
        "muscle": [
            7.789142457800776,
            5.017136219623622
        ],
        "blood": [
            50.271525818717926,
            24.78578579041952
        ]
    },
    "760nm": {
        "skin": [
            24.075584883571015,
            13.28232157417824
        ],
        "fat": [
            21.349522448709518,
            11.627924951438848
        ],
        "muscle": [
            7.4760203255595234,
            4.857095084135973
        ],
        "blood": [
            50.070408465420506,
            24.686627111042426
        ]
    },
    "790nm": {
        "skin": [
            23.15564876130718,
            12.614119428015975
        ],
        "fat": [
            20.69998758948672,
            11.286977774757672
        ],
        "muscle": [
            7.186894179441375,
            4.708065126619532
        ],
        "blood": [
            49.877836790539874,
            24.59168178406864
        ]
    },
    "810nm": {
        "skin": [
            22.580331724702134,
            12.200575393336685
        ],
        "fat": [
            20.291066427571653,
            11.07212989594461
        ],
        "muscle": [
            7.006150018876235,
            4.614262496192998
        ],
        "blood": [
            49.75387039964399,
            24.530561531175287
        ]
    },
    "850nm": {
        "skin": [
            21.51116557987746,
            11.441148320990507
        ],
        "fat": [
            19.52533458858769,
            10.669381914955782
        ],
        "muscle": [
            6.670408456118699,
            4.438655122918859
        ],
        "blood": [
            49.51573420213947,
            24.413151123076897
        ]
    }
}