skin_mus,fat_mus,muscle_mus,ijv_mus,cca_mus,skin_mua,fat_mua,muscle_mua,ijv_mua,cca_mua,muscle10%_mua,muscle5%_mua,muscle3%_mua,muscle1%_mua,bloodConc,used_SO2,muscle_SO2,SDS_0,SDS_1,SDS_2,SDS_3,SDS_4,SDS_5,SDS_6,SDS_7,SDS_8,SDS_9,SDS_10,SDS_11,SDS_12,SDS_13,SDS_14,SDS_15,SDS_16,SDS_17,SDS_18,SDS_19,SDS_20
18.82528355453163,17.308484217062514,6.088796349918977,42.56746281028416,42.56746281028416,0.1168580827067669,0.0706515507518797,0.0126362669073522,0.5684362092266823,0.6002569163998178,0.0126362669073522,0.0126362669073522,0.0126362669073522,0.0126362669073522,168.0,0.7,0.7,3.030105031078194e-07,2.2208752102114478e-07,1.7268394813801977e-07,1.331026464844799e-07,0.0,0.0,0.0,0.0,0.0,0.0,0.0,1.1909329280993256e-08,6.011960427295987e-09,7.846814482331911e-09,0.0,0.0,0.0,0.0,0.0,0.0,0.0
18.82528355453163,17.308484217062514,6.088796349918977,42.56746281028416,42.56746281028416,0.1168580827067669,0.0706515507518797,0.0126362669073522,0.5925964683270878,0.6002569163998178,0.0126362669073522,0.0126362669073522,0.0126362669073522,0.0126362669073522,168.0,0.81,0.65,3.029522801176865e-07,2.220355764216077e-07,1.726360538939119e-07,1.3305672754120544e-07,0.0,0.0,0.0,0.0,0.0,0.0,0.0,1.1896197839214148e-08,6.00547160774376e-09,7.836799311538944e-09,0.0,0.0,0.0,0.0,0.0,0.0,0.0
18.82528355453163,17.308484217062514,6.088796349918977,42.56746281028416,42.56746281028416,0.1168580827067669,0.0706515507518797,0.0126362669073522,0.5684362092266823,0.6002569163998178,0.0126362669073522,0.0126362669073522,0.0126362669073522,0.0126362669073522,168.0,0.7,0.7,3.030105031078194e-07,2.2208752102114478e-07,1.7268394813801977e-07,1.331026464844799e-07,0.0,0.0,0.0,0.0,0.0,0.0,0.0,1.1909329280993256e-08,6.011960427295987e-09,7.846814482331911e-09,0.0,0.0,0.0,0.0,0.0,0.0,0.0
18.82528355453163,17.308484217062514,6.088796349918977,42.56746281028416,42.56746281028416,0.1168580827067669,0.0706515507518797,0.0126362669073522,0.5925964683270878,0.6002569163998178,0.0126362669073522,0.0126362669073522,0.0126362669073522,0.0126362669073522,168.0,0.81,0.65,3.029522801176865e-07,2.220355764216077e-07,1.726360538939119e-07,1.3305672754120544e-07,0.0,0.0,0.0,0.0,0.0,0.0,0.0,1.1896197839214148e-08,6.00547160774376e-09,7.836799311538944e-09,0.0,0.0,0.0,0.0,0.0,0.0,0.0
