skin_mus,fat_mus,muscle_mus,ijv_mus,cca_mus,skin_mua,fat_mua,muscle_mua,ijv_mua,cca_mua,muscle10%_mua,muscle5%_mua,muscle3%_mua,muscle1%_mua,bloodConc,used_SO2,muscle_SO2,SDS_0,SDS_1,SDS_2,SDS_3,SDS_4,SDS_5,SDS_6,SDS_7,SDS_8,SDS_9,SDS_10,SDS_11,SDS_12,SDS_13,SDS_14,SDS_15,SDS_16,SDS_17,SDS_18,SDS_19,SDS_20
14.386642654671306,12.77984986669567,4.913393034069127,29.63001873911672,29.63001873911672,0.1844419642857143,0.1066149553571428,0.0123417840754824,0.4703132921577907,0.6569823901320275,0.0123417840754824,0.0123417840754824,0.0123417840754824,0.0123417840754824,139.0,0.7,0.7,1.347410291991054e-07,9.851952686768792e-08,7.640562216873016e-08,5.8664571738753776e-08,0.0,0.0,0.0,0.0,0.0,0.0,0.0,5.0755423333342065e-09,2.5494284437129073e-09,3.335770525085252e-09,0.0,0.0,0.0,0.0,0.0,0.0,0.0
14.386642654671306,12.77984986669567,4.913393034069127,29.63001873911672,29.63001873911672,0.1844419642857143,0.1066149553571428,0.0123417840754824,0.4812167857128439,0.6569823901320275,0.0123417840754824,0.0123417840754824,0.0123144862844219,0.0123144862844219,139.0,0.76,0.65,1.347236503793006e-07,9.850401628168893e-08,7.639152346131106e-08,5.865091122596837e-08,0.0,0.0,0.0,0.0,0.0,0.0,0.0,5.0716242857018275e-09,2.5475165403939644e-09,3.332816330902524e-09,0.0,0.0,0.0,0.0,0.0,0.0,0.0
14.386642654671306,12.77984986669567,4.913393034069127,29.63001873911672,29.63001873911672,0.1844419642857143,0.1066149553571428,0.0123417840754824,0.4703132921577907,0.6569823901320275,0.0123417840754824,0.0123417840754824,0.0123417840754824,0.0123417840754824,139.0,0.7,0.7,1.347410291991054e-07,9.851952686768792e-08,7.640562216873016e-08,5.8664571738753776e-08,0.0,0.0,0.0,0.0,0.0,0.0,0.0,5.0755423333342065e-09,2.5494284437129073e-09,3.335770525085252e-09,0.0,0.0,0.0,0.0,0.0,0.0,0.0
14.386642654671306,12.77984986669567,4.913393034069127,29.63001873911672,29.63001873911672,0.1844419642857143,0.1066149553571428,0.0123417840754824,0.4812167857128439,0.6569823901320275,0.0123417840754824,0.0123417840754824,0.0123144862844219,0.0123144862844219,139.0,0.76,0.65,1.347236503793006e-07,9.850401628168893e-08,7.639152346131106e-08,5.865091122596837e-08,0.0,0.0,0.0,0.0,0.0,0.0,0.0,5.0716242857018275e-09,2.5475165403939644e-09,3.332816330902524e-09,0.0,0.0,0.0,0.0,0.0,0.0,0.0
