skin_mus,fat_mus,muscle_mus,ijv_mus,cca_mus,skin_mua,fat_mua,muscle_mua,ijv_mua,cca_mua,muscle10%_mua,muscle5%_mua,muscle3%_mua,muscle1%_mua,bloodConc,used_SO2,muscle_SO2,SDS_0,SDS_1,SDS_2,SDS_3,SDS_4,SDS_5,SDS_6,SDS_7,SDS_8,SDS_9,SDS_10,SDS_11,SDS_12,SDS_13,SDS_14,SDS_15,SDS_16,SDS_17,SDS_18,SDS_19,SDS_20
14.386642654671306,12.77984986669567,4.913393034069127,29.63001873911672,29.63001873911672,0.1651322838345864,0.0963396968984962,0.012697194389808,0.5887375024133494,0.6407751119228248,0.012697194389808,0.012697194389808,0.012697194389808,0.012697194389808,174.0,0.7,0.7,1.6706315109894585e-07,1.2207647606116768e-07,9.460070394960315e-08,7.261578534402265e-08,0.0,0.0,0.0,0.0,0.0,0.0,0.0,6.26215973292586e-09,3.147779961636682e-09,4.1079291290556165e-09,0.0,0.0,0.0,0.0,0.0,0.0,0.0
14.386642654671306,12.77984986669567,4.913393034069127,29.63001873911672,29.63001873911672,0.1651322838345864,0.0963396968984962,0.012697194389808,0.6205851166820658,0.6407751119228248,0.012697194389808,0.012697194389808,0.012697194389808,0.0126630230542359,174.0,0.84,0.65,1.670234635179217e-07,1.2204104954222604e-07,9.456824818815853e-08,7.258442755809824e-08,0.0,0.0,0.0,0.0,0.0,0.0,0.0,6.253516695016758e-09,3.143582264895849e-09,4.1012640759861e-09,0.0,0.0,0.0,0.0,0.0,0.0,0.0
14.386642654671306,12.77984986669567,4.913393034069127,29.63001873911672,29.63001873911672,0.1651322838345864,0.0963396968984962,0.012697194389808,0.5887375024133494,0.6407751119228248,0.012697194389808,0.012697194389808,0.012697194389808,0.012697194389808,174.0,0.7,0.7,1.6706315109894585e-07,1.2207647606116768e-07,9.460070394960315e-08,7.261578534402265e-08,0.0,0.0,0.0,0.0,0.0,0.0,0.0,6.26215973292586e-09,3.147779961636682e-09,4.1079291290556165e-09,0.0,0.0,0.0,0.0,0.0,0.0,0.0
14.386642654671306,12.77984986669567,4.913393034069127,29.63001873911672,29.63001873911672,0.1651322838345864,0.0963396968984962,0.012697194389808,0.6205851166820658,0.6407751119228248,0.012697194389808,0.012697194389808,0.012697194389808,0.0126630230542359,174.0,0.84,0.65,1.670234635179217e-07,1.2204104954222604e-07,9.456824818815853e-08,7.258442755809824e-08,0.0,0.0,0.0,0.0,0.0,0.0,0.0,6.253516695016758e-09,3.143582264895849e-09,4.1012640759861e-09,0.0,0.0,0.0,0.0,0.0,0.0,0.0
