skin_mus,fat_mus,muscle_mus,ijv_mus,cca_mus,skin_mua,fat_mua,muscle_mua,ijv_mua,cca_mua,muscle10%_mua,muscle5%_mua,muscle3%_mua,muscle1%_mua,bloodConc,used_SO2,muscle_SO2,SDS_0,SDS_1,SDS_2,SDS_3,SDS_4,SDS_5,SDS_6,SDS_7,SDS_8,SDS_9,SDS_10,SDS_11,SDS_12,SDS_13,SDS_14,SDS_15,SDS_16,SDS_17,SDS_18,SDS_19,SDS_20
14.386642654671306,12.77984986669567,4.913393034069127,29.63001873911672,29.63001873911672,0.0396193609022556,0.0295505169172932,0.0126768852289894,0.5819704046844604,0.5354278035630067,0.0126768852289894,0.0126768852289894,0.0126768852289894,0.0126768852289894,172.0,0.7,0.7,8.968521935502031e-07,6.640503385470652e-07,5.223254491941796e-07,4.0700866883891443e-07,0.0,0.0,0.0,0.0,0.0,0.0,0.0,3.9589958778406105e-08,2.02049329088796e-08,2.6482269077645004e-08,0.0,0.0,0.0,0.0,0.0,0.0,0.0
14.386642654671306,12.77984986669567,4.913393034069127,29.63001873911672,29.63001873911672,0.0396193609022556,0.0295505169172932,0.0126768852289894,0.5145099409625488,0.5354278035630067,0.0126768852289894,0.0126768852289894,0.0126768852289894,0.0126768852289894,172.0,0.4,0.7,8.973776237636448e-07,6.64521152597024e-07,5.227648090245468e-07,4.074255944038503e-07,0.0,0.0,0.0,0.0,0.0,0.0,0.0,3.9717432062796174e-08,2.0270291193177298e-08,2.6579906390924525e-08,0.0,0.0,0.0,0.0,0.0,0.0,0.0
14.386642654671306,12.77984986669567,4.913393034069127,29.63001873911672,29.63001873911672,0.0396193609022556,0.0295505169172932,0.0126768852289894,0.5819704046844604,0.5354278035630067,0.0126768852289894,0.0126768852289894,0.0126768852289894,0.0126768852289894,172.0,0.7,0.7,8.968521935502031e-07,6.640503385470652e-07,5.223254491941796e-07,4.0700866883891443e-07,0.0,0.0,0.0,0.0,0.0,0.0,0.0,3.9589958778406105e-08,2.02049329088796e-08,2.6482269077645004e-08,0.0,0.0,0.0,0.0,0.0,0.0,0.0
14.386642654671306,12.77984986669567,4.913393034069127,29.63001873911672,29.63001873911672,0.0396193609022556,0.0295505169172932,0.0126768852289894,0.5145099409625488,0.5354278035630067,0.0126768852289894,0.0126768852289894,0.0126768852289894,0.0126768852289894,172.0,0.4,0.7,8.973776237636448e-07,6.64521152597024e-07,5.227648090245468e-07,4.074255944038503e-07,0.0,0.0,0.0,0.0,0.0,0.0,0.0,3.9717432062796174e-08,2.0270291193177298e-08,2.6579906390924525e-08,0.0,0.0,0.0,0.0,0.0,0.0,0.0
