skin_mus,fat_mus,muscle_mus,ijv_mus,cca_mus,skin_mua,fat_mua,muscle_mua,ijv_mua,cca_mua,muscle10%_mua,muscle5%_mua,muscle3%_mua,muscle1%_mua,bloodConc,used_SO2,muscle_SO2,SDS_0,SDS_1,SDS_2,SDS_3,SDS_4,SDS_5,SDS_6,SDS_7,SDS_8,SDS_9,SDS_10,SDS_11,SDS_12,SDS_13,SDS_14,SDS_15,SDS_16,SDS_17,SDS_18,SDS_19,SDS_20
14.386642654671306,12.77984986669567,4.913393034069127,29.63001873911672,29.63001873911672,0.0203096804511278,0.0192752584586466,0.012362093236301,0.4770803898866798,0.5192205253538039,0.012362093236301,0.012362093236301,0.012362093236301,0.012362093236301,141.0,0.7,0.7,1.2296318832755642e-06,9.153345873600118e-07,7.246435041298837e-07,5.677949998212017e-07,0.0,0.0,0.0,0.0,0.0,0.0,0.0,5.7757067698577013e-08,2.9613702735731025e-08,3.9004324422382026e-08,0.0,0.0,0.0,0.0,0.0,0.0,0.0
14.386642654671306,12.77984986669567,4.913393034069127,29.63001873911672,29.63001873911672,0.0203096804511278,0.0192752584586466,0.012362093236301,0.432838876469054,0.5192205253538039,0.012362093236301,0.012362093236301,0.012362093236301,0.012362093236301,141.0,0.46,0.7,1.2303101111730345e-06,9.159438361665468e-07,7.252158981460754e-07,5.683358902884187e-07,0.0,0.0,0.0,0.0,0.0,0.0,0.0,5.793047448100632e-08,2.9704102486924363e-08,3.9137650504960416e-08,0.0,0.0,0.0,0.0,0.0,0.0,0.0
14.386642654671306,12.77984986669567,4.913393034069127,29.63001873911672,29.63001873911672,0.0203096804511278,0.0192752584586466,0.012362093236301,0.4770803898866798,0.5192205253538039,0.012362093236301,0.012362093236301,0.012362093236301,0.012362093236301,141.0,0.7,0.7,1.2296318832755642e-06,9.153345873600118e-07,7.246435041298837e-07,5.677949998212017e-07,0.0,0.0,0.0,0.0,0.0,0.0,0.0,5.7757067698577013e-08,2.9613702735731025e-08,3.9004324422382026e-08,0.0,0.0,0.0,0.0,0.0,0.0,0.0
14.386642654671306,12.77984986669567,4.913393034069127,29.63001873911672,29.63001873911672,0.0203096804511278,0.0192752584586466,0.012362093236301,0.432838876469054,0.5192205253538039,0.012362093236301,0.012362093236301,0.012362093236301,0.012362093236301,141.0,0.46,0.7,1.2303101111730345e-06,9.159438361665468e-07,7.252158981460754e-07,5.683358902884187e-07,0.0,0.0,0.0,0.0,0.0,0.0,0.0,5.793047448100632e-08,2.9704102486924363e-08,3.9137650504960416e-08,0.0,0.0,0.0,0.0,0.0,0.0,0.0
