skin_mus,fat_mus,muscle_mus,ijv_mus,cca_mus,skin_mua,fat_mua,muscle_mua,ijv_mua,cca_mua,muscle10%_mua,muscle5%_mua,muscle3%_mua,muscle1%_mua,bloodConc,used_SO2,muscle_SO2,SDS_0,SDS_1,SDS_2,SDS_3,SDS_4,SDS_5,SDS_6,SDS_7,SDS_8,SDS_9,SDS_10,SDS_11,SDS_12,SDS_13,SDS_14,SDS_15,SDS_16,SDS_17,SDS_18,SDS_19,SDS_20
14.386642654671306,12.77984986669567,4.913393034069127,29.63001873911672,29.63001873911672,0.0492742011278195,0.0346881461466165,0.0125144119424405,0.5278336228533478,0.5435314426676081,0.0125144119424405,0.0125144119424405,0.0125144119424405,0.0125144119424405,156.0,0.7,0.7,7.76935004401557e-07,5.745331876954888e-07,4.51251810827037e-07,3.511962260809655e-07,0.0,0.0,0.0,0.0,0.0,0.0,0.0,3.390966636748721e-08,1.7282367250815935e-08,2.264386264204985e-08,0.0,0.0,0.0,0.0,0.0,0.0,0.0
14.386642654671306,12.77984986669567,4.913393034069127,29.63001873911672,29.63001873911672,0.0492742011278195,0.0346881461466165,0.0125144119424405,0.5543471539440527,0.5435314426676081,0.0125144119424405,0.0125144119424405,0.0125144119424405,0.0125144119424405,156.0,0.83,0.7,7.767504324862793e-07,5.743679576341032e-07,4.510978222761108e-07,3.510499709210937e-07,0.0,0.0,0.0,0.0,0.0,0.0,0.0,3.386517656180823e-08,1.7259645918216266e-08,2.2609872404458882e-08,0.0,0.0,0.0,0.0,0.0,0.0,0.0
14.386642654671306,12.77984986669567,4.913393034069127,29.63001873911672,29.63001873911672,0.0492742011278195,0.0346881461466165,0.0125144119424405,0.5278336228533478,0.5435314426676081,0.0125144119424405,0.0125144119424405,0.0125144119424405,0.0125144119424405,156.0,0.7,0.7,7.76935004401557e-07,5.745331876954888e-07,4.51251810827037e-07,3.511962260809655e-07,0.0,0.0,0.0,0.0,0.0,0.0,0.0,3.390966636748721e-08,1.7282367250815935e-08,2.264386264204985e-08,0.0,0.0,0.0,0.0,0.0,0.0,0.0
14.386642654671306,12.77984986669567,4.913393034069127,29.63001873911672,29.63001873911672,0.0492742011278195,0.0346881461466165,0.0125144119424405,0.5543471539440527,0.5435314426676081,0.0125144119424405,0.0125144119424405,0.0125144119424405,0.0125144119424405,156.0,0.83,0.7,7.767504324862793e-07,5.743679576341032e-07,4.510978222761108e-07,3.510499709210937e-07,0.0,0.0,0.0,0.0,0.0,0.0,0.0,3.386517656180823e-08,1.7259645918216266e-08,2.2609872404458882e-08,0.0,0.0,0.0,0.0,0.0,0.0,0.0
