skin_mus,fat_mus,muscle_mus,ijv_mus,cca_mus,skin_mua,fat_mua,muscle_mua,ijv_mua,cca_mua,muscle10%_mua,muscle5%_mua,muscle3%_mua,muscle1%_mua,bloodConc,used_SO2,muscle_SO2,SDS_0,SDS_1,SDS_2,SDS_3,SDS_4,SDS_5,SDS_6,SDS_7,SDS_8,SDS_9,SDS_10,SDS_11,SDS_12,SDS_13,SDS_14,SDS_15,SDS_16,SDS_17,SDS_18,SDS_19,SDS_20
14.386642654671306,12.77984986669567,4.913393034069127,29.63001873911672,29.63001873911672,0.001,0.009,0.0126565760681708,0.5752033069555713,0.5030132471446012,0.0126565760681708,0.0126565760681708,0.0126565760681708,0.0126565760681708,170.0,0.7,0.7,1.6935201206541425e-06,1.2658945649536028e-06,1.0074752011456522e-06,7.925640543134944e-07,0.0,0.0,0.0,0.0,0.0,0.0,0.0,8.284625445837e-08,4.2642136054750154e-08,5.6340573132854425e-08,0.0,0.0,0.0,0.0,0.0,0.0,0.0
14.386642654671306,12.77984986669567,4.913393034069127,29.63001873911672,29.63001873911672,0.001,0.009,0.0126565760681708,0.5885385149006004,0.5030132471446012,0.0126565760681708,0.0126899618557987,0.0126899618557987,0.0126899618557987,170.0,0.76,0.75,1.6933332294310143e-06,1.265726438146992e-06,1.0073169167472032e-06,7.924142961097731e-07,0.0,0.0,0.0,0.0,0.0,0.0,0.0,8.279895188255459e-08,4.2617339691706927e-08,5.630358029198859e-08,0.0,0.0,0.0,0.0,0.0,0.0,0.0
14.386642654671306,12.77984986669567,4.913393034069127,29.63001873911672,29.63001873911672,0.001,0.009,0.0126565760681708,0.5752033069555713,0.5030132471446012,0.0126565760681708,0.0126565760681708,0.0126565760681708,0.0126565760681708,170.0,0.7,0.7,1.6935201206541425e-06,1.2658945649536028e-06,1.0074752011456522e-06,7.925640543134944e-07,0.0,0.0,0.0,0.0,0.0,0.0,0.0,8.284625445837e-08,4.2642136054750154e-08,5.6340573132854425e-08,0.0,0.0,0.0,0.0,0.0,0.0,0.0
14.386642654671306,12.77984986669567,4.913393034069127,29.63001873911672,29.63001873911672,0.001,0.009,0.0126565760681708,0.5885385149006004,0.5030132471446012,0.0126565760681708,0.0126899618557987,0.0126899618557987,0.0126899618557987,170.0,0.76,0.75,1.6933332294310143e-06,1.265726438146992e-06,1.0073169167472032e-06,7.924142961097731e-07,0.0,0.0,0.0,0.0,0.0,0.0,0.0,8.279895188255459e-08,4.2617339691706927e-08,5.630358029198859e-08,0.0,0.0,0.0,0.0,0.0,0.0,0.0
