skin_mus,fat_mus,muscle_mus,ijv_mus,cca_mus,skin_mua,fat_mua,muscle_mua,ijv_mua,cca_mua,muscle10%_mua,muscle5%_mua,muscle3%_mua,muscle1%_mua,bloodConc,used_SO2,muscle_SO2,SDS_0,SDS_1,SDS_2,SDS_3,SDS_4,SDS_5,SDS_6,SDS_7,SDS_8,SDS_9,SDS_10,SDS_11,SDS_12,SDS_13,SDS_14,SDS_15,SDS_16,SDS_17,SDS_18,SDS_19,SDS_20
14.386642654671306,12.77984986669567,4.913393034069127,29.63001873911672,29.63001873911672,0.001,0.009,0.0126768852289894,0.5819704046844604,0.5030132471446012,0.0126768852289894,0.0126768852289894,0.0126768852289894,0.0126768852289894,172.0,0.7,0.7,1.6926778370483375e-06,1.2651790412213245e-06,1.0068227295713864e-06,7.919896376856228e-07,0.0,0.0,0.0,0.0,0.0,0.0,0.0,8.272139518373335e-08,4.2575690323848936e-08,5.624719625854638e-08,0.0,0.0,0.0,0.0,0.0,0.0,0.0
14.386642654671306,12.77984986669567,4.913393034069127,29.63001873911672,29.63001873911672,0.001,0.009,0.0126768852289894,0.6089545901732251,0.5030132471446012,0.0126768852289894,0.0127106637905894,0.0127106637905894,0.0127106637905894,172.0,0.82,0.75,1.6923271762509968e-06,1.2648635101866026e-06,1.0065258870623268e-06,7.917085766148823e-07,0.0,0.0,0.0,0.0,0.0,0.0,0.0,8.2632706711572e-08,4.252930910598504e-08,5.617788806155779e-08,0.0,0.0,0.0,0.0,0.0,0.0,0.0
14.386642654671306,12.77984986669567,4.913393034069127,29.63001873911672,29.63001873911672,0.001,0.009,0.0126768852289894,0.5819704046844604,0.5030132471446012,0.0126768852289894,0.0126768852289894,0.0126768852289894,0.0126768852289894,172.0,0.7,0.7,1.6926778370483375e-06,1.2651790412213245e-06,1.0068227295713864e-06,7.919896376856228e-07,0.0,0.0,0.0,0.0,0.0,0.0,0.0,8.272139518373335e-08,4.2575690323848936e-08,5.624719625854638e-08,0.0,0.0,0.0,0.0,0.0,0.0,0.0
14.386642654671306,12.77984986669567,4.913393034069127,29.63001873911672,29.63001873911672,0.001,0.009,0.0126768852289894,0.6089545901732251,0.5030132471446012,0.0126768852289894,0.0127106637905894,0.0127106637905894,0.0127106637905894,172.0,0.82,0.75,1.6923271762509968e-06,1.2648635101866026e-06,1.0065258870623268e-06,7.917085766148823e-07,0.0,0.0,0.0,0.0,0.0,0.0,0.0,8.2632706711572e-08,4.252930910598504e-08,5.617788806155779e-08,0.0,0.0,0.0,0.0,0.0,0.0,0.0
