skin_mus,fat_mus,muscle_mus,ijv_mus,cca_mus,skin_mua,fat_mua,muscle_mua,ijv_mua,cca_mua,muscle10%_mua,muscle5%_mua,muscle3%_mua,muscle1%_mua,bloodConc,used_SO2,muscle_SO2,SDS_0,SDS_1,SDS_2,SDS_3,SDS_4,SDS_5,SDS_6,SDS_7,SDS_8,SDS_9,SDS_10,SDS_11,SDS_12,SDS_13,SDS_14,SDS_15,SDS_16,SDS_17,SDS_18,SDS_19,SDS_20
16.66788177830134,15.060099216393953,5.503131511209041,36.11739334393231,36.11739334393231,0.001,0.009,0.0123316294950731,0.4669297432933462,0.5030132471446012,0.0123316294950731,0.0123316294950731,0.0123316294950731,0.0123316294950731,138.0,0.7,0.7,1.707467738137247e-06,1.277764598275849e-06,1.018315751239264e-06,8.021296581572795e-07,0.0,0.0,0.0,0.0,0.0,0.0,0.0,8.497057219164972e-08,4.3773016944707184e-08,5.79329646419657e-08,0.0,0.0,0.0,0.0,0.0,0.0,0.0
16.66788177830134,15.060099216393953,5.503131511209041,36.11739334393231,36.11739334393231,0.001,0.009,0.0123316294950731,0.4452796409825931,0.5030132471446012,0.0123316294950731,0.0123316294950731,0.0123316294950731,0.0123424700567028,138.0,0.58,0.72,1.7079273623569566e-06,1.2781784695646729e-06,1.0187064813337382e-06,8.024984064249614e-07,0.0,0.0,0.0,0.0,0.0,0.0,0.0,8.509157496372438e-08,4.3836672659574754e-08,5.8026914223693374e-08,0.0,0.0,0.0,0.0,0.0,0.0,0.0
16.66788177830134,15.060099216393953,5.503131511209041,36.11739334393231,36.11739334393231,0.001,0.009,0.0123316294950731,0.4669297432933462,0.5030132471446012,0.0123316294950731,0.0123316294950731,0.0123316294950731,0.0123316294950731,138.0,0.7,0.7,1.707467738137247e-06,1.277764598275849e-06,1.018315751239264e-06,8.021296581572795e-07,0.0,0.0,0.0,0.0,0.0,0.0,0.0,8.497057219164972e-08,4.3773016944707184e-08,5.79329646419657e-08,0.0,0.0,0.0,0.0,0.0,0.0,0.0
16.66788177830134,15.060099216393953,5.503131511209041,36.11739334393231,36.11739334393231,0.001,0.009,0.0123316294950731,0.4452796409825931,0.5030132471446012,0.0123316294950731,0.0123316294950731,0.0123316294950731,0.0123424700567028,138.0,0.58,0.72,1.7079273623569566e-06,1.2781784695646729e-06,1.0187064813337382e-06,8.024984064249614e-07,0.0,0.0,0.0,0.0,0.0,0.0,0.0,8.509157496372438e-08,4.3836672659574754e-08,5.8026914223693374e-08,0.0,0.0,0.0,0.0,0.0,0.0,0.0
