skin_mus,fat_mus,muscle_mus,ijv_mus,cca_mus,skin_mua,fat_mua,muscle_mua,ijv_mua,cca_mua,muscle10%_mua,muscle5%_mua,muscle3%_mua,muscle1%_mua,bloodConc,used_SO2,muscle_SO2,SDS_0,SDS_1,SDS_2,SDS_3,SDS_4,SDS_5,SDS_6,SDS_7,SDS_8,SDS_9,SDS_10,SDS_11,SDS_12,SDS_13,SDS_14,SDS_15,SDS_16,SDS_17,SDS_18,SDS_19,SDS_20
16.66788177830134,15.060099216393953,5.503131511209041,36.11739334393231,36.11739334393231,0.0203096804511278,0.0192752584586466,0.0125347211032591,0.5346007205822368,0.5192205253538039,0.0125347211032591,0.0125347211032591,0.0125347211032591,0.0125347211032591,158.0,0.7,0.7,1.2242998079075667e-06,9.10807890622517e-07,7.205270904759616e-07,5.641740493322983e-07,0.0,0.0,0.0,0.0,0.0,0.0,0.0,5.6976015482075006e-08,2.920042553525093e-08,3.8424548852507794e-08,0.0,0.0,0.0,0.0,0.0,0.0,0.0
16.66788177830134,15.060099216393953,5.503131511209041,36.11739334393231,36.11739334393231,0.0203096804511278,0.0192752584586466,0.0125347211032591,0.557322869021904,0.5192205253538039,0.0125347211032591,0.0125347211032591,0.0125347211032591,0.0125347211032591,158.0,0.81,0.7,1.2240555855770528e-06,9.105886333576336e-07,7.203216274503543e-07,5.639793846589751e-07,0.0,0.0,0.0,0.0,0.0,0.0,0.0,5.691516567901633e-08,2.9168889659185778e-08,3.837759189396245e-08,0.0,0.0,0.0,0.0,0.0,0.0,0.0
16.66788177830134,15.060099216393953,5.503131511209041,36.11739334393231,36.11739334393231,0.0203096804511278,0.0192752584586466,0.0125347211032591,0.5346007205822368,0.5192205253538039,0.0125347211032591,0.0125347211032591,0.0125347211032591,0.0125347211032591,158.0,0.7,0.7,1.2242998079075667e-06,9.10807890622517e-07,7.205270904759616e-07,5.641740493322983e-07,0.0,0.0,0.0,0.0,0.0,0.0,0.0,5.6976015482075006e-08,2.920042553525093e-08,3.8424548852507794e-08,0.0,0.0,0.0,0.0,0.0,0.0,0.0
16.66788177830134,15.060099216393953,5.503131511209041,36.11739334393231,36.11739334393231,0.0203096804511278,0.0192752584586466,0.0125347211032591,0.557322869021904,0.5192205253538039,0.0125347211032591,0.0125347211032591,0.0125347211032591,0.0125347211032591,158.0,0.81,0.7,1.2240555855770528e-06,9.105886333576336e-07,7.203216274503543e-07,5.639793846589751e-07,0.0,0.0,0.0,0.0,0.0,0.0,0.0,5.691516567901633e-08,2.9168889659185778e-08,3.837759189396245e-08,0.0,0.0,0.0,0.0,0.0,0.0,0.0
