skin_mus,fat_mus,muscle_mus,ijv_mus,cca_mus,skin_mua,fat_mua,muscle_mua,ijv_mua,cca_mua,muscle10%_mua,muscle5%_mua,muscle3%_mua,muscle1%_mua,bloodConc,used_SO2,muscle_SO2,SDS_0,SDS_1,SDS_2,SDS_3,SDS_4,SDS_5,SDS_6,SDS_7,SDS_8,SDS_9,SDS_10,SDS_11,SDS_12,SDS_13,SDS_14,SDS_15,SDS_16,SDS_17,SDS_18,SDS_19,SDS_20
16.66788177830134,15.060099216393953,5.503131511209041,36.11739334393231,36.11739334393231,0.0396193609022556,0.0295505169172932,0.0126362669073522,0.5684362092266823,0.5354278035630067,0.0126362669073522,0.0126362669073522,0.0126362669073522,0.0126362669073522,168.0,0.7,0.7,8.977316920964436e-07,6.647932732812357e-07,5.22997258713208e-07,4.075958374751717e-07,0.0,0.0,0.0,0.0,0.0,0.0,0.0,3.9709644419088935e-08,2.0267901526392792e-08,2.6570181914767853e-08,0.0,0.0,0.0,0.0,0.0,0.0,0.0
16.66788177830134,15.060099216393953,5.503131511209041,36.11739334393231,36.11739334393231,0.0396193609022556,0.0295505169172932,0.0126362669073522,0.5530614988900605,0.5354278035630067,0.0126362669073522,0.0126362669073522,0.0126362669073522,0.0126362669073522,168.0,0.63,0.7,8.978464154587444e-07,6.64896076900395e-07,5.230931822158102e-07,4.076869048184401e-07,0.0,0.0,0.0,0.0,0.0,0.0,0.0,3.9737407842710447e-08,2.0282128996780792e-08,2.6591472268243563e-08,0.0,0.0,0.0,0.0,0.0,0.0,0.0
16.66788177830134,15.060099216393953,5.503131511209041,36.11739334393231,36.11739334393231,0.0396193609022556,0.0295505169172932,0.0126362669073522,0.5684362092266823,0.5354278035630067,0.0126362669073522,0.0126362669073522,0.0126362669073522,0.0126362669073522,168.0,0.7,0.7,8.977316920964436e-07,6.647932732812357e-07,5.22997258713208e-07,4.075958374751717e-07,0.0,0.0,0.0,0.0,0.0,0.0,0.0,3.9709644419088935e-08,2.0267901526392792e-08,2.6570181914767853e-08,0.0,0.0,0.0,0.0,0.0,0.0,0.0
16.66788177830134,15.060099216393953,5.503131511209041,36.11739334393231,36.11739334393231,0.0396193609022556,0.0295505169172932,0.0126362669073522,0.5530614988900605,0.5354278035630067,0.0126362669073522,0.0126362669073522,0.0126362669073522,0.0126362669073522,168.0,0.63,0.7,8.978464154587444e-07,6.64896076900395e-07,5.230931822158102e-07,4.076869048184401e-07,0.0,0.0,0.0,0.0,0.0,0.0,0.0,3.9737407842710447e-08,2.0282128996780792e-08,2.6591472268243563e-08,0.0,0.0,0.0,0.0,0.0,0.0,0.0
