skin_mus,fat_mus,muscle_mus,ijv_mus,cca_mus,skin_mua,fat_mua,muscle_mua,ijv_mua,cca_mua,muscle10%_mua,muscle5%_mua,muscle3%_mua,muscle1%_mua,bloodConc,used_SO2,muscle_SO2,SDS_0,SDS_1,SDS_2,SDS_3,SDS_4,SDS_5,SDS_6,SDS_7,SDS_8,SDS_9,SDS_10,SDS_11,SDS_12,SDS_13,SDS_14,SDS_15,SDS_16,SDS_17,SDS_18,SDS_19,SDS_20
16.66788177830134,15.060099216393953,5.503131511209041,36.11739334393231,36.11739334393231,0.0203096804511278,0.0192752584586466,0.0125956485857149,0.5549020137689041,0.5192205253538039,0.0125956485857149,0.0125956485857149,0.0125956485857149,0.0125956485857149,164.0,0.7,0.7,1.2224639170139729e-06,9.092513609557374e-07,7.191131779572359e-07,5.62932489353444e-07,0.0,0.0,0.0,0.0,0.0,0.0,0.0,5.6712436667875386e-08,2.906098376818673e-08,3.822920946203408e-08,0.0,0.0,0.0,0.0,0.0,0.0,0.0
16.66788177830134,15.060099216393953,5.503131511209041,36.11739334393231,36.11739334393231,0.0203096804511278,0.0192752584586466,0.0125956485857149,0.5463256447375914,0.5192205253538039,0.0125956485857149,0.0125956485857149,0.0125956485857149,0.0125892070925726,164.0,0.66,0.69,1.2225543102840487e-06,9.093325166082668e-07,7.191892097082596e-07,5.630045331076946e-07,0.0,0.0,0.0,0.0,0.0,0.0,0.0,5.6734911055857025e-08,2.9072625571025287e-08,3.8246553473993e-08,0.0,0.0,0.0,0.0,0.0,0.0,0.0
16.66788177830134,15.060099216393953,5.503131511209041,36.11739334393231,36.11739334393231,0.0203096804511278,0.0192752584586466,0.0125956485857149,0.5549020137689041,0.5192205253538039,0.0125956485857149,0.0125956485857149,0.0125956485857149,0.0125956485857149,164.0,0.7,0.7,1.2224639170139729e-06,9.092513609557374e-07,7.191131779572359e-07,5.62932489353444e-07,0.0,0.0,0.0,0.0,0.0,0.0,0.0,5.6712436667875386e-08,2.906098376818673e-08,3.822920946203408e-08,0.0,0.0,0.0,0.0,0.0,0.0,0.0
16.66788177830134,15.060099216393953,5.503131511209041,36.11739334393231,36.11739334393231,0.0203096804511278,0.0192752584586466,0.0125956485857149,0.5463256447375914,0.5192205253538039,0.0125956485857149,0.0125956485857149,0.0125956485857149,0.0125892070925726,164.0,0.66,0.69,1.2225543102840487e-06,9.093325166082668e-07,7.191892097082596e-07,5.630045331076946e-07,0.0,0.0,0.0,0.0,0.0,0.0,0.0,5.6734911055857025e-08,2.9072625571025287e-08,3.8246553473993e-08,0.0,0.0,0.0,0.0,0.0,0.0,0.0
