skin_mus,fat_mus,muscle_mus,ijv_mus,cca_mus,skin_mua,fat_mua,muscle_mua,ijv_mua,cca_mua,muscle10%_mua,muscle5%_mua,muscle3%_mua,muscle1%_mua,bloodConc,used_SO2,muscle_SO2,SDS_0,SDS_1,SDS_2,SDS_3,SDS_4,SDS_5,SDS_6,SDS_7,SDS_8,SDS_9,SDS_10,SDS_11,SDS_12,SDS_13,SDS_14,SDS_15,SDS_16,SDS_17,SDS_18,SDS_19,SDS_20
16.66788177830134,15.060099216393953,5.503131511209041,36.11739334393231,36.11739334393231,0.001,0.009,0.0125753394248963,0.5481349160400151,0.5030132471446012,0.0125753394248963,0.0125753394248963,0.0125753394248963,0.0125753394248963,162.0,0.7,0.7,1.6969200034398414e-06,1.2687841325187957e-06,1.0101111934943777e-06,7.948861230378287e-07,0.0,0.0,0.0,0.0,0.0,0.0,0.0,8.335385536875928e-08,4.2912285596308444e-08,5.6720423410538275e-08,0.0,0.0,0.0,0.0,0.0,0.0,0.0
16.66788177830134,15.060099216393953,5.503131511209041,36.11739334393231,36.11739334393231,0.001,0.009,0.0125753394248963,0.5290734129185912,0.5030132471446012,0.0125753394248963,0.0125753394248963,0.0125753394248963,0.0125880653015922,162.0,0.61,0.72,1.6972111991152612e-06,1.2690461464774716e-06,1.0103578955536313e-06,7.951194460522857e-07,0.0,0.0,0.0,0.0,0.0,0.0,0.0,8.34286703041085e-08,4.2951438383250293e-08,5.6778637140462714e-08,0.0,0.0,0.0,0.0,0.0,0.0,0.0
16.66788177830134,15.060099216393953,5.503131511209041,36.11739334393231,36.11739334393231,0.001,0.009,0.0125753394248963,0.5481349160400151,0.5030132471446012,0.0125753394248963,0.0125753394248963,0.0125753394248963,0.0125753394248963,162.0,0.7,0.7,1.6969200034398414e-06,1.2687841325187957e-06,1.0101111934943777e-06,7.948861230378287e-07,0.0,0.0,0.0,0.0,0.0,0.0,0.0,8.335385536875928e-08,4.2912285596308444e-08,5.6720423410538275e-08,0.0,0.0,0.0,0.0,0.0,0.0,0.0
16.66788177830134,15.060099216393953,5.503131511209041,36.11739334393231,36.11739334393231,0.001,0.009,0.0125753394248963,0.5290734129185912,0.5030132471446012,0.0125753394248963,0.0125753394248963,0.0125753394248963,0.0125880653015922,162.0,0.61,0.72,1.6972111991152612e-06,1.2690461464774716e-06,1.0103578955536313e-06,7.951194460522857e-07,0.0,0.0,0.0,0.0,0.0,0.0,0.0,8.34286703041085e-08,4.2951438383250293e-08,5.6778637140462714e-08,0.0,0.0,0.0,0.0,0.0,0.0,0.0
