skin_mus,fat_mus,muscle_mus,ijv_mus,cca_mus,skin_mua,fat_mua,muscle_mua,ijv_mua,cca_mua,muscle10%_mua,muscle5%_mua,muscle3%_mua,muscle1%_mua,bloodConc,used_SO2,muscle_SO2,SDS_0,SDS_1,SDS_2,SDS_3,SDS_4,SDS_5,SDS_6,SDS_7,SDS_8,SDS_9,SDS_10,SDS_11,SDS_12,SDS_13,SDS_14,SDS_15,SDS_16,SDS_17,SDS_18,SDS_19,SDS_20
16.66788177830134,15.060099216393953,5.503131511209041,36.11739334393231,36.11739334393231,0.001,0.009,0.0125042573620312,0.5244500739889033,0.5030132471446012,0.0125042573620312,0.0125042573620312,0.0125042573620312,0.0125042573620312,155.0,0.7,0.7,1.6999385116203617e-06,1.2713515124020674e-06,1.012454773488364e-06,7.96952604902108e-07,0.0,0.0,0.0,0.0,0.0,0.0,0.0,8.380967146083626e-08,4.3154908635182856e-08,5.7061856711060064e-08,0.0,0.0,0.0,0.0,0.0,0.0,0.0
16.66788177830134,15.060099216393953,5.503131511209041,36.11739334393231,36.11739334393231,0.001,0.009,0.0125042573620312,0.5163443593556504,0.5030132471446012,0.0125042573620312,0.0125042573620312,0.0125042573620312,0.0124981693654638,155.0,0.66,0.69,1.70007156728385e-06,1.271471243739986e-06,1.0125675706574794e-06,7.970592370870096e-07,0.0,0.0,0.0,0.0,0.0,0.0,0.0,8.384403363145506e-08,4.317291263783812e-08,5.708858083704174e-08,0.0,0.0,0.0,0.0,0.0,0.0,0.0
16.66788177830134,15.060099216393953,5.503131511209041,36.11739334393231,36.11739334393231,0.001,0.009,0.0125042573620312,0.5244500739889033,0.5030132471446012,0.0125042573620312,0.0125042573620312,0.0125042573620312,0.0125042573620312,155.0,0.7,0.7,1.6999385116203617e-06,1.2713515124020674e-06,1.012454773488364e-06,7.96952604902108e-07,0.0,0.0,0.0,0.0,0.0,0.0,0.0,8.380967146083626e-08,4.3154908635182856e-08,5.7061856711060064e-08,0.0,0.0,0.0,0.0,0.0,0.0,0.0
16.66788177830134,15.060099216393953,5.503131511209041,36.11739334393231,36.11739334393231,0.001,0.009,0.0125042573620312,0.5163443593556504,0.5030132471446012,0.0125042573620312,0.0125042573620312,0.0125042573620312,0.0124981693654638,155.0,0.66,0.69,1.70007156728385e-06,1.271471243739986e-06,1.0125675706574794e-06,7.970592370870096e-07,0.0,0.0,0.0,0.0,0.0,0.0,0.0,8.384403363145506e-08,4.317291263783812e-08,5.708858083704174e-08,0.0,0.0,0.0,0.0,0.0,0.0,0.0
