skin_mus,fat_mus,muscle_mus,ijv_mus,cca_mus,skin_mua,fat_mua,muscle_mua,ijv_mua,cca_mua,muscle10%_mua,muscle5%_mua,muscle3%_mua,muscle1%_mua,bloodConc,used_SO2,muscle_SO2,SDS_0,SDS_1,SDS_2,SDS_3,SDS_4,SDS_5,SDS_6,SDS_7,SDS_8,SDS_9,SDS_10,SDS_11,SDS_12,SDS_13,SDS_14,SDS_15,SDS_16,SDS_17,SDS_18,SDS_19,SDS_20
16.66788177830134,15.060099216393953,5.503131511209041,36.11739334393231,36.11739334393231,0.0299645206766917,0.0244128876879699,0.0124433298795754,0.504148780802236,0.5273241644584054,0.0124433298795754,0.0124433298795754,0.0124433298795754,0.0124433298795754,149.0,0.7,0.7,1.0497020372965375e-06,7.794264982673731e-07,6.151597745494402e-07,4.807696435189481e-07,0.0,0.0,0.0,0.0,0.0,0.0,0.0,4.792711384576983e-08,2.4519005817788997e-08,3.222240303906093e-08,0.0,0.0,0.0,0.0,0.0,0.0,0.0
16.66788177830134,15.060099216393953,5.503131511209041,36.11739334393231,36.11739334393231,0.0299645206766917,0.0244128876879699,0.0124433298795754,0.5022007945435994,0.5273241644584054,0.0124433298795754,0.0124433298795754,0.0124433298795754,0.0124433298795754,149.0,0.69,0.7,1.0497230506358817e-06,7.794453445168822e-07,6.151774180277938e-07,4.807863521704381e-07,0.0,0.0,0.0,0.0,0.0,0.0,0.0,4.7932343797754545e-08,2.4521709964487197e-08,3.2226415007776686e-08,0.0,0.0,0.0,0.0,0.0,0.0,0.0
16.66788177830134,15.060099216393953,5.503131511209041,36.11739334393231,36.11739334393231,0.0299645206766917,0.0244128876879699,0.0124433298795754,0.504148780802236,0.5273241644584054,0.0124433298795754,0.0124433298795754,0.0124433298795754,0.0124433298795754,149.0,0.7,0.7,1.0497020372965375e-06,7.794264982673731e-07,6.151597745494402e-07,4.807696435189481e-07,0.0,0.0,0.0,0.0,0.0,0.0,0.0,4.792711384576983e-08,2.4519005817788997e-08,3.222240303906093e-08,0.0,0.0,0.0,0.0,0.0,0.0,0.0
16.66788177830134,15.060099216393953,5.503131511209041,36.11739334393231,36.11739334393231,0.0299645206766917,0.0244128876879699,0.0124433298795754,0.5022007945435994,0.5273241644584054,0.0124433298795754,0.0124433298795754,0.0124433298795754,0.0124433298795754,149.0,0.69,0.7,1.0497230506358817e-06,7.794453445168822e-07,6.151774180277938e-07,4.807863521704381e-07,0.0,0.0,0.0,0.0,0.0,0.0,0.0,4.7932343797754545e-08,2.4521709964487197e-08,3.2226415007776686e-08,0.0,0.0,0.0,0.0,0.0,0.0,0.0
