skin_mus,fat_mus,muscle_mus,ijv_mus,cca_mus,skin_mua,fat_mua,muscle_mua,ijv_mua,cca_mua,muscle10%_mua,muscle5%_mua,muscle3%_mua,muscle1%_mua,bloodConc,used_SO2,muscle_SO2,SDS_0,SDS_1,SDS_2,SDS_3,SDS_4,SDS_5,SDS_6,SDS_7,SDS_8,SDS_9,SDS_10,SDS_11,SDS_12,SDS_13,SDS_14,SDS_15,SDS_16,SDS_17,SDS_18,SDS_19,SDS_20
16.66788177830134,15.060099216393953,5.503131511209041,36.11739334393231,36.11739334393231,0.0492742011278195,0.0346881461466165,0.0124027115579382,0.4906145853444579,0.5435314426676081,0.0124027115579382,0.0124027115579382,0.0124027115579382,0.0124027115579382,145.0,0.7,0.7,7.791017366648616e-07,5.763649019558822e-07,4.529081657917846e-07,3.526460657588005e-07,0.0,0.0,0.0,0.0,0.0,0.0,0.0,3.4209159970644085e-08,1.7439516417768608e-08,2.2863687644315167e-08,0.0,0.0,0.0,0.0,0.0,0.0,0.0
16.66788177830134,15.060099216393953,5.503131511209041,36.11739334393231,36.11739334393231,0.0492742011278195,0.0346881461466165,0.0124027115579382,0.4716576720892695,0.5435314426676081,0.0124027115579382,0.0124027115579382,0.0124027115579382,0.0123913211127475,145.0,0.6,0.68,7.79267679579685e-07,5.76513474587909e-07,4.530467913249621e-07,3.527775122343824e-07,0.0,0.0,0.0,0.0,0.0,0.0,0.0,3.4249841962195465e-08,1.7460376815064977e-08,2.289465243537798e-08,0.0,0.0,0.0,0.0,0.0,0.0,0.0
16.66788177830134,15.060099216393953,5.503131511209041,36.11739334393231,36.11739334393231,0.0492742011278195,0.0346881461466165,0.0124027115579382,0.4906145853444579,0.5435314426676081,0.0124027115579382,0.0124027115579382,0.0124027115579382,0.0124027115579382,145.0,0.7,0.7,7.791017366648616e-07,5.763649019558822e-07,4.529081657917846e-07,3.526460657588005e-07,0.0,0.0,0.0,0.0,0.0,0.0,0.0,3.4209159970644085e-08,1.7439516417768608e-08,2.2863687644315167e-08,0.0,0.0,0.0,0.0,0.0,0.0,0.0
16.66788177830134,15.060099216393953,5.503131511209041,36.11739334393231,36.11739334393231,0.0492742011278195,0.0346881461466165,0.0124027115579382,0.4716576720892695,0.5435314426676081,0.0124027115579382,0.0124027115579382,0.0124027115579382,0.0123913211127475,145.0,0.6,0.68,7.79267679579685e-07,5.76513474587909e-07,4.530467913249621e-07,3.527775122343824e-07,0.0,0.0,0.0,0.0,0.0,0.0,0.0,3.4249841962195465e-08,1.7460376815064977e-08,2.289465243537798e-08,0.0,0.0,0.0,0.0,0.0,0.0,0.0
