skin_mus,fat_mus,muscle_mus,ijv_mus,cca_mus,skin_mua,fat_mua,muscle_mua,ijv_mua,cca_mua,muscle10%_mua,muscle5%_mua,muscle3%_mua,muscle1%_mua,bloodConc,used_SO2,muscle_SO2,SDS_0,SDS_1,SDS_2,SDS_3,SDS_4,SDS_5,SDS_6,SDS_7,SDS_8,SDS_9,SDS_10,SDS_11,SDS_12,SDS_13,SDS_14,SDS_15,SDS_16,SDS_17,SDS_18,SDS_19,SDS_20
18.82528355453163,17.308484217062514,6.088796349918977,42.56746281028416,42.56746281028416,0.001,0.009,0.012697194389808,0.5887375024133494,0.5030132471446012,0.012697194389808,0.012697194389808,0.012697194389808,0.012697194389808,174.0,0.7,0.7,1.6918384709202882e-06,1.2644661222054352e-06,1.0061727322884217e-06,7.914175336280264e-07,0.0,0.0,0.0,0.0,0.0,0.0,0.0,8.259730656821661e-08,4.2509656685277485e-08,5.61544181079363e-08,0.0,0.0,0.0,0.0,0.0,0.0,0.0
18.82528355453163,17.308484217062514,6.088796349918977,42.56746281028416,42.56746281028416,0.001,0.009,0.012697194389808,0.6160354575008207,0.5030132471446012,0.012697194389808,0.0127313657253801,0.0127313657253801,0.0127313657253801,174.0,0.82,0.75,1.6914917214150497e-06,1.2641540946009877e-06,1.0058792295187602e-06,7.911395895155825e-07,0.0,0.0,0.0,0.0,0.0,0.0,0.0,8.25097537771808e-08,4.246388274809042e-08,5.608597268403567e-08,0.0,0.0,0.0,0.0,0.0,0.0,0.0
18.82528355453163,17.308484217062514,6.088796349918977,42.56746281028416,42.56746281028416,0.001,0.009,0.012697194389808,0.5887375024133494,0.5030132471446012,0.012697194389808,0.012697194389808,0.012697194389808,0.012697194389808,174.0,0.7,0.7,1.6918384709202882e-06,1.2644661222054352e-06,1.0061727322884217e-06,7.914175336280264e-07,0.0,0.0,0.0,0.0,0.0,0.0,0.0,8.259730656821661e-08,4.2509656685277485e-08,5.61544181079363e-08,0.0,0.0,0.0,0.0,0.0,0.0,0.0
18.82528355453163,17.308484217062514,6.088796349918977,42.56746281028416,42.56746281028416,0.001,0.009,0.012697194389808,0.6160354575008207,0.5030132471446012,0.012697194389808,0.0127313657253801,0.0127313657253801,0.0127313657253801,174.0,0.82,0.75,1.6914917214150497e-06,1.2641540946009877e-06,1.0058792295187602e-06,7.911395895155825e-07,0.0,0.0,0.0,0.0,0.0,0.0,0.0,8.25097537771808e-08,4.246388274809042e-08,5.608597268403567e-08,0.0,0.0,0.0,0.0,0.0,0.0,0.0
