skin_mus,fat_mus,muscle_mus,ijv_mus,cca_mus,skin_mua,fat_mua,muscle_mua,ijv_mua,cca_mua,muscle10%_mua,muscle5%_mua,muscle3%_mua,muscle1%_mua,bloodConc,used_SO2,muscle_SO2,SDS_0,SDS_1,SDS_2,SDS_3,SDS_4,SDS_5,SDS_6,SDS_7,SDS_8,SDS_9,SDS_10,SDS_11,SDS_12,SDS_13,SDS_14,SDS_15,SDS_16,SDS_17,SDS_18,SDS_19,SDS_20
18.82528355453163,17.308484217062514,6.088796349918977,42.56746281028416,42.56746281028416,0.0685838815789473,0.0449634046052631,0.012697194389808,0.5887375024133494,0.5597387208768109,0.012697194389808,0.012697194389808,0.012697194389808,0.012697194389808,174.0,0.7,0.7,5.824035074447172e-07,4.290648158316036e-07,3.355316670504875e-07,2.601036658812838e-07,0.0,0.0,0.0,0.0,0.0,0.0,0.0,2.4334087090332056e-08,1.2358278933520032e-08,1.6149913369248503e-08,0.0,0.0,0.0,0.0,0.0,0.0,0.0
18.82528355453163,17.308484217062514,6.088796349918977,42.56746281028416,42.56746281028416,0.0685838815789473,0.0449634046052631,0.012697194389808,0.6001116503664624,0.5597387208768109,0.012697194389808,0.012697194389808,0.0126835258555791,0.0126835258555791,174.0,0.75,0.68,5.823547172580593e-07,4.290211803583407e-07,3.354911604039101e-07,2.600650643179183e-07,0.0,0.0,0.0,0.0,0.0,0.0,0.0,2.4322708360117108e-08,1.2352545085350918e-08,1.6141219310940636e-08,0.0,0.0,0.0,0.0,0.0,0.0,0.0
18.82528355453163,17.308484217062514,6.088796349918977,42.56746281028416,42.56746281028416,0.0685838815789473,0.0449634046052631,0.012697194389808,0.5887375024133494,0.5597387208768109,0.012697194389808,0.012697194389808,0.012697194389808,0.012697194389808,174.0,0.7,0.7,5.824035074447172e-07,4.290648158316036e-07,3.355316670504875e-07,2.601036658812838e-07,0.0,0.0,0.0,0.0,0.0,0.0,0.0,2.4334087090332056e-08,1.2358278933520032e-08,1.6149913369248503e-08,0.0,0.0,0.0,0.0,0.0,0.0,0.0
18.82528355453163,17.308484217062514,6.088796349918977,42.56746281028416,42.56746281028416,0.0685838815789473,0.0449634046052631,0.012697194389808,0.6001116503664624,0.5597387208768109,0.012697194389808,0.012697194389808,0.0126835258555791,0.0126835258555791,174.0,0.75,0.68,5.823547172580593e-07,4.290211803583407e-07,3.354911604039101e-07,2.600650643179183e-07,0.0,0.0,0.0,0.0,0.0,0.0,0.0,2.4322708360117108e-08,1.2352545085350918e-08,1.6141219310940636e-08,0.0,0.0,0.0,0.0,0.0,0.0,0.0
