skin_mus,fat_mus,muscle_mus,ijv_mus,cca_mus,skin_mua,fat_mua,muscle_mua,ijv_mua,cca_mua,muscle10%_mua,muscle5%_mua,muscle3%_mua,muscle1%_mua,bloodConc,used_SO2,muscle_SO2,SDS_0,SDS_1,SDS_2,SDS_3,SDS_4,SDS_5,SDS_6,SDS_7,SDS_8,SDS_9,SDS_10,SDS_11,SDS_12,SDS_13,SDS_14,SDS_15,SDS_16,SDS_17,SDS_18,SDS_19,SDS_20
18.82528355453163,17.308484217062514,6.088796349918977,42.56746281028416,42.56746281028416,0.1554774436090225,0.0912020676691729,0.0125347211032591,0.5346007205822368,0.6326714728182233,0.0125347211032591,0.0125347211032591,0.0125347211032591,0.0125347211032591,158.0,0.7,0.7,1.8811322178197859e-07,1.3759183550057944e-07,1.0674595618675281e-07,8.204588665197894e-08,0.0,0.0,0.0,0.0,0.0,0.0,0.0,7.165309476869619e-09,3.6052103105820685e-09,4.708978113449006e-09,0.0,0.0,0.0,0.0,0.0,0.0,0.0
18.82528355453163,17.308484217062514,6.088796349918977,42.56746281028416,42.56746281028416,0.1554774436090225,0.0912020676691729,0.0125347211032591,0.5263381211496307,0.6326714728182233,0.0125347211032591,0.0125347211032591,0.0125285152745001,0.0125285152745001,158.0,0.66,0.69,1.8812827972372746e-07,1.3760525978412932e-07,1.067582479172137e-07,8.205773687244833e-08,0.0,0.0,0.0,0.0,0.0,0.0,0.0,7.1686769850874795e-09,3.6068584990932926e-09,4.71153670511456e-09,0.0,0.0,0.0,0.0,0.0,0.0,0.0
18.82528355453163,17.308484217062514,6.088796349918977,42.56746281028416,42.56746281028416,0.1554774436090225,0.0912020676691729,0.0125347211032591,0.5346007205822368,0.6326714728182233,0.0125347211032591,0.0125347211032591,0.0125347211032591,0.0125347211032591,158.0,0.7,0.7,1.8811322178197859e-07,1.3759183550057944e-07,1.0674595618675281e-07,8.204588665197894e-08,0.0,0.0,0.0,0.0,0.0,0.0,0.0,7.165309476869619e-09,3.6052103105820685e-09,4.708978113449006e-09,0.0,0.0,0.0,0.0,0.0,0.0,0.0
18.82528355453163,17.308484217062514,6.088796349918977,42.56746281028416,42.56746281028416,0.1554774436090225,0.0912020676691729,0.0125347211032591,0.5263381211496307,0.6326714728182233,0.0125347211032591,0.0125347211032591,0.0125285152745001,0.0125285152745001,158.0,0.66,0.69,1.8812827972372746e-07,1.3760525978412932e-07,1.067582479172137e-07,8.205773687244833e-08,0.0,0.0,0.0,0.0,0.0,0.0,0.0,7.1686769850874795e-09,3.6068584990932926e-09,4.71153670511456e-09,0.0,0.0,0.0,0.0,0.0,0.0,0.0
