skin_mus,fat_mus,muscle_mus,ijv_mus,cca_mus,skin_mua,fat_mua,muscle_mua,ijv_mua,cca_mua,muscle10%_mua,muscle5%_mua,muscle3%_mua,muscle1%_mua,bloodConc,used_SO2,muscle_SO2,SDS_0,SDS_1,SDS_2,SDS_3,SDS_4,SDS_5,SDS_6,SDS_7,SDS_8,SDS_9,SDS_10,SDS_11,SDS_12,SDS_13,SDS_14,SDS_15,SDS_16,SDS_17,SDS_18,SDS_19,SDS_20
18.82528355453163,17.308484217062514,6.088796349918977,42.56746281028416,42.56746281028416,0.1265129229323308,0.075789179981203,0.012362093236301,0.4770803898866798,0.6083605555044191,0.012362093236301,0.012362093236301,0.012362093236301,0.012362093236301,141.0,0.7,0.7,2.6974708410295484e-07,1.9775589727844626e-07,1.5382250762795698e-07,1.1859019491322769e-07,0.0,0.0,0.0,0.0,0.0,0.0,0.0,1.065044824312198e-08,5.3737934111656174e-09,7.0252011607211455e-09,0.0,0.0,0.0,0.0,0.0,0.0,0.0
18.82528355453163,17.308484217062514,6.088796349918977,42.56746281028416,42.56746281028416,0.1265129229323308,0.075789179981203,0.012362093236301,0.432838876469054,0.6083605555044191,0.012362093236301,0.012362093236301,0.012362093236301,0.012362093236301,141.0,0.46,0.7,2.6990005275791145e-07,1.97892339425645e-07,1.5394798233286622e-07,1.1871044309701639e-07,0.0,0.0,0.0,0.0,0.0,0.0,0.0,1.0686144815919533e-08,5.391534139953268e-09,7.051982764692992e-09,0.0,0.0,0.0,0.0,0.0,0.0,0.0
18.82528355453163,17.308484217062514,6.088796349918977,42.56746281028416,42.56746281028416,0.1265129229323308,0.075789179981203,0.012362093236301,0.4770803898866798,0.6083605555044191,0.012362093236301,0.012362093236301,0.012362093236301,0.012362093236301,141.0,0.7,0.7,2.6974708410295484e-07,1.9775589727844626e-07,1.5382250762795698e-07,1.1859019491322769e-07,0.0,0.0,0.0,0.0,0.0,0.0,0.0,1.065044824312198e-08,5.3737934111656174e-09,7.0252011607211455e-09,0.0,0.0,0.0,0.0,0.0,0.0,0.0
18.82528355453163,17.308484217062514,6.088796349918977,42.56746281028416,42.56746281028416,0.1265129229323308,0.075789179981203,0.012362093236301,0.432838876469054,0.6083605555044191,0.012362093236301,0.012362093236301,0.012362093236301,0.012362093236301,141.0,0.46,0.7,2.6990005275791145e-07,1.97892339425645e-07,1.5394798233286622e-07,1.1871044309701639e-07,0.0,0.0,0.0,0.0,0.0,0.0,0.0,1.0686144815919533e-08,5.391534139953268e-09,7.051982764692992e-09,0.0,0.0,0.0,0.0,0.0,0.0,0.0
