skin_mus,fat_mus,muscle_mus,ijv_mus,cca_mus,skin_mua,fat_mua,muscle_mua,ijv_mua,cca_mua,muscle10%_mua,muscle5%_mua,muscle3%_mua,muscle1%_mua,bloodConc,used_SO2,muscle_SO2,SDS_0,SDS_1,SDS_2,SDS_3,SDS_4,SDS_5,SDS_6,SDS_7,SDS_8,SDS_9,SDS_10,SDS_11,SDS_12,SDS_13,SDS_14,SDS_15,SDS_16,SDS_17,SDS_18,SDS_19,SDS_20
18.82528355453163,17.308484217062514,6.088796349918977,42.56746281028416,42.56746281028416,0.1361677631578947,0.0809268092105263,0.0124230207187568,0.497381683073347,0.6164641946090206,0.0124230207187568,0.0124230207187568,0.0124230207187568,0.0124230207187568,147.0,0.7,0.7,2.386796264600747e-07,1.7482870929513628e-07,1.3585641094628573e-07,1.046244018319866e-07,0.0,0.0,0.0,0.0,0.0,0.0,0.0,9.30356914201225e-09,4.689445073716356e-09,6.128387892917094e-09,0.0,0.0,0.0,0.0,0.0,0.0,0.0
18.82528355453163,17.308484217062514,6.088796349918977,42.56746281028416,42.56746281028416,0.1361677631578947,0.0809268092105263,0.0124230207187568,0.4762414563604922,0.6164641946090206,0.0124230207187568,0.0124230207187568,0.0124114731639773,0.0124114731639773,147.0,0.59,0.68,2.387368323703201e-07,1.7487970887201858e-07,1.3590323496799428e-07,1.0466937164450606e-07,0.0,0.0,0.0,0.0,0.0,0.0,0.0,9.316690825822394e-09,4.695927677159387e-09,6.138275328849297e-09,0.0,0.0,0.0,0.0,0.0,0.0,0.0
18.82528355453163,17.308484217062514,6.088796349918977,42.56746281028416,42.56746281028416,0.1361677631578947,0.0809268092105263,0.0124230207187568,0.497381683073347,0.6164641946090206,0.0124230207187568,0.0124230207187568,0.0124230207187568,0.0124230207187568,147.0,0.7,0.7,2.386796264600747e-07,1.7482870929513628e-07,1.3585641094628573e-07,1.046244018319866e-07,0.0,0.0,0.0,0.0,0.0,0.0,0.0,9.30356914201225e-09,4.689445073716356e-09,6.128387892917094e-09,0.0,0.0,0.0,0.0,0.0,0.0,0.0
18.82528355453163,17.308484217062514,6.088796349918977,42.56746281028416,42.56746281028416,0.1361677631578947,0.0809268092105263,0.0124230207187568,0.4762414563604922,0.6164641946090206,0.0124230207187568,0.0124230207187568,0.0124114731639773,0.0124114731639773,147.0,0.59,0.68,2.387368323703201e-07,1.7487970887201858e-07,1.3590323496799428e-07,1.0466937164450606e-07,0.0,0.0,0.0,0.0,0.0,0.0,0.0,9.316690825822394e-09,4.695927677159387e-09,6.138275328849297e-09,0.0,0.0,0.0,0.0,0.0,0.0,0.0
