skin_mus,fat_mus,muscle_mus,ijv_mus,cca_mus,skin_mua,fat_mua,muscle_mua,ijv_mua,cca_mua,muscle10%_mua,muscle5%_mua,muscle3%_mua,muscle1%_mua,bloodConc,used_SO2,muscle_SO2,SDS_0,SDS_1,SDS_2,SDS_3,SDS_4,SDS_5,SDS_6,SDS_7,SDS_8,SDS_9,SDS_10,SDS_11,SDS_12,SDS_13,SDS_14,SDS_15,SDS_16,SDS_17,SDS_18,SDS_19,SDS_20
18.82528355453163,17.308484217062514,6.088796349918977,42.56746281028416,42.56746281028416,0.1651322838345864,0.0963396968984962,0.0125550302640777,0.5413678183111259,0.6407751119228248,0.0125550302640777,0.0125550302640777,0.0125550302640777,0.0125550302640777,160.0,0.7,0.7,1.6764643340798792e-07,1.2256275027736814e-07,9.503408445906501e-08,7.2989433800992e-08,0.0,0.0,0.0,0.0,0.0,0.0,0.0,6.329863058874033e-09,3.182506150871873e-09,4.156846255690237e-09,0.0,0.0,0.0,0.0,0.0,0.0,0.0
18.82528355453163,17.308484217062514,6.088796349918977,42.56746281028416,42.56746281028416,0.1651322838345864,0.0963396968984962,0.0125550302640777,0.5058072637910486,0.6407751119228248,0.0125550302640777,0.0125550302640777,0.0125487458805242,0.0125487458805242,160.0,0.53,0.69,1.6770556366075633e-07,1.2261547609607058e-07,9.508226166887424e-08,7.303595578331029e-08,0.0,0.0,0.0,0.0,0.0,0.0,0.0,6.3430493549479745e-09,3.1889444653368477e-09,4.166860593702982e-09,0.0,0.0,0.0,0.0,0.0,0.0,0.0
18.82528355453163,17.308484217062514,6.088796349918977,42.56746281028416,42.56746281028416,0.1651322838345864,0.0963396968984962,0.0125550302640777,0.5413678183111259,0.6407751119228248,0.0125550302640777,0.0125550302640777,0.0125550302640777,0.0125550302640777,160.0,0.7,0.7,1.6764643340798792e-07,1.2256275027736814e-07,9.503408445906501e-08,7.2989433800992e-08,0.0,0.0,0.0,0.0,0.0,0.0,0.0,6.329863058874033e-09,3.182506150871873e-09,4.156846255690237e-09,0.0,0.0,0.0,0.0,0.0,0.0,0.0
18.82528355453163,17.308484217062514,6.088796349918977,42.56746281028416,42.56746281028416,0.1651322838345864,0.0963396968984962,0.0125550302640777,0.5058072637910486,0.6407751119228248,0.0125550302640777,0.0125550302640777,0.0125487458805242,0.0125487458805242,160.0,0.53,0.69,1.6770556366075633e-07,1.2261547609607058e-07,9.508226166887424e-08,7.303595578331029e-08,0.0,0.0,0.0,0.0,0.0,0.0,0.0,6.3430493549479745e-09,3.1889444653368477e-09,4.166860593702982e-09,0.0,0.0,0.0,0.0,0.0,0.0,0.0
