skin_mus,fat_mus,muscle_mus,ijv_mus,cca_mus,skin_mua,fat_mua,muscle_mua,ijv_mua,cca_mua,muscle10%_mua,muscle5%_mua,muscle3%_mua,muscle1%_mua,bloodConc,used_SO2,muscle_SO2,SDS_0,SDS_1,SDS_2,SDS_3,SDS_4,SDS_5,SDS_6,SDS_7,SDS_8,SDS_9,SDS_10,SDS_11,SDS_12,SDS_13,SDS_14,SDS_15,SDS_16,SDS_17,SDS_18,SDS_19,SDS_20
18.82528355453163,17.308484217062514,6.088796349918977,42.56746281028416,42.56746281028416,0.0299645206766917,0.0244128876879699,0.0124433298795754,0.504148780802236,0.5273241644584054,0.0124433298795754,0.0124433298795754,0.0124433298795754,0.0124433298795754,149.0,0.7,0.7,1.0497020372965375e-06,7.794264982673731e-07,6.151597745494402e-07,4.807696435189481e-07,0.0,0.0,0.0,0.0,0.0,0.0,0.0,4.792711384576983e-08,2.4519005817788997e-08,3.222240303906093e-08,0.0,0.0,0.0,0.0,0.0,0.0,0.0
18.82528355453163,17.308484217062514,6.088796349918977,42.56746281028416,42.56746281028416,0.0299645206766917,0.0244128876879699,0.0124433298795754,0.5158366983540557,0.5273241644584054,0.0124433298795754,0.0124433298795754,0.0124433298795754,0.0124140682186545,149.0,0.76,0.65,1.0495795331090623e-06,7.793166365126109e-07,6.15056935747236e-07,4.806722384731865e-07,0.0,0.0,0.0,0.0,0.0,0.0,0.0,4.7896670386958905e-08,2.450327183186901e-08,3.219904289656457e-08,0.0,0.0,0.0,0.0,0.0,0.0,0.0
18.82528355453163,17.308484217062514,6.088796349918977,42.56746281028416,42.56746281028416,0.0299645206766917,0.0244128876879699,0.0124433298795754,0.504148780802236,0.5273241644584054,0.0124433298795754,0.0124433298795754,0.0124433298795754,0.0124433298795754,149.0,0.7,0.7,1.0497020372965375e-06,7.794264982673731e-07,6.151597745494402e-07,4.807696435189481e-07,0.0,0.0,0.0,0.0,0.0,0.0,0.0,4.792711384576983e-08,2.4519005817788997e-08,3.222240303906093e-08,0.0,0.0,0.0,0.0,0.0,0.0,0.0
18.82528355453163,17.308484217062514,6.088796349918977,42.56746281028416,42.56746281028416,0.0299645206766917,0.0244128876879699,0.0124433298795754,0.5158366983540557,0.5273241644584054,0.0124433298795754,0.0124433298795754,0.0124433298795754,0.0124140682186545,149.0,0.76,0.65,1.0495795331090623e-06,7.793166365126109e-07,6.15056935747236e-07,4.806722384731865e-07,0.0,0.0,0.0,0.0,0.0,0.0,0.0,4.7896670386958905e-08,2.450327183186901e-08,3.219904289656457e-08,0.0,0.0,0.0,0.0,0.0,0.0,0.0
