skin_mus,fat_mus,muscle_mus,ijv_mus,cca_mus,skin_mua,fat_mua,muscle_mua,ijv_mua,cca_mua,muscle10%_mua,muscle5%_mua,muscle3%_mua,muscle1%_mua,bloodConc,used_SO2,muscle_SO2,SDS_0,SDS_1,SDS_2,SDS_3,SDS_4,SDS_5,SDS_6,SDS_7,SDS_8,SDS_9,SDS_10,SDS_11,SDS_12,SDS_13,SDS_14,SDS_15,SDS_16,SDS_17,SDS_18,SDS_19,SDS_20
18.82528355453163,17.308484217062514,6.088796349918977,42.56746281028416,42.56746281028416,0.0299645206766917,0.0244128876879699,0.0125347211032591,0.5346007205822368,0.5273241644584054,0.0125347211032591,0.0125347211032591,0.0125347211032591,0.0125347211032591,158.0,0.7,0.7,1.0473175078550626e-06,7.774059939998991e-07,6.133268187530576e-07,4.791610986228952e-07,0.0,0.0,0.0,0.0,0.0,0.0,0.0,4.758737113091816e-08,2.4339765970214824e-08,3.197142203815285e-08,0.0,0.0,0.0,0.0,0.0,0.0,0.0
18.82528355453163,17.308484217062514,6.088796349918977,42.56746281028416,42.56746281028416,0.0299645206766917,0.0244128876879699,0.0125347211032591,0.4788281744121448,0.5273241644584054,0.0125347211032591,0.0125347211032591,0.0125347211032591,0.0125285152745001,158.0,0.43,0.69,1.0479089811188326e-06,7.779364772245912e-07,6.138233252290222e-07,4.796313022431618e-07,0.0,0.0,0.0,0.0,0.0,0.0,0.0,4.773427610869053e-08,2.441568295295244e-08,3.208408954106812e-08,0.0,0.0,0.0,0.0,0.0,0.0,0.0
18.82528355453163,17.308484217062514,6.088796349918977,42.56746281028416,42.56746281028416,0.0299645206766917,0.0244128876879699,0.0125347211032591,0.5346007205822368,0.5273241644584054,0.0125347211032591,0.0125347211032591,0.0125347211032591,0.0125347211032591,158.0,0.7,0.7,1.0473175078550626e-06,7.774059939998991e-07,6.133268187530576e-07,4.791610986228952e-07,0.0,0.0,0.0,0.0,0.0,0.0,0.0,4.758737113091816e-08,2.4339765970214824e-08,3.197142203815285e-08,0.0,0.0,0.0,0.0,0.0,0.0,0.0
18.82528355453163,17.308484217062514,6.088796349918977,42.56746281028416,42.56746281028416,0.0299645206766917,0.0244128876879699,0.0125347211032591,0.4788281744121448,0.5273241644584054,0.0125347211032591,0.0125347211032591,0.0125347211032591,0.0125285152745001,158.0,0.43,0.69,1.0479089811188326e-06,7.779364772245912e-07,6.138233252290222e-07,4.796313022431618e-07,0.0,0.0,0.0,0.0,0.0,0.0,0.0,4.773427610869053e-08,2.441568295295244e-08,3.208408954106812e-08,0.0,0.0,0.0,0.0,0.0,0.0,0.0
