skin_mus,fat_mus,muscle_mus,ijv_mus,cca_mus,skin_mua,fat_mua,muscle_mua,ijv_mua,cca_mua,muscle10%_mua,muscle5%_mua,muscle3%_mua,muscle1%_mua,bloodConc,used_SO2,muscle_SO2,SDS_0,SDS_1,SDS_2,SDS_3,SDS_4,SDS_5,SDS_6,SDS_7,SDS_8,SDS_9,SDS_10,SDS_11,SDS_12,SDS_13,SDS_14,SDS_15,SDS_16,SDS_17,SDS_18,SDS_19,SDS_20
18.82528355453163,17.308484217062514,6.088796349918977,42.56746281028416,42.56746281028416,0.0396193609022556,0.0295505169172932,0.0125144119424405,0.5278336228533478,0.5354278035630067,0.0125144119424405,0.0125144119424405,0.0125144119424405,0.0125144119424405,156.0,0.7,0.7,9.004100907038063e-07,6.670575805205475e-07,5.250461133938176e-07,4.093886170326634e-07,0.0,0.0,0.0,0.0,0.0,0.0,0.0,4.0078775201575546e-08,2.0462105410575384e-08,2.6841580927291524e-08,0.0,0.0,0.0,0.0,0.0,0.0,0.0
18.82528355453163,17.308484217062514,6.088796349918977,42.56746281028416,42.56746281028416,0.0396193609022556,0.0295505169172932,0.0125144119424405,0.558426158727238,0.5354278035630067,0.0125144119424405,0.0125144119424405,0.0125144119424405,0.0125021573945112,156.0,0.85,0.68,9.001654935841751e-07,6.668384220322621e-07,5.248415132331908e-07,4.091944638732112e-07,0.0,0.0,0.0,0.0,0.0,0.0,0.0,4.001922242196547e-08,2.0431542871391266e-08,2.6795950391725416e-08,0.0,0.0,0.0,0.0,0.0,0.0,0.0
18.82528355453163,17.308484217062514,6.088796349918977,42.56746281028416,42.56746281028416,0.0396193609022556,0.0295505169172932,0.0125144119424405,0.5278336228533478,0.5354278035630067,0.0125144119424405,0.0125144119424405,0.0125144119424405,0.0125144119424405,156.0,0.7,0.7,9.004100907038063e-07,6.670575805205475e-07,5.250461133938176e-07,4.093886170326634e-07,0.0,0.0,0.0,0.0,0.0,0.0,0.0,4.0078775201575546e-08,2.0462105410575384e-08,2.6841580927291524e-08,0.0,0.0,0.0,0.0,0.0,0.0,0.0
18.82528355453163,17.308484217062514,6.088796349918977,42.56746281028416,42.56746281028416,0.0396193609022556,0.0295505169172932,0.0125144119424405,0.558426158727238,0.5354278035630067,0.0125144119424405,0.0125144119424405,0.0125144119424405,0.0125021573945112,156.0,0.85,0.68,9.001654935841751e-07,6.668384220322621e-07,5.248415132331908e-07,4.091944638732112e-07,0.0,0.0,0.0,0.0,0.0,0.0,0.0,4.001922242196547e-08,2.0431542871391266e-08,2.6795950391725416e-08,0.0,0.0,0.0,0.0,0.0,0.0,0.0
