skin_mus,fat_mus,muscle_mus,ijv_mus,cca_mus,skin_mua,fat_mua,muscle_mua,ijv_mua,cca_mua,muscle10%_mua,muscle5%_mua,muscle3%_mua,muscle1%_mua,bloodConc,used_SO2,muscle_SO2,SDS_0,SDS_1,SDS_2,SDS_3,SDS_4,SDS_5,SDS_6,SDS_7,SDS_8,SDS_9,SDS_10,SDS_11,SDS_12,SDS_13,SDS_14,SDS_15,SDS_16,SDS_17,SDS_18,SDS_19,SDS_20
14.386642654671306,12.77984986669567,4.913393034069127,29.63001873911672,29.63001873911672,0.001,0.009,0.012697194389808,0.5887375024133494,0.5030132471446012,0.012697194389808,0.012697194389808,0.012697194389808,0.012697194389808,174.0,0.7,0.7,1.6918384709202882e-06,1.2644661222054352e-06,1.0061727322884217e-06,7.914175336280264e-07,0.0,0.0,0.0,0.0,0.0,0.0,0.0,8.259730656821661e-08,4.2509656685277485e-08,5.61544181079363e-08,0.0,0.0,0.0,0.0,0.0,0.0,0.0
14.386642654671306,12.77984986669567,4.913393034069127,29.63001873911672,29.63001873911672,0.001,0.009,0.012697194389808,0.6001116503664624,0.5030132471446012,0.012697194389808,0.012697194389808,0.0126903601226935,0.0126903601226935,174.0,0.75,0.69,1.691696331583718e-06,1.2643382045935507e-06,1.006052455964964e-06,7.913036110747606e-07,0.0,0.0,0.0,0.0,0.0,0.0,0.0,8.256126543547175e-08,4.249085232907599e-08,5.6126309693606467e-08,0.0,0.0,0.0,0.0,0.0,0.0,0.0
14.386642654671306,12.77984986669567,4.913393034069127,29.63001873911672,29.63001873911672,0.001,0.009,0.012697194389808,0.5887375024133494,0.5030132471446012,0.012697194389808,0.012697194389808,0.012697194389808,0.012697194389808,174.0,0.7,0.7,1.6918384709202882e-06,1.2644661222054352e-06,1.0061727322884217e-06,7.914175336280264e-07,0.0,0.0,0.0,0.0,0.0,0.0,0.0,8.259730656821661e-08,4.2509656685277485e-08,5.61544181079363e-08,0.0,0.0,0.0,0.0,0.0,0.0,0.0
14.386642654671306,12.77984986669567,4.913393034069127,29.63001873911672,29.63001873911672,0.001,0.009,0.012697194389808,0.6001116503664624,0.5030132471446012,0.012697194389808,0.012697194389808,0.0126903601226935,0.0126903601226935,174.0,0.75,0.69,1.691696331583718e-06,1.2643382045935507e-06,1.006052455964964e-06,7.913036110747606e-07,0.0,0.0,0.0,0.0,0.0,0.0,0.0,8.256126543547175e-08,4.249085232907599e-08,5.6126309693606467e-08,0.0,0.0,0.0,0.0,0.0,0.0,0.0
