skin_mus,fat_mus,muscle_mus,ijv_mus,cca_mus,skin_mua,fat_mua,muscle_mua,ijv_mua,cca_mua,muscle10%_mua,muscle5%_mua,muscle3%_mua,muscle1%_mua,bloodConc,used_SO2,muscle_SO2,SDS_0,SDS_1,SDS_2,SDS_3,SDS_4,SDS_5,SDS_6,SDS_7,SDS_8,SDS_9,SDS_10,SDS_11,SDS_12,SDS_13,SDS_14,SDS_15,SDS_16,SDS_17,SDS_18,SDS_19,SDS_20
14.386642654671306,12.77984986669567,4.913393034069127,29.63001873911672,29.63001873911672,0.0782387218045112,0.0501010338345864,0.0125144119424405,0.5278336228533478,0.5678423599814123,0.0125144119424405,0.0125144119424405,0.0125144119424405,0.0125144119424405,156.0,0.7,0.7,5.102050332226214e-07,3.756136799088722e-07,2.9351653430483294e-07,2.273762374224712e-07,0.0,0.0,0.0,0.0,0.0,0.0,0.0,2.11974315704106e-08,1.0754148954315076e-08,1.4059466496777622e-08,0.0,0.0,0.0,0.0,0.0,0.0,0.0
14.386642654671306,12.77984986669567,4.913393034069127,29.63001873911672,29.63001873911672,0.0782387218045112,0.0501010338345864,0.0125144119424405,0.4707275558887529,0.5678423599814123,0.0125144119424405,0.0125144119424405,0.0124837755726173,0.0124837755726173,156.0,0.42,0.65,5.105130044242063e-07,3.758887786097096e-07,2.937717308130183e-07,2.276191665883627e-07,0.0,0.0,0.0,0.0,0.0,0.0,0.0,2.1270502152936208e-08,1.0791039055631396e-08,1.4114768643739192e-08,0.0,0.0,0.0,0.0,0.0,0.0,0.0
14.386642654671306,12.77984986669567,4.913393034069127,29.63001873911672,29.63001873911672,0.0782387218045112,0.0501010338345864,0.0125144119424405,0.5278336228533478,0.5678423599814123,0.0125144119424405,0.0125144119424405,0.0125144119424405,0.0125144119424405,156.0,0.7,0.7,5.102050332226214e-07,3.756136799088722e-07,2.9351653430483294e-07,2.273762374224712e-07,0.0,0.0,0.0,0.0,0.0,0.0,0.0,2.11974315704106e-08,1.0754148954315076e-08,1.4059466496777622e-08,0.0,0.0,0.0,0.0,0.0,0.0,0.0
14.386642654671306,12.77984986669567,4.913393034069127,29.63001873911672,29.63001873911672,0.0782387218045112,0.0501010338345864,0.0125144119424405,0.4707275558887529,0.5678423599814123,0.0125144119424405,0.0125144119424405,0.0124837755726173,0.0124837755726173,156.0,0.42,0.65,5.105130044242063e-07,3.758887786097096e-07,2.937717308130183e-07,2.276191665883627e-07,0.0,0.0,0.0,0.0,0.0,0.0,0.0,2.1270502152936208e-08,1.0791039055631396e-08,1.4114768643739192e-08,0.0,0.0,0.0,0.0,0.0,0.0,0.0
