skin_mus,fat_mus,muscle_mus,ijv_mus,cca_mus,skin_mua,fat_mua,muscle_mua,ijv_mua,cca_mua,muscle10%_mua,muscle5%_mua,muscle3%_mua,muscle1%_mua,bloodConc,used_SO2,muscle_SO2,SDS_0,SDS_1,SDS_2,SDS_3,SDS_4,SDS_5,SDS_6,SDS_7,SDS_8,SDS_9,SDS_10,SDS_11,SDS_12,SDS_13,SDS_14,SDS_15,SDS_16,SDS_17,SDS_18,SDS_19,SDS_20
14.386642654671306,12.77984986669567,4.913393034069127,29.63001873911672,29.63001873911672,0.0782387218045112,0.0501010338345864,0.0125753394248963,0.5481349160400151,0.5678423599814123,0.0125753394248963,0.0125753394248963,0.0125753394248963,0.0125753394248963,162.0,0.7,0.7,5.094438193425698e-07,3.749731530772378e-07,2.929402557723959e-07,2.268745267004629e-07,0.0,0.0,0.0,0.0,0.0,0.0,0.0,2.1098471737963207e-08,1.0702599573791396e-08,1.3987417894051914e-08,0.0,0.0,0.0,0.0,0.0,0.0,0.0
14.386642654671306,12.77984986669567,4.913393034069127,29.63001873911672,29.63001873911672,0.0782387218045112,0.0501010338345864,0.0125753394248963,0.5756681983265162,0.5678423599814123,0.0125753394248963,0.0125753394248963,0.0125753394248963,0.0125753394248963,162.0,0.83,0.7,5.093263135449991e-07,3.748681724319516e-07,2.928429062853619e-07,2.267817147282672e-07,0.0,0.0,0.0,0.0,0.0,0.0,0.0,2.107105738780325e-08,1.068881444879966e-08,1.3966545966991936e-08,0.0,0.0,0.0,0.0,0.0,0.0,0.0
14.386642654671306,12.77984986669567,4.913393034069127,29.63001873911672,29.63001873911672,0.0782387218045112,0.0501010338345864,0.0125753394248963,0.5481349160400151,0.5678423599814123,0.0125753394248963,0.0125753394248963,0.0125753394248963,0.0125753394248963,162.0,0.7,0.7,5.094438193425698e-07,3.749731530772378e-07,2.929402557723959e-07,2.268745267004629e-07,0.0,0.0,0.0,0.0,0.0,0.0,0.0,2.1098471737963207e-08,1.0702599573791396e-08,1.3987417894051914e-08,0.0,0.0,0.0,0.0,0.0,0.0,0.0
14.386642654671306,12.77984986669567,4.913393034069127,29.63001873911672,29.63001873911672,0.0782387218045112,0.0501010338345864,0.0125753394248963,0.5756681983265162,0.5678423599814123,0.0125753394248963,0.0125753394248963,0.0125753394248963,0.0125753394248963,162.0,0.83,0.7,5.093263135449991e-07,3.748681724319516e-07,2.928429062853619e-07,2.267817147282672e-07,0.0,0.0,0.0,0.0,0.0,0.0,0.0,2.107105738780325e-08,1.068881444879966e-08,1.3966545966991936e-08,0.0,0.0,0.0,0.0,0.0,0.0,0.0
