skin_mus,fat_mus,muscle_mus,ijv_mus,cca_mus,skin_mua,fat_mua,muscle_mua,ijv_mua,cca_mua,muscle10%_mua,muscle5%_mua,muscle3%_mua,muscle1%_mua,bloodConc,used_SO2,muscle_SO2,SDS_0,SDS_1,SDS_2,SDS_3,SDS_4,SDS_5,SDS_6,SDS_7,SDS_8,SDS_9,SDS_10,SDS_11,SDS_12,SDS_13,SDS_14,SDS_15,SDS_16,SDS_17,SDS_18,SDS_19,SDS_20
14.386642654671306,12.77984986669567,4.913393034069127,29.63001873911672,29.63001873911672,0.107203242481203,0.0655139215225563,0.0126768852289894,0.5819704046844604,0.5921532772952164,0.0126768852289894,0.0126768852289894,0.0126768852289894,0.0126768852289894,172.0,0.7,0.7,3.43196296360284e-07,2.517154613979613e-07,1.9586753604320525e-07,1.510977544944634e-07,0.0,0.0,0.0,0.0,0.0,0.0,0.0,1.3608751819128838e-08,6.876562235898577e-09,8.974254927478495e-09,0.0,0.0,0.0,0.0,0.0,0.0,0.0
14.386642654671306,12.77984986669567,4.913393034069127,29.63001873911672,29.63001873911672,0.107203242481203,0.0655139215225563,0.0126768852289894,0.577473040436333,0.5921532772952164,0.0126768852289894,0.0126768852289894,0.0126633738043494,0.0126633738043494,172.0,0.68,0.68,3.432089124122181e-07,2.517267184288832e-07,1.9587793394975467e-07,1.5110771027807e-07,0.0,0.0,0.0,0.0,0.0,0.0,0.0,1.3611609866036642e-08,6.8779805218994694e-09,8.976436277187241e-09,0.0,0.0,0.0,0.0,0.0,0.0,0.0
14.386642654671306,12.77984986669567,4.913393034069127,29.63001873911672,29.63001873911672,0.107203242481203,0.0655139215225563,0.0126768852289894,0.5819704046844604,0.5921532772952164,0.0126768852289894,0.0126768852289894,0.0126768852289894,0.0126768852289894,172.0,0.7,0.7,3.43196296360284e-07,2.517154613979613e-07,1.9586753604320525e-07,1.510977544944634e-07,0.0,0.0,0.0,0.0,0.0,0.0,0.0,1.3608751819128838e-08,6.876562235898577e-09,8.974254927478495e-09,0.0,0.0,0.0,0.0,0.0,0.0,0.0
14.386642654671306,12.77984986669567,4.913393034069127,29.63001873911672,29.63001873911672,0.107203242481203,0.0655139215225563,0.0126768852289894,0.577473040436333,0.5921532772952164,0.0126768852289894,0.0126768852289894,0.0126633738043494,0.0126633738043494,172.0,0.68,0.68,3.432089124122181e-07,2.517267184288832e-07,1.9587793394975467e-07,1.5110771027807e-07,0.0,0.0,0.0,0.0,0.0,0.0,0.0,1.3611609866036642e-08,6.8779805218994694e-09,8.976436277187241e-09,0.0,0.0,0.0,0.0,0.0,0.0,0.0
