{
    "Comment": "The mua below is 1/mm",
    "1: Air": 0,
    "2: PLA": 10000.0,
    "3: Prism": 0,
    "4: Skin": 0.1293,
    "5: Fat": 0.06745,
    "6: Muscle": 0.029300000000000003,
    "7: Muscle or IJV (Perturbed Region)": 0.47775,
    "8: IJV": 0.47775,
    "9: CCA": 0.4434,
    "10: Muscle10%": 0.029300000000000003,
    "11: Muscle5%": 0.029300000000000003,
    "12: Muscle3%": 0.029300000000000003,
    "13: Muscle1%": 0.029300000000000003
}