skin_mus,fat_mus,muscle_mus,ijv_mus,cca_mus,skin_mua,fat_mua,muscle_mua,ijv_mua,cca_mua,muscle10%_mua,muscle5%_mua,muscle3%_mua,muscle1%_mua,bloodConc,used_SO2,muscle_SO2,SDS_0,SDS_1,SDS_2,SDS_3,SDS_4,SDS_5,SDS_6,SDS_7,SDS_8,SDS_9,SDS_10,SDS_11,SDS_12,SDS_13,SDS_14,SDS_15,SDS_16,SDS_17,SDS_18,SDS_19,SDS_20
16.66788177830134,15.060099216393953,5.503131511209041,36.11739334393231,36.11739334393231,0.001,0.009,0.0126768852289894,0.5819704046844604,0.5030132471446012,0.0126768852289894,0.0126768852289894,0.0126768852289894,0.0126768852289894,172.0,0.7,0.7,1.6926778370483375e-06,1.2651790412213245e-06,1.0068227295713864e-06,7.919896376856228e-07,0.0,0.0,0.0,0.0,0.0,0.0,0.0,8.272139518373335e-08,4.2575690323848936e-08,5.624719625854638e-08,0.0,0.0,0.0,0.0,0.0,0.0,0.0
16.66788177830134,15.060099216393953,5.503131511209041,36.11739334393231,36.11739334393231,0.001,0.009,0.0126768852289894,0.5145099409625488,0.5030132471446012,0.0126768852289894,0.0126431066673894,0.0126431066673894,0.0126431066673894,172.0,0.4,0.65,1.693683273314622e-06,1.2660837029715464e-06,1.007674330779751e-06,7.92795069167033e-07,0.0,0.0,0.0,0.0,0.0,0.0,0.0,8.297858383873026e-08,4.271027424557578e-08,5.6447440308409054e-08,0.0,0.0,0.0,0.0,0.0,0.0,0.0
16.66788177830134,15.060099216393953,5.503131511209041,36.11739334393231,36.11739334393231,0.001,0.009,0.0126768852289894,0.5819704046844604,0.5030132471446012,0.0126768852289894,0.0126768852289894,0.0126768852289894,0.0126768852289894,172.0,0.7,0.7,1.6926778370483375e-06,1.2651790412213245e-06,1.0068227295713864e-06,7.919896376856228e-07,0.0,0.0,0.0,0.0,0.0,0.0,0.0,8.272139518373335e-08,4.2575690323848936e-08,5.624719625854638e-08,0.0,0.0,0.0,0.0,0.0,0.0,0.0
16.66788177830134,15.060099216393953,5.503131511209041,36.11739334393231,36.11739334393231,0.001,0.009,0.0126768852289894,0.5145099409625488,0.5030132471446012,0.0126768852289894,0.0126431066673894,0.0126431066673894,0.0126431066673894,172.0,0.4,0.65,1.693683273314622e-06,1.2660837029715464e-06,1.007674330779751e-06,7.92795069167033e-07,0.0,0.0,0.0,0.0,0.0,0.0,0.0,8.297858383873026e-08,4.271027424557578e-08,5.6447440308409054e-08,0.0,0.0,0.0,0.0,0.0,0.0,0.0
