skin_mus,fat_mus,muscle_mus,ijv_mus,cca_mus,skin_mua,fat_mua,muscle_mua,ijv_mua,cca_mua,muscle10%_mua,muscle5%_mua,muscle3%_mua,muscle1%_mua,bloodConc,used_SO2,muscle_SO2,SDS_0,SDS_1,SDS_2,SDS_3,SDS_4,SDS_5,SDS_6,SDS_7,SDS_8,SDS_9,SDS_10,SDS_11,SDS_12,SDS_13,SDS_14,SDS_15,SDS_16,SDS_17,SDS_18,SDS_19,SDS_20
16.66788177830134,15.060099216393953,5.503131511209041,36.11739334393231,36.11739334393231,0.0106548402255639,0.0141376292293233,0.012697194389808,0.5887375024133494,0.5111168862492026,0.012697194389808,0.012697194389808,0.012697194389808,0.012697194389808,174.0,0.7,0.7,1.4325029086056603e-06,1.0677377605396948e-06,8.466964054905128e-07,6.641813942525875e-07,0.0,0.0,0.0,0.0,0.0,0.0,0.0,6.789802580186738e-08,3.4860119157354526e-08,4.5933230655768863e-08,0.0,0.0,0.0,0.0,0.0,0.0,0.0
16.66788177830134,15.060099216393953,5.503131511209041,36.11739334393231,36.11739334393231,0.0106548402255639,0.0141376292293233,0.012697194389808,0.5204926146946715,0.5111168862492026,0.012697194389808,0.0126630230542359,0.0126630230542359,0.0126630230542359,174.0,0.4,0.65,1.4333428953303492e-06,1.068492688999029e-06,8.474052020416562e-07,6.648523805513407e-07,0.0,0.0,0.0,0.0,0.0,0.0,0.0,6.810918297750543e-08,3.497005698389074e-08,4.609692314787543e-08,0.0,0.0,0.0,0.0,0.0,0.0,0.0
16.66788177830134,15.060099216393953,5.503131511209041,36.11739334393231,36.11739334393231,0.0106548402255639,0.0141376292293233,0.012697194389808,0.5887375024133494,0.5111168862492026,0.012697194389808,0.012697194389808,0.012697194389808,0.012697194389808,174.0,0.7,0.7,1.4325029086056603e-06,1.0677377605396948e-06,8.466964054905128e-07,6.641813942525875e-07,0.0,0.0,0.0,0.0,0.0,0.0,0.0,6.789802580186738e-08,3.4860119157354526e-08,4.5933230655768863e-08,0.0,0.0,0.0,0.0,0.0,0.0,0.0
16.66788177830134,15.060099216393953,5.503131511209041,36.11739334393231,36.11739334393231,0.0106548402255639,0.0141376292293233,0.012697194389808,0.5204926146946715,0.5111168862492026,0.012697194389808,0.0126630230542359,0.0126630230542359,0.0126630230542359,174.0,0.4,0.65,1.4333428953303492e-06,1.068492688999029e-06,8.474052020416562e-07,6.648523805513407e-07,0.0,0.0,0.0,0.0,0.0,0.0,0.0,6.810918297750543e-08,3.497005698389074e-08,4.609692314787543e-08,0.0,0.0,0.0,0.0,0.0,0.0,0.0
