skin_mus,fat_mus,muscle_mus,ijv_mus,cca_mus,skin_mua,fat_mua,muscle_mua,ijv_mua,cca_mua,muscle10%_mua,muscle5%_mua,muscle3%_mua,muscle1%_mua,bloodConc,used_SO2,muscle_SO2,SDS_0,SDS_1,SDS_2,SDS_3,SDS_4,SDS_5,SDS_6,SDS_7,SDS_8,SDS_9,SDS_10,SDS_11,SDS_12,SDS_13,SDS_14,SDS_15,SDS_16,SDS_17,SDS_18,SDS_19,SDS_20
16.66788177830134,15.060099216393953,5.503131511209041,36.11739334393231,36.11739334393231,0.0975484022556391,0.060376292293233,0.0125144119424405,0.5278336228533478,0.5840496381906151,0.0125144119424405,0.0125144119424405,0.0125144119424405,0.0125144119424405,156.0,0.7,0.7,3.916356394403393e-07,2.87675748054784e-07,2.2423585536833177e-07,1.7327978500980844e-07,0.0,0.0,0.0,0.0,0.0,0.0,0.0,1.5845404649813426e-08,8.018339389151293e-09,1.0475715643447362e-08,0.0,0.0,0.0,0.0,0.0,0.0,0.0
16.66788177830134,15.060099216393953,5.503131511209041,36.11739334393231,36.11739334393231,0.0975484022556391,0.060376292293233,0.0125144119424405,0.5502681491608673,0.5840496381906151,0.0125144119424405,0.0125144119424405,0.0125144119424405,0.0125144119424405,156.0,0.81,0.7,3.915553009872732e-07,2.876040583363531e-07,2.2416957521528e-07,1.732164638500813e-07,0.0,0.0,0.0,0.0,0.0,0.0,0.0,1.5826817807216567e-08,8.009058680239072e-09,1.046161789182076e-08,0.0,0.0,0.0,0.0,0.0,0.0,0.0
16.66788177830134,15.060099216393953,5.503131511209041,36.11739334393231,36.11739334393231,0.0975484022556391,0.060376292293233,0.0125144119424405,0.5278336228533478,0.5840496381906151,0.0125144119424405,0.0125144119424405,0.0125144119424405,0.0125144119424405,156.0,0.7,0.7,3.916356394403393e-07,2.87675748054784e-07,2.2423585536833177e-07,1.7327978500980844e-07,0.0,0.0,0.0,0.0,0.0,0.0,0.0,1.5845404649813426e-08,8.018339389151293e-09,1.0475715643447362e-08,0.0,0.0,0.0,0.0,0.0,0.0,0.0
16.66788177830134,15.060099216393953,5.503131511209041,36.11739334393231,36.11739334393231,0.0975484022556391,0.060376292293233,0.0125144119424405,0.5502681491608673,0.5840496381906151,0.0125144119424405,0.0125144119424405,0.0125144119424405,0.0125144119424405,156.0,0.81,0.7,3.915553009872732e-07,2.876040583363531e-07,2.2416957521528e-07,1.732164638500813e-07,0.0,0.0,0.0,0.0,0.0,0.0,0.0,1.5826817807216567e-08,8.009058680239072e-09,1.046161789182076e-08,0.0,0.0,0.0,0.0,0.0,0.0,0.0
