skin_mus,fat_mus,muscle_mus,ijv_mus,cca_mus,skin_mua,fat_mua,muscle_mua,ijv_mua,cca_mua,muscle10%_mua,muscle5%_mua,muscle3%_mua,muscle1%_mua,bloodConc,used_SO2,muscle_SO2,SDS_0,SDS_1,SDS_2,SDS_3,SDS_4,SDS_5,SDS_6,SDS_7,SDS_8,SDS_9,SDS_10,SDS_11,SDS_12,SDS_13,SDS_14,SDS_15,SDS_16,SDS_17,SDS_18,SDS_19,SDS_20
16.66788177830134,15.060099216393953,5.503131511209041,36.11739334393231,36.11739334393231,0.1168580827067669,0.0706515507518797,0.012362093236301,0.4770803898866798,0.6002569163998178,0.012362093236301,0.012362093236301,0.012362093236301,0.012362093236301,141.0,0.7,0.7,3.050807624655657e-07,2.2382336466644854e-07,1.7423914449743537e-07,1.3445237270975534e-07,0.0,0.0,0.0,0.0,0.0,0.0,0.0,1.2168048528072453e-08,6.145595088080149e-09,8.034297918374815e-09,0.0,0.0,0.0,0.0,0.0,0.0,0.0
16.66788177830134,15.060099216393953,5.503131511209041,36.11739334393231,36.11739334393231,0.1168580827067669,0.0706515507518797,0.012362093236301,0.4955143538106906,0.6002569163998178,0.012362093236301,0.012362093236301,0.012362093236301,0.012362093236301,141.0,0.8,0.7,3.0501745953575534e-07,2.237669116664036e-07,1.7418712565292624e-07,1.344025759064619e-07,0.0,0.0,0.0,0.0,0.0,0.0,0.0,1.2153341925351845e-08,6.138278409982529e-09,8.023217211389943e-09,0.0,0.0,0.0,0.0,0.0,0.0,0.0
16.66788177830134,15.060099216393953,5.503131511209041,36.11739334393231,36.11739334393231,0.1168580827067669,0.0706515507518797,0.012362093236301,0.4770803898866798,0.6002569163998178,0.012362093236301,0.012362093236301,0.012362093236301,0.012362093236301,141.0,0.7,0.7,3.050807624655657e-07,2.2382336466644854e-07,1.7423914449743537e-07,1.3445237270975534e-07,0.0,0.0,0.0,0.0,0.0,0.0,0.0,1.2168048528072453e-08,6.145595088080149e-09,8.034297918374815e-09,0.0,0.0,0.0,0.0,0.0,0.0,0.0
16.66788177830134,15.060099216393953,5.503131511209041,36.11739334393231,36.11739334393231,0.1168580827067669,0.0706515507518797,0.012362093236301,0.4955143538106906,0.6002569163998178,0.012362093236301,0.012362093236301,0.012362093236301,0.012362093236301,141.0,0.8,0.7,3.0501745953575534e-07,2.237669116664036e-07,1.7418712565292624e-07,1.344025759064619e-07,0.0,0.0,0.0,0.0,0.0,0.0,0.0,1.2153341925351845e-08,6.138278409982529e-09,8.023217211389943e-09,0.0,0.0,0.0,0.0,0.0,0.0,0.0
