skin_mus,fat_mus,muscle_mus,ijv_mus,cca_mus,skin_mua,fat_mua,muscle_mua,ijv_mua,cca_mua,muscle10%_mua,muscle5%_mua,muscle3%_mua,muscle1%_mua,bloodConc,used_SO2,muscle_SO2,SDS_0,SDS_1,SDS_2,SDS_3,SDS_4,SDS_5,SDS_6,SDS_7,SDS_8,SDS_9,SDS_10,SDS_11,SDS_12,SDS_13,SDS_14,SDS_15,SDS_16,SDS_17,SDS_18,SDS_19,SDS_20
16.66788177830134,15.060099216393953,5.503131511209041,36.11739334393231,36.11739334393231,0.1168580827067669,0.0706515507518797,0.0126159577465335,0.5616691114977932,0.6002569163998178,0.0126159577465335,0.0126159577465335,0.0126159577465335,0.0126159577465335,166.0,0.7,0.7,3.031599359994055e-07,2.222126275947395e-07,1.727959330035669e-07,1.331995901027759e-07,0.0,0.0,0.0,0.0,0.0,0.0,0.0,1.192755399920384e-08,6.021379966372188e-09,7.860006148382407e-09,0.0,0.0,0.0,0.0,0.0,0.0,0.0
16.66788177830134,15.060099216393953,5.503131511209041,36.11739334393231,36.11739334393231,0.1168580827067669,0.0706515507518797,0.0126159577465335,0.5963929470879865,0.6002569163998178,0.0126159577465335,0.0126159577465335,0.0126159577465335,0.0126159577465335,166.0,0.86,0.7,3.030756921036862e-07,2.2213746968809453e-07,1.727266342549143e-07,1.331331505853025e-07,0.0,0.0,0.0,0.0,0.0,0.0,0.0,1.1908539720386657e-08,6.01198239978269e-09,7.845506718819981e-09,0.0,0.0,0.0,0.0,0.0,0.0,0.0
16.66788177830134,15.060099216393953,5.503131511209041,36.11739334393231,36.11739334393231,0.1168580827067669,0.0706515507518797,0.0126159577465335,0.5616691114977932,0.6002569163998178,0.0126159577465335,0.0126159577465335,0.0126159577465335,0.0126159577465335,166.0,0.7,0.7,3.031599359994055e-07,2.222126275947395e-07,1.727959330035669e-07,1.331995901027759e-07,0.0,0.0,0.0,0.0,0.0,0.0,0.0,1.192755399920384e-08,6.021379966372188e-09,7.860006148382407e-09,0.0,0.0,0.0,0.0,0.0,0.0,0.0
16.66788177830134,15.060099216393953,5.503131511209041,36.11739334393231,36.11739334393231,0.1168580827067669,0.0706515507518797,0.0126159577465335,0.5963929470879865,0.6002569163998178,0.0126159577465335,0.0126159577465335,0.0126159577465335,0.0126159577465335,166.0,0.86,0.7,3.030756921036862e-07,2.2213746968809453e-07,1.727266342549143e-07,1.331331505853025e-07,0.0,0.0,0.0,0.0,0.0,0.0,0.0,1.1908539720386657e-08,6.01198239978269e-09,7.845506718819981e-09,0.0,0.0,0.0,0.0,0.0,0.0,0.0
