skin_mus,fat_mus,muscle_mus,ijv_mus,cca_mus,skin_mua,fat_mua,muscle_mua,ijv_mua,cca_mua,muscle10%_mua,muscle5%_mua,muscle3%_mua,muscle1%_mua,bloodConc,used_SO2,muscle_SO2,SDS_0,SDS_1,SDS_2,SDS_3,SDS_4,SDS_5,SDS_6,SDS_7,SDS_8,SDS_9,SDS_10,SDS_11,SDS_12,SDS_13,SDS_14,SDS_15,SDS_16,SDS_17,SDS_18,SDS_19,SDS_20
16.66788177830134,15.060099216393953,5.503131511209041,36.11739334393231,36.11739334393231,0.0589290413533834,0.0398257753759398,0.0123824023971196,0.4838474876155688,0.5516350817722095,0.0123824023971196,0.0123824023971196,0.0123824023971196,0.0123824023971196,143.0,0.7,0.7,6.751891000616337e-07,4.987084542600928e-07,3.911757064372348e-07,3.040902594870173e-07,0.0,0.0,0.0,0.0,0.0,0.0,0.0,2.9153498155943212e-08,1.4838560458032613e-08,1.9438060162975324e-08,0.0,0.0,0.0,0.0,0.0,0.0,0.0
16.66788177830134,15.060099216393953,5.503131511209041,36.11739334393231,36.11739334393231,0.0589290413533834,0.0398257753759398,0.0123824023971196,0.4875865753334888,0.5516350817722095,0.0123824023971196,0.0123767857293187,0.0123767857293187,0.0123767857293187,143.0,0.72,0.69,6.751620094827728e-07,4.986842148879261e-07,3.911531515469784e-07,3.040688376091109e-07,0.0,0.0,0.0,0.0,0.0,0.0,0.0,2.9146907201685393e-08,1.4835203535565096e-08,1.9433064412808508e-08,0.0,0.0,0.0,0.0,0.0,0.0,0.0
16.66788177830134,15.060099216393953,5.503131511209041,36.11739334393231,36.11739334393231,0.0589290413533834,0.0398257753759398,0.0123824023971196,0.4838474876155688,0.5516350817722095,0.0123824023971196,0.0123824023971196,0.0123824023971196,0.0123824023971196,143.0,0.7,0.7,6.751891000616337e-07,4.987084542600928e-07,3.911757064372348e-07,3.040902594870173e-07,0.0,0.0,0.0,0.0,0.0,0.0,0.0,2.9153498155943212e-08,1.4838560458032613e-08,1.9438060162975324e-08,0.0,0.0,0.0,0.0,0.0,0.0,0.0
16.66788177830134,15.060099216393953,5.503131511209041,36.11739334393231,36.11739334393231,0.0589290413533834,0.0398257753759398,0.0123824023971196,0.4875865753334888,0.5516350817722095,0.0123824023971196,0.0123767857293187,0.0123767857293187,0.0123767857293187,143.0,0.72,0.69,6.751620094827728e-07,4.986842148879261e-07,3.911531515469784e-07,3.040688376091109e-07,0.0,0.0,0.0,0.0,0.0,0.0,0.0,2.9146907201685393e-08,1.4835203535565096e-08,1.9433064412808508e-08,0.0,0.0,0.0,0.0,0.0,0.0,0.0
