skin_mus,fat_mus,muscle_mus,ijv_mus,cca_mus,skin_mua,fat_mua,muscle_mua,ijv_mua,cca_mua,muscle10%_mua,muscle5%_mua,muscle3%_mua,muscle1%_mua,bloodConc,used_SO2,muscle_SO2,SDS_0,SDS_1,SDS_2,SDS_3,SDS_4,SDS_5,SDS_6,SDS_7,SDS_8,SDS_9,SDS_10,SDS_11,SDS_12,SDS_13,SDS_14,SDS_15,SDS_16,SDS_17,SDS_18,SDS_19,SDS_20
16.66788177830134,15.060099216393953,5.503131511209041,36.11739334393231,36.11739334393231,0.107203242481203,0.0655139215225563,0.0123824023971196,0.4838474876155688,0.5921532772952164,0.0123824023971196,0.0123824023971196,0.0123824023971196,0.0123824023971196,143.0,0.7,0.7,3.4569791714238814e-07,2.538142578384372e-07,1.9774947203545643e-07,1.5273156643525506e-07,0.0,0.0,0.0,0.0,0.0,0.0,0.0,1.3923094043108432e-08,7.039260572823251e-09,9.202197125496451e-09,0.0,0.0,0.0,0.0,0.0,0.0,0.0
16.66788177830134,15.060099216393953,5.503131511209041,36.11739334393231,36.11739334393231,0.107203242481203,0.0655139215225563,0.0123824023971196,0.4913256630514087,0.5921532772952164,0.0123824023971196,0.0123767857293187,0.0123767857293187,0.0123767857293187,143.0,0.74,0.69,3.456695313681481e-07,2.537889317124893e-07,1.977261091515943e-07,1.5270922875251897e-07,0.0,0.0,0.0,0.0,0.0,0.0,0.0,1.3916454417088092e-08,7.0359484789646475e-09,9.197196647338176e-09,0.0,0.0,0.0,0.0,0.0,0.0,0.0
16.66788177830134,15.060099216393953,5.503131511209041,36.11739334393231,36.11739334393231,0.107203242481203,0.0655139215225563,0.0123824023971196,0.4838474876155688,0.5921532772952164,0.0123824023971196,0.0123824023971196,0.0123824023971196,0.0123824023971196,143.0,0.7,0.7,3.4569791714238814e-07,2.538142578384372e-07,1.9774947203545643e-07,1.5273156643525506e-07,0.0,0.0,0.0,0.0,0.0,0.0,0.0,1.3923094043108432e-08,7.039260572823251e-09,9.202197125496451e-09,0.0,0.0,0.0,0.0,0.0,0.0,0.0
16.66788177830134,15.060099216393953,5.503131511209041,36.11739334393231,36.11739334393231,0.107203242481203,0.0655139215225563,0.0123824023971196,0.4913256630514087,0.5921532772952164,0.0123824023971196,0.0123767857293187,0.0123767857293187,0.0123767857293187,143.0,0.74,0.69,3.456695313681481e-07,2.537889317124893e-07,1.977261091515943e-07,1.5270922875251897e-07,0.0,0.0,0.0,0.0,0.0,0.0,0.0,1.3916454417088092e-08,7.0359484789646475e-09,9.197196647338176e-09,0.0,0.0,0.0,0.0,0.0,0.0,0.0
