skin_mus,fat_mus,muscle_mus,ijv_mus,cca_mus,skin_mua,fat_mua,muscle_mua,ijv_mua,cca_mua,muscle10%_mua,muscle5%_mua,muscle3%_mua,muscle1%_mua,bloodConc,used_SO2,muscle_SO2,SDS_0,SDS_1,SDS_2,SDS_3,SDS_4,SDS_5,SDS_6,SDS_7,SDS_8,SDS_9,SDS_10,SDS_11,SDS_12,SDS_13,SDS_14,SDS_15,SDS_16,SDS_17,SDS_18,SDS_19,SDS_20
18.82528355453163,17.308484217062514,6.088796349918977,42.56746281028416,42.56746281028416,0.1747871240601504,0.1014773261278195,0.012362093236301,0.4770803898866798,0.6488787510274261,0.012362093236301,0.012362093236301,0.012362093236301,0.012362093236301,141.0,0.7,0.7,1.504908378460302e-07,1.1005886451480881e-07,8.537607585955526e-08,6.55842291812745e-08,0.0,0.0,0.0,0.0,0.0,0.0,0.0,5.7008994875364225e-09,2.8652118927633542e-09,3.747746170545601e-09,0.0,0.0,0.0,0.0,0.0,0.0,0.0
18.82528355453163,17.308484217062514,6.088796349918977,42.56746281028416,42.56746281028416,0.1747871240601504,0.1014773261278195,0.012362093236301,0.4733935971018775,0.6488787510274261,0.012362093236301,0.012362093236301,0.012362093236301,0.012362093236301,141.0,0.68,0.7,1.5049750837830865e-07,1.1006481476252157e-07,8.538149792081917e-08,6.558947241646389e-08,0.0,0.0,0.0,0.0,0.0,0.0,0.0,5.702407448339721e-09,2.8659494963215996e-09,3.7488831859448715e-09,0.0,0.0,0.0,0.0,0.0,0.0,0.0
18.82528355453163,17.308484217062514,6.088796349918977,42.56746281028416,42.56746281028416,0.1747871240601504,0.1014773261278195,0.012362093236301,0.4770803898866798,0.6488787510274261,0.012362093236301,0.012362093236301,0.012362093236301,0.012362093236301,141.0,0.7,0.7,1.504908378460302e-07,1.1005886451480881e-07,8.537607585955526e-08,6.55842291812745e-08,0.0,0.0,0.0,0.0,0.0,0.0,0.0,5.7008994875364225e-09,2.8652118927633542e-09,3.747746170545601e-09,0.0,0.0,0.0,0.0,0.0,0.0,0.0
18.82528355453163,17.308484217062514,6.088796349918977,42.56746281028416,42.56746281028416,0.1747871240601504,0.1014773261278195,0.012362093236301,0.4733935971018775,0.6488787510274261,0.012362093236301,0.012362093236301,0.012362093236301,0.012362093236301,141.0,0.68,0.7,1.5049750837830865e-07,1.1006481476252157e-07,8.538149792081917e-08,6.558947241646389e-08,0.0,0.0,0.0,0.0,0.0,0.0,0.0,5.702407448339721e-09,2.8659494963215996e-09,3.7488831859448715e-09,0.0,0.0,0.0,0.0,0.0,0.0,0.0
