skin_mus,fat_mus,muscle_mus,ijv_mus,cca_mus,skin_mua,fat_mua,muscle_mua,ijv_mua,cca_mua,muscle10%_mua,muscle5%_mua,muscle3%_mua,muscle1%_mua,bloodConc,used_SO2,muscle_SO2,SDS_0,SDS_1,SDS_2,SDS_3,SDS_4,SDS_5,SDS_6,SDS_7,SDS_8,SDS_9,SDS_10,SDS_11,SDS_12,SDS_13,SDS_14,SDS_15,SDS_16,SDS_17,SDS_18,SDS_19,SDS_20
18.82528355453163,17.308484217062514,6.088796349918977,42.56746281028416,42.56746281028416,0.1458226033834586,0.0860644384398496,0.0126565760681708,0.5752033069555713,0.624567833713622,0.0126565760681708,0.0126565760681708,0.0126565760681708,0.0126565760681708,170.0,0.7,0.7,2.1075073894808166e-07,1.541583887588075e-07,1.1960101337043748e-07,9.19476409871593e-08,0.0,0.0,0.0,0.0,0.0,0.0,0.0,8.043180692968441e-09,4.049215199703747e-09,5.284552349302615e-09,0.0,0.0,0.0,0.0,0.0,0.0,0.0
18.82528355453163,17.308484217062514,6.088796349918977,42.56746281028416,42.56746281028416,0.1458226033834586,0.0860644384398496,0.0126565760681708,0.5218624751754553,0.624567833713622,0.0126565760681708,0.0126565760681708,0.0126565760681708,0.0126565760681708,170.0,0.46,0.7,2.1085152856736818e-07,1.5424825501931425e-07,1.1968343438527806e-07,9.202698371137395e-08,0.0,0.0,0.0,0.0,0.0,0.0,0.0,8.065697445304415e-09,4.060248929477288e-09,5.301679724370455e-09,0.0,0.0,0.0,0.0,0.0,0.0,0.0
18.82528355453163,17.308484217062514,6.088796349918977,42.56746281028416,42.56746281028416,0.1458226033834586,0.0860644384398496,0.0126565760681708,0.5752033069555713,0.624567833713622,0.0126565760681708,0.0126565760681708,0.0126565760681708,0.0126565760681708,170.0,0.7,0.7,2.1075073894808166e-07,1.541583887588075e-07,1.1960101337043748e-07,9.19476409871593e-08,0.0,0.0,0.0,0.0,0.0,0.0,0.0,8.043180692968441e-09,4.049215199703747e-09,5.284552349302615e-09,0.0,0.0,0.0,0.0,0.0,0.0,0.0
18.82528355453163,17.308484217062514,6.088796349918977,42.56746281028416,42.56746281028416,0.1458226033834586,0.0860644384398496,0.0126565760681708,0.5218624751754553,0.624567833713622,0.0126565760681708,0.0126565760681708,0.0126565760681708,0.0126565760681708,170.0,0.46,0.7,2.1085152856736818e-07,1.5424825501931425e-07,1.1968343438527806e-07,9.202698371137395e-08,0.0,0.0,0.0,0.0,0.0,0.0,0.0,8.065697445304415e-09,4.060248929477288e-09,5.301679724370455e-09,0.0,0.0,0.0,0.0,0.0,0.0,0.0
