skin_mus,fat_mus,muscle_mus,ijv_mus,cca_mus,skin_mua,fat_mua,muscle_mua,ijv_mua,cca_mua,muscle10%_mua,muscle5%_mua,muscle3%_mua,muscle1%_mua,bloodConc,used_SO2,muscle_SO2,SDS_0,SDS_1,SDS_2,SDS_3,SDS_4,SDS_5,SDS_6,SDS_7,SDS_8,SDS_9,SDS_10,SDS_11,SDS_12,SDS_13,SDS_14,SDS_15,SDS_16,SDS_17,SDS_18,SDS_19,SDS_20
18.82528355453163,17.308484217062514,6.088796349918977,42.56746281028416,42.56746281028416,0.1458226033834586,0.0860644384398496,0.0125956485857149,0.5549020137689041,0.624567833713622,0.0125956485857149,0.0125956485857149,0.0125956485857149,0.0125956485857149,164.0,0.7,0.7,2.110643962130299e-07,1.5442028681268458e-07,1.198347991051096e-07,9.214950232899267e-08,0.0,0.0,0.0,0.0,0.0,0.0,0.0,8.080259934337781e-09,4.06828631281033e-09,5.311350281771007e-09,0.0,0.0,0.0,0.0,0.0,0.0,0.0
18.82528355453163,17.308484217062514,6.088796349918977,42.56746281028416,42.56746281028416,0.1458226033834586,0.0860644384398496,0.0125956485857149,0.5763429363471861,0.624567833713622,0.0125956485857149,0.0125956485857149,0.0125956485857149,0.0125956485857149,164.0,0.8,0.7,2.1102608988071834e-07,1.5438612665695928e-07,1.1980344899952978e-07,9.211931561796809e-08,0.0,0.0,0.0,0.0,0.0,0.0,0.0,8.07173402618541e-09,4.06411127264449e-09,5.304843473837776e-09,0.0,0.0,0.0,0.0,0.0,0.0,0.0
18.82528355453163,17.308484217062514,6.088796349918977,42.56746281028416,42.56746281028416,0.1458226033834586,0.0860644384398496,0.0125956485857149,0.5549020137689041,0.624567833713622,0.0125956485857149,0.0125956485857149,0.0125956485857149,0.0125956485857149,164.0,0.7,0.7,2.110643962130299e-07,1.5442028681268458e-07,1.198347991051096e-07,9.214950232899267e-08,0.0,0.0,0.0,0.0,0.0,0.0,0.0,8.080259934337781e-09,4.06828631281033e-09,5.311350281771007e-09,0.0,0.0,0.0,0.0,0.0,0.0,0.0
18.82528355453163,17.308484217062514,6.088796349918977,42.56746281028416,42.56746281028416,0.1458226033834586,0.0860644384398496,0.0125956485857149,0.5763429363471861,0.624567833713622,0.0125956485857149,0.0125956485857149,0.0125956485857149,0.0125956485857149,164.0,0.8,0.7,2.1102608988071834e-07,1.5438612665695928e-07,1.1980344899952978e-07,9.211931561796809e-08,0.0,0.0,0.0,0.0,0.0,0.0,0.0,8.07173402618541e-09,4.06411127264449e-09,5.304843473837776e-09,0.0,0.0,0.0,0.0,0.0,0.0,0.0
