skin_mus,fat_mus,muscle_mus,ijv_mus,cca_mus,skin_mua,fat_mua,muscle_mua,ijv_mua,cca_mua,muscle10%_mua,muscle5%_mua,muscle3%_mua,muscle1%_mua,bloodConc,used_SO2,muscle_SO2,SDS_0,SDS_1,SDS_2,SDS_3,SDS_4,SDS_5,SDS_6,SDS_7,SDS_8,SDS_9,SDS_10,SDS_11,SDS_12,SDS_13,SDS_14,SDS_15,SDS_16,SDS_17,SDS_18,SDS_19,SDS_20
18.82528355453163,17.308484217062514,6.088796349918977,42.56746281028416,42.56746281028416,0.1651322838345864,0.0963396968984962,0.0124230207187568,0.497381683073347,0.6407751119228248,0.0124230207187568,0.0124230207187568,0.0124230207187568,0.0124230207187568,147.0,0.7,0.7,1.682029863954858e-07,1.2302751038374624e-07,9.544860629823749e-08,7.334790537018892e-08,0.0,0.0,0.0,0.0,0.0,0.0,0.0,6.396208426219808e-09,3.2165019498650703e-09,4.204827575004189e-09,0.0,0.0,0.0,0.0,0.0,0.0,0.0
18.82528355453163,17.308484217062514,6.088796349918977,42.56746281028416,42.56746281028416,0.1651322838345864,0.0963396968984962,0.0124230207187568,0.4627885848159482,0.6407751119228248,0.0124230207187568,0.0124230207187568,0.0124230207187568,0.0124518896057056,147.0,0.52,0.75,1.682711713705376e-07,1.230883161720941e-07,9.550411566930804e-08,7.340148891300704e-08,0.0,0.0,0.0,0.0,0.0,0.0,0.0,6.411656188380664e-09,3.224072107536552e-09,4.216471143821902e-09,0.0,0.0,0.0,0.0,0.0,0.0,0.0
18.82528355453163,17.308484217062514,6.088796349918977,42.56746281028416,42.56746281028416,0.1651322838345864,0.0963396968984962,0.0124230207187568,0.497381683073347,0.6407751119228248,0.0124230207187568,0.0124230207187568,0.0124230207187568,0.0124230207187568,147.0,0.7,0.7,1.682029863954858e-07,1.2302751038374624e-07,9.544860629823749e-08,7.334790537018892e-08,0.0,0.0,0.0,0.0,0.0,0.0,0.0,6.396208426219808e-09,3.2165019498650703e-09,4.204827575004189e-09,0.0,0.0,0.0,0.0,0.0,0.0,0.0
18.82528355453163,17.308484217062514,6.088796349918977,42.56746281028416,42.56746281028416,0.1651322838345864,0.0963396968984962,0.0124230207187568,0.4627885848159482,0.6407751119228248,0.0124230207187568,0.0124230207187568,0.0124230207187568,0.0124518896057056,147.0,0.52,0.75,1.682711713705376e-07,1.230883161720941e-07,9.550411566930804e-08,7.340148891300704e-08,0.0,0.0,0.0,0.0,0.0,0.0,0.0,6.411656188380664e-09,3.224072107536552e-09,4.216471143821902e-09,0.0,0.0,0.0,0.0,0.0,0.0,0.0
