skin_mus,fat_mus,muscle_mus,ijv_mus,cca_mus,skin_mua,fat_mua,muscle_mua,ijv_mua,cca_mua,muscle10%_mua,muscle5%_mua,muscle3%_mua,muscle1%_mua,bloodConc,used_SO2,muscle_SO2,SDS_0,SDS_1,SDS_2,SDS_3,SDS_4,SDS_5,SDS_6,SDS_7,SDS_8,SDS_9,SDS_10,SDS_11,SDS_12,SDS_13,SDS_14,SDS_15,SDS_16,SDS_17,SDS_18,SDS_19,SDS_20
18.82528355453163,17.308484217062514,6.088796349918977,42.56746281028416,42.56746281028416,0.1265129229323308,0.075789179981203,0.0124027115579382,0.4906145853444579,0.6083605555044191,0.0124027115579382,0.0124027115579382,0.0124027115579382,0.0124027115579382,145.0,0.7,0.7,2.694683418409113e-07,1.9752203972969485e-07,1.536130177856184e-07,1.1840807211350021e-07,0.0,0.0,0.0,0.0,0.0,0.0,0.0,1.0615146879939064e-08,5.355603587351945e-09,6.999613848072277e-09,0.0,0.0,0.0,0.0,0.0,0.0,0.0
18.82528355453163,17.308484217062514,6.088796349918977,42.56746281028416,42.56746281028416,0.1265129229323308,0.075789179981203,0.0124027115579382,0.4678662894382319,0.6083605555044191,0.0124027115579382,0.0124027115579382,0.0124027115579382,0.0123970163353428,145.0,0.58,0.69,2.695394310464958e-07,1.975854283742379e-07,1.53671313979006e-07,1.1846396103402155e-07,0.0,0.0,0.0,0.0,0.0,0.0,0.0,1.0631591527118325e-08,5.363759147897964e-09,7.011988846002225e-09,0.0,0.0,0.0,0.0,0.0,0.0,0.0
18.82528355453163,17.308484217062514,6.088796349918977,42.56746281028416,42.56746281028416,0.1265129229323308,0.075789179981203,0.0124027115579382,0.4906145853444579,0.6083605555044191,0.0124027115579382,0.0124027115579382,0.0124027115579382,0.0124027115579382,145.0,0.7,0.7,2.694683418409113e-07,1.9752203972969485e-07,1.536130177856184e-07,1.1840807211350021e-07,0.0,0.0,0.0,0.0,0.0,0.0,0.0,1.0615146879939064e-08,5.355603587351945e-09,6.999613848072277e-09,0.0,0.0,0.0,0.0,0.0,0.0,0.0
18.82528355453163,17.308484217062514,6.088796349918977,42.56746281028416,42.56746281028416,0.1265129229323308,0.075789179981203,0.0124027115579382,0.4678662894382319,0.6083605555044191,0.0124027115579382,0.0124027115579382,0.0124027115579382,0.0123970163353428,145.0,0.58,0.69,2.695394310464958e-07,1.975854283742379e-07,1.53671313979006e-07,1.1846396103402155e-07,0.0,0.0,0.0,0.0,0.0,0.0,0.0,1.0631591527118325e-08,5.363759147897964e-09,7.011988846002225e-09,0.0,0.0,0.0,0.0,0.0,0.0,0.0
