skin_mus,fat_mus,muscle_mus,ijv_mus,cca_mus,skin_mua,fat_mua,muscle_mua,ijv_mua,cca_mua,muscle10%_mua,muscle5%_mua,muscle3%_mua,muscle1%_mua,bloodConc,used_SO2,muscle_SO2,SDS_0,SDS_1,SDS_2,SDS_3,SDS_4,SDS_5,SDS_6,SDS_7,SDS_8,SDS_9,SDS_10,SDS_11,SDS_12,SDS_13,SDS_14,SDS_15,SDS_16,SDS_17,SDS_18,SDS_19,SDS_20
14.386642654671306,12.77984986669567,4.913393034069127,29.63001873911672,29.63001873911672,0.1168580827067669,0.0706515507518797,0.0124839482012126,0.5176829762600142,0.6002569163998178,0.0124839482012126,0.0124839482012126,0.0124839482012126,0.0124839482012126,153.0,0.7,0.7,3.0414560439808655e-07,2.2303853117179401e-07,1.7353559442031917e-07,1.3384082327233613e-07,0.0,0.0,0.0,0.0,0.0,0.0,0.0,1.204943117814762e-08,6.084348671427541e-09,7.948283732408391e-09,0.0,0.0,0.0,0.0,0.0,0.0,0.0
14.386642654671306,12.77984986669567,4.913393034069127,29.63001873911672,29.63001873911672,0.1168580827067669,0.0706515507518797,0.0124839482012126,0.4856784771919445,0.6002569163998178,0.0124839482012126,0.0124839482012126,0.0124839482012126,0.0124899576429856,153.0,0.54,0.71,3.042484159676452e-07,2.231302109891079e-07,1.7362005963347973e-07,1.3392169646685074e-07,0.0,0.0,0.0,0.0,0.0,0.0,0.0,1.2073163452789485e-08,6.096136761016503e-09,7.966191366829397e-09,0.0,0.0,0.0,0.0,0.0,0.0,0.0
14.386642654671306,12.77984986669567,4.913393034069127,29.63001873911672,29.63001873911672,0.1168580827067669,0.0706515507518797,0.0124839482012126,0.5176829762600142,0.6002569163998178,0.0124839482012126,0.0124839482012126,0.0124839482012126,0.0124839482012126,153.0,0.7,0.7,3.0414560439808655e-07,2.2303853117179401e-07,1.7353559442031917e-07,1.3384082327233613e-07,0.0,0.0,0.0,0.0,0.0,0.0,0.0,1.204943117814762e-08,6.084348671427541e-09,7.948283732408391e-09,0.0,0.0,0.0,0.0,0.0,0.0,0.0
14.386642654671306,12.77984986669567,4.913393034069127,29.63001873911672,29.63001873911672,0.1168580827067669,0.0706515507518797,0.0124839482012126,0.4856784771919445,0.6002569163998178,0.0124839482012126,0.0124839482012126,0.0124839482012126,0.0124899576429856,153.0,0.54,0.71,3.042484159676452e-07,2.231302109891079e-07,1.7362005963347973e-07,1.3392169646685074e-07,0.0,0.0,0.0,0.0,0.0,0.0,0.0,1.2073163452789485e-08,6.096136761016503e-09,7.966191366829397e-09,0.0,0.0,0.0,0.0,0.0,0.0,0.0
