skin_mus,fat_mus,muscle_mus,ijv_mus,cca_mus,skin_mua,fat_mua,muscle_mua,ijv_mua,cca_mua,muscle10%_mua,muscle5%_mua,muscle3%_mua,muscle1%_mua,bloodConc,used_SO2,muscle_SO2,SDS_0,SDS_1,SDS_2,SDS_3,SDS_4,SDS_5,SDS_6,SDS_7,SDS_8,SDS_9,SDS_10,SDS_11,SDS_12,SDS_13,SDS_14,SDS_15,SDS_16,SDS_17,SDS_18,SDS_19,SDS_20
14.386642654671306,12.77984986669567,4.913393034069127,29.63001873911672,29.63001873911672,0.1168580827067669,0.0706515507518797,0.0125144119424405,0.5278336228533478,0.6002569163998178,0.0125144119424405,0.0125144119424405,0.0125144119424405,0.0125144119424405,156.0,0.7,0.7,3.03915803315662e-07,2.2284586490392727e-07,1.7336298516597564e-07,1.336910349899644e-07,0.0,0.0,0.0,0.0,0.0,0.0,0.0,1.2020745441643762e-08,6.069531697976677e-09,7.927497029247621e-09,0.0,0.0,0.0,0.0,0.0,0.0,0.0
14.386642654671306,12.77984986669567,4.913393034069127,29.63001873911672,29.63001873911672,0.1168580827067669,0.0706515507518797,0.0125144119424405,0.5359916324197185,0.6002569163998178,0.0125144119424405,0.0125144119424405,0.0125144119424405,0.0125144119424405,156.0,0.74,0.7,3.0389239907698605e-07,2.2282499449219826e-07,1.733437520316614e-07,1.3367260989444484e-07,0.0,0.0,0.0,0.0,0.0,0.0,0.0,1.2015391416417884e-08,6.066877716913064e-09,7.923440733443642e-09,0.0,0.0,0.0,0.0,0.0,0.0,0.0
14.386642654671306,12.77984986669567,4.913393034069127,29.63001873911672,29.63001873911672,0.1168580827067669,0.0706515507518797,0.0125144119424405,0.5278336228533478,0.6002569163998178,0.0125144119424405,0.0125144119424405,0.0125144119424405,0.0125144119424405,156.0,0.7,0.7,3.03915803315662e-07,2.2284586490392727e-07,1.7336298516597564e-07,1.336910349899644e-07,0.0,0.0,0.0,0.0,0.0,0.0,0.0,1.2020745441643762e-08,6.069531697976677e-09,7.927497029247621e-09,0.0,0.0,0.0,0.0,0.0,0.0,0.0
14.386642654671306,12.77984986669567,4.913393034069127,29.63001873911672,29.63001873911672,0.1168580827067669,0.0706515507518797,0.0125144119424405,0.5359916324197185,0.6002569163998178,0.0125144119424405,0.0125144119424405,0.0125144119424405,0.0125144119424405,156.0,0.74,0.7,3.0389239907698605e-07,2.2282499449219826e-07,1.733437520316614e-07,1.3367260989444484e-07,0.0,0.0,0.0,0.0,0.0,0.0,0.0,1.2015391416417884e-08,6.066877716913064e-09,7.923440733443642e-09,0.0,0.0,0.0,0.0,0.0,0.0,0.0
