skin_mus,fat_mus,muscle_mus,ijv_mus,cca_mus,skin_mua,fat_mua,muscle_mua,ijv_mua,cca_mua,muscle10%_mua,muscle5%_mua,muscle3%_mua,muscle1%_mua,bloodConc,used_SO2,muscle_SO2,SDS_0,SDS_1,SDS_2,SDS_3,SDS_4,SDS_5,SDS_6,SDS_7,SDS_8,SDS_9,SDS_10,SDS_11,SDS_12,SDS_13,SDS_14,SDS_15,SDS_16,SDS_17,SDS_18,SDS_19,SDS_20
14.386642654671306,12.77984986669567,4.913393034069127,29.63001873911672,29.63001873911672,0.0782387218045112,0.0501010338345864,0.0124027115579382,0.4906145853444579,0.5678423599814123,0.0124027115579382,0.0124027115579382,0.0124027115579382,0.0124027115579382,145.0,0.7,0.7,5.116264073888538e-07,3.768109256073749e-07,2.9459447159214497e-07,2.2831617500807934e-07,0.0,0.0,0.0,0.0,0.0,0.0,0.0,2.1385246147308233e-08,1.0851963870138166e-08,1.4196337317214572e-08,0.0,0.0,0.0,0.0,0.0,0.0,0.0
14.386642654671306,12.77984986669567,4.913393034069127,29.63001873911672,29.63001873911672,0.0782387218045112,0.0501010338345864,0.0124027115579382,0.5038844246230898,0.5678423599814123,0.0124027115579382,0.0124027115579382,0.0124027115579382,0.0124027115579382,145.0,0.77,0.7,5.115542320376867e-07,3.767464560098895e-07,2.94534654319608e-07,2.2825923254496398e-07,0.0,0.0,0.0,0.0,0.0,0.0,0.0,2.1368082595865562e-08,1.0843294659772474e-08,1.4183346097364513e-08,0.0,0.0,0.0,0.0,0.0,0.0,0.0
14.386642654671306,12.77984986669567,4.913393034069127,29.63001873911672,29.63001873911672,0.0782387218045112,0.0501010338345864,0.0124027115579382,0.4906145853444579,0.5678423599814123,0.0124027115579382,0.0124027115579382,0.0124027115579382,0.0124027115579382,145.0,0.7,0.7,5.116264073888538e-07,3.768109256073749e-07,2.9459447159214497e-07,2.2831617500807934e-07,0.0,0.0,0.0,0.0,0.0,0.0,0.0,2.1385246147308233e-08,1.0851963870138166e-08,1.4196337317214572e-08,0.0,0.0,0.0,0.0,0.0,0.0,0.0
14.386642654671306,12.77984986669567,4.913393034069127,29.63001873911672,29.63001873911672,0.0782387218045112,0.0501010338345864,0.0124027115579382,0.5038844246230898,0.5678423599814123,0.0124027115579382,0.0124027115579382,0.0124027115579382,0.0124027115579382,145.0,0.77,0.7,5.115542320376867e-07,3.767464560098895e-07,2.94534654319608e-07,2.2825923254496398e-07,0.0,0.0,0.0,0.0,0.0,0.0,0.0,2.1368082595865562e-08,1.0843294659772474e-08,1.4183346097364513e-08,0.0,0.0,0.0,0.0,0.0,0.0,0.0
