skin_mus,fat_mus,muscle_mus,ijv_mus,cca_mus,skin_mua,fat_mua,muscle_mua,ijv_mua,cca_mua,muscle10%_mua,muscle5%_mua,muscle3%_mua,muscle1%_mua,bloodConc,used_SO2,muscle_SO2,SDS_0,SDS_1,SDS_2,SDS_3,SDS_4,SDS_5,SDS_6,SDS_7,SDS_8,SDS_9,SDS_10,SDS_11,SDS_12,SDS_13,SDS_14,SDS_15,SDS_16,SDS_17,SDS_18,SDS_19,SDS_20
14.386642654671306,12.77984986669567,4.913393034069127,29.63001873911672,29.63001873911672,0.0878935620300751,0.0552386630639097,0.0123824023971196,0.4838474876155688,0.5759459990860136,0.0123824023971196,0.0123824023971196,0.0123824023971196,0.0123824023971196,143.0,0.7,0.7,4.478326739874764e-07,3.294602326562731e-07,2.572558977679304e-07,1.991390341631333e-07,0.0,0.0,0.0,0.0,0.0,0.0,0.0,1.84833198860374e-08,9.367255566577204e-09,1.2250777537613004e-08,0.0,0.0,0.0,0.0,0.0,0.0,0.0
14.386642654671306,12.77984986669567,4.913393034069127,29.63001873911672,29.63001873911672,0.0878935620300751,0.0552386630639097,0.0123824023971196,0.43710889114157,0.5759459990860136,0.0123824023971196,0.0123824023971196,0.0123824023971196,0.0123824023971196,143.0,0.45,0.7,4.480910923810543e-07,3.296910166071284e-07,2.574697162295702e-07,1.9934268083008733e-07,0.0,0.0,0.0,0.0,0.0,0.0,0.0,1.854501571691187e-08,9.398368544965842e-09,1.2297253107215608e-08,0.0,0.0,0.0,0.0,0.0,0.0,0.0
14.386642654671306,12.77984986669567,4.913393034069127,29.63001873911672,29.63001873911672,0.0878935620300751,0.0552386630639097,0.0123824023971196,0.4838474876155688,0.5759459990860136,0.0123824023971196,0.0123824023971196,0.0123824023971196,0.0123824023971196,143.0,0.7,0.7,4.478326739874764e-07,3.294602326562731e-07,2.572558977679304e-07,1.991390341631333e-07,0.0,0.0,0.0,0.0,0.0,0.0,0.0,1.84833198860374e-08,9.367255566577204e-09,1.2250777537613004e-08,0.0,0.0,0.0,0.0,0.0,0.0,0.0
14.386642654671306,12.77984986669567,4.913393034069127,29.63001873911672,29.63001873911672,0.0878935620300751,0.0552386630639097,0.0123824023971196,0.43710889114157,0.5759459990860136,0.0123824023971196,0.0123824023971196,0.0123824023971196,0.0123824023971196,143.0,0.45,0.7,4.480910923810543e-07,3.296910166071284e-07,2.574697162295702e-07,1.9934268083008733e-07,0.0,0.0,0.0,0.0,0.0,0.0,0.0,1.854501571691187e-08,9.398368544965842e-09,1.2297253107215608e-08,0.0,0.0,0.0,0.0,0.0,0.0,0.0
