skin_mus,fat_mus,muscle_mus,ijv_mus,cca_mus,skin_mua,fat_mua,muscle_mua,ijv_mua,cca_mua,muscle10%_mua,muscle5%_mua,muscle3%_mua,muscle1%_mua,bloodConc,used_SO2,muscle_SO2,SDS_0,SDS_1,SDS_2,SDS_3,SDS_4,SDS_5,SDS_6,SDS_7,SDS_8,SDS_9,SDS_10,SDS_11,SDS_12,SDS_13,SDS_14,SDS_15,SDS_16,SDS_17,SDS_18,SDS_19,SDS_20
14.386642654671306,12.77984986669567,4.913393034069127,29.63001873911672,29.63001873911672,0.0299645206766917,0.0244128876879699,0.0126565760681708,0.5752033069555713,0.5273241644584054,0.0126565760681708,0.0126565760681708,0.0126565760681708,0.0126565760681708,170.0,0.7,0.7,1.0442049763081287e-06,7.74771598704195e-07,6.109391584892462e-07,4.770690216219903e-07,0.0,0.0,0.0,0.0,0.0,0.0,0.0,4.7151601655516064e-08,2.41098830696704e-08,3.164994140452178e-08,0.0,0.0,0.0,0.0,0.0,0.0,0.0
14.386642654671306,12.77984986669567,4.913393034069127,29.63001873911672,29.63001873911672,0.0299645206766917,0.0244128876879699,0.0126565760681708,0.5552004950380278,0.5273241644584054,0.0126565760681708,0.0126565760681708,0.0126565760681708,0.0126565760681708,170.0,0.61,0.7,1.044375713221754e-06,7.749247444300315e-07,6.110822972091568e-07,4.772048139645152e-07,0.0,0.0,0.0,0.0,0.0,0.0,0.0,4.719334562057666e-08,2.4131376817643445e-08,3.1682060306184105e-08,0.0,0.0,0.0,0.0,0.0,0.0,0.0
14.386642654671306,12.77984986669567,4.913393034069127,29.63001873911672,29.63001873911672,0.0299645206766917,0.0244128876879699,0.0126565760681708,0.5752033069555713,0.5273241644584054,0.0126565760681708,0.0126565760681708,0.0126565760681708,0.0126565760681708,170.0,0.7,0.7,1.0442049763081287e-06,7.74771598704195e-07,6.109391584892462e-07,4.770690216219903e-07,0.0,0.0,0.0,0.0,0.0,0.0,0.0,4.7151601655516064e-08,2.41098830696704e-08,3.164994140452178e-08,0.0,0.0,0.0,0.0,0.0,0.0,0.0
14.386642654671306,12.77984986669567,4.913393034069127,29.63001873911672,29.63001873911672,0.0299645206766917,0.0244128876879699,0.0126565760681708,0.5552004950380278,0.5273241644584054,0.0126565760681708,0.0126565760681708,0.0126565760681708,0.0126565760681708,170.0,0.61,0.7,1.044375713221754e-06,7.749247444300315e-07,6.110822972091568e-07,4.772048139645152e-07,0.0,0.0,0.0,0.0,0.0,0.0,0.0,4.719334562057666e-08,2.4131376817643445e-08,3.1682060306184105e-08,0.0,0.0,0.0,0.0,0.0,0.0,0.0
