skin_mus,fat_mus,muscle_mus,ijv_mus,cca_mus,skin_mua,fat_mua,muscle_mua,ijv_mua,cca_mua,muscle10%_mua,muscle5%_mua,muscle3%_mua,muscle1%_mua,bloodConc,used_SO2,muscle_SO2,SDS_0,SDS_1,SDS_2,SDS_3,SDS_4,SDS_5,SDS_6,SDS_7,SDS_8,SDS_9,SDS_10,SDS_11,SDS_12,SDS_13,SDS_14,SDS_15,SDS_16,SDS_17,SDS_18,SDS_19,SDS_20
14.386642654671306,12.77984986669567,4.913393034069127,29.63001873911672,29.63001873911672,0.0299645206766917,0.0244128876879699,0.0124027115579382,0.4906145853444579,0.5273241644584054,0.0124027115579382,0.0124027115579382,0.0124027115579382,0.0124027115579382,145.0,0.7,0.7,1.05077742461218e-06,7.803384339821035e-07,6.159875865829606e-07,4.81496873578444e-07,0.0,0.0,0.0,0.0,0.0,0.0,0.0,4.8082176269933376e-08,2.4600819511242718e-08,3.2337058328160064e-08,0.0,0.0,0.0,0.0,0.0,0.0,0.0
14.386642654671306,12.77984986669567,4.913393034069127,29.63001873911672,29.63001873911672,0.0299645206766917,0.0244128876879699,0.0124027115579382,0.501988733297571,0.5273241644584054,0.0124027115579382,0.0124027115579382,0.0124027115579382,0.0124084067805335,145.0,0.76,0.71,1.0506510533626993e-06,7.802250896717308e-07,6.158814509926946e-07,4.813963781687559e-07,0.0,0.0,0.0,0.0,0.0,0.0,0.0,4.8050648680748056e-08,2.4584508501121705e-08,3.2312877264907255e-08,0.0,0.0,0.0,0.0,0.0,0.0,0.0
14.386642654671306,12.77984986669567,4.913393034069127,29.63001873911672,29.63001873911672,0.0299645206766917,0.0244128876879699,0.0124027115579382,0.4906145853444579,0.5273241644584054,0.0124027115579382,0.0124027115579382,0.0124027115579382,0.0124027115579382,145.0,0.7,0.7,1.05077742461218e-06,7.803384339821035e-07,6.159875865829606e-07,4.81496873578444e-07,0.0,0.0,0.0,0.0,0.0,0.0,0.0,4.8082176269933376e-08,2.4600819511242718e-08,3.2337058328160064e-08,0.0,0.0,0.0,0.0,0.0,0.0,0.0
14.386642654671306,12.77984986669567,4.913393034069127,29.63001873911672,29.63001873911672,0.0299645206766917,0.0244128876879699,0.0124027115579382,0.501988733297571,0.5273241644584054,0.0124027115579382,0.0124027115579382,0.0124027115579382,0.0124084067805335,145.0,0.76,0.71,1.0506510533626993e-06,7.802250896717308e-07,6.158814509926946e-07,4.813963781687559e-07,0.0,0.0,0.0,0.0,0.0,0.0,0.0,4.8050648680748056e-08,2.4584508501121705e-08,3.2312877264907255e-08,0.0,0.0,0.0,0.0,0.0,0.0,0.0
