skin_mus,fat_mus,muscle_mus,ijv_mus,cca_mus,skin_mua,fat_mua,muscle_mua,ijv_mua,cca_mua,muscle10%_mua,muscle5%_mua,muscle3%_mua,muscle1%_mua,bloodConc,used_SO2,muscle_SO2,SDS_0,SDS_1,SDS_2,SDS_3,SDS_4,SDS_5,SDS_6,SDS_7,SDS_8,SDS_9,SDS_10,SDS_11,SDS_12,SDS_13,SDS_14,SDS_15,SDS_16,SDS_17,SDS_18,SDS_19,SDS_20
14.386642654671306,12.77984986669567,4.913393034069127,29.63001873911672,29.63001873911672,0.0396193609022556,0.0295505169172932,0.012463639040394,0.5109158785311252,0.5354278035630067,0.012463639040394,0.012463639040394,0.012463639040394,0.012463639040394,151.0,0.7,0.7,9.015455954996512e-07,6.680184211658301e-07,5.259161742857137e-07,4.101509320977743e-07,0.0,0.0,0.0,0.0,0.0,0.0,0.0,4.023755255595695e-08,2.054564120360348e-08,2.695844590559356e-08,0.0,0.0,0.0,0.0,0.0,0.0,0.0
14.386642654671306,12.77984986669567,4.913393034069127,29.63001873911672,29.63001873911672,0.0396193609022556,0.0295505169172932,0.012463639040394,0.5365796169586664,0.5354278035630067,0.012463639040394,0.012463639040394,0.012463639040394,0.0124577081534154,151.0,0.83,0.69,9.013250321605148e-07,6.678208051185419e-07,5.2573160769449e-07,4.0997588582950156e-07,0.0,0.0,0.0,0.0,0.0,0.0,0.0,4.0183563522991216e-08,2.0517899126907475e-08,2.6917125158978948e-08,0.0,0.0,0.0,0.0,0.0,0.0,0.0
14.386642654671306,12.77984986669567,4.913393034069127,29.63001873911672,29.63001873911672,0.0396193609022556,0.0295505169172932,0.012463639040394,0.5109158785311252,0.5354278035630067,0.012463639040394,0.012463639040394,0.012463639040394,0.012463639040394,151.0,0.7,0.7,9.015455954996512e-07,6.680184211658301e-07,5.259161742857137e-07,4.101509320977743e-07,0.0,0.0,0.0,0.0,0.0,0.0,0.0,4.023755255595695e-08,2.054564120360348e-08,2.695844590559356e-08,0.0,0.0,0.0,0.0,0.0,0.0,0.0
14.386642654671306,12.77984986669567,4.913393034069127,29.63001873911672,29.63001873911672,0.0396193609022556,0.0295505169172932,0.012463639040394,0.5365796169586664,0.5354278035630067,0.012463639040394,0.012463639040394,0.012463639040394,0.0124577081534154,151.0,0.83,0.69,9.013250321605148e-07,6.678208051185419e-07,5.2573160769449e-07,4.0997588582950156e-07,0.0,0.0,0.0,0.0,0.0,0.0,0.0,4.0183563522991216e-08,2.0517899126907475e-08,2.6917125158978948e-08,0.0,0.0,0.0,0.0,0.0,0.0,0.0
