skin_mus,fat_mus,muscle_mus,ijv_mus,cca_mus,skin_mua,fat_mua,muscle_mua,ijv_mua,cca_mua,muscle10%_mua,muscle5%_mua,muscle3%_mua,muscle1%_mua,bloodConc,used_SO2,muscle_SO2,SDS_0,SDS_1,SDS_2,SDS_3,SDS_4,SDS_5,SDS_6,SDS_7,SDS_8,SDS_9,SDS_10,SDS_11,SDS_12,SDS_13,SDS_14,SDS_15,SDS_16,SDS_17,SDS_18,SDS_19,SDS_20
14.386642654671306,12.77984986669567,4.913393034069127,29.63001873911672,29.63001873911672,0.0106548402255639,0.0141376292293233,0.0126159577465335,0.5616691114977932,0.5111168862492026,0.0126159577465335,0.0126159577465335,0.0126159577465335,0.0126159577465335,166.0,0.7,0.7,1.4353436136510488e-06,1.0701476031969317e-06,8.488886657366205e-07,6.661077615115843e-07,0.0,0.0,0.0,0.0,0.0,0.0,0.0,6.830949393873712e-08,3.5078414684721646e-08,4.623929514200812e-08,0.0,0.0,0.0,0.0,0.0,0.0,0.0
14.386642654671306,12.77984986669567,4.913393034069127,29.63001873911672,29.63001873911672,0.0106548402255639,0.0141376292293233,0.0126159577465335,0.5269452759075999,0.5111168862492026,0.0126159577465335,0.0126159577465335,0.0126159577465335,0.0126485579862173,166.0,0.54,0.75,1.4357818316590312e-06,1.0705414442630803e-06,8.49258499933168e-07,6.66457839859282e-07,0.0,0.0,0.0,0.0,0.0,0.0,0.0,6.842012447254106e-08,3.513601457748244e-08,4.632498500773792e-08,0.0,0.0,0.0,0.0,0.0,0.0,0.0
14.386642654671306,12.77984986669567,4.913393034069127,29.63001873911672,29.63001873911672,0.0106548402255639,0.0141376292293233,0.0126159577465335,0.5616691114977932,0.5111168862492026,0.0126159577465335,0.0126159577465335,0.0126159577465335,0.0126159577465335,166.0,0.7,0.7,1.4353436136510488e-06,1.0701476031969317e-06,8.488886657366205e-07,6.661077615115843e-07,0.0,0.0,0.0,0.0,0.0,0.0,0.0,6.830949393873712e-08,3.5078414684721646e-08,4.623929514200812e-08,0.0,0.0,0.0,0.0,0.0,0.0,0.0
14.386642654671306,12.77984986669567,4.913393034069127,29.63001873911672,29.63001873911672,0.0106548402255639,0.0141376292293233,0.0126159577465335,0.5269452759075999,0.5111168862492026,0.0126159577465335,0.0126159577465335,0.0126159577465335,0.0126485579862173,166.0,0.54,0.75,1.4357818316590312e-06,1.0705414442630803e-06,8.49258499933168e-07,6.66457839859282e-07,0.0,0.0,0.0,0.0,0.0,0.0,0.0,6.842012447254106e-08,3.513601457748244e-08,4.632498500773792e-08,0.0,0.0,0.0,0.0,0.0,0.0,0.0
