skin_mus,fat_mus,muscle_mus,ijv_mus,cca_mus,skin_mua,fat_mua,muscle_mua,ijv_mua,cca_mua,muscle10%_mua,muscle5%_mua,muscle3%_mua,muscle1%_mua,bloodConc,used_SO2,muscle_SO2,SDS_0,SDS_1,SDS_2,SDS_3,SDS_4,SDS_5,SDS_6,SDS_7,SDS_8,SDS_9,SDS_10,SDS_11,SDS_12,SDS_13,SDS_14,SDS_15,SDS_16,SDS_17,SDS_18,SDS_19,SDS_20
14.386642654671306,12.77984986669567,4.913393034069127,29.63001873911672,29.63001873911672,0.0299645206766917,0.0244128876879699,0.0126362669073522,0.5684362092266823,0.5273241644584054,0.0126362669073522,0.0126362669073522,0.0126362669073522,0.0126362669073522,168.0,0.7,0.7,1.0447188874903306e-06,7.752063502046916e-07,6.113330306611028e-07,4.774138938617942e-07,0.0,0.0,0.0,0.0,0.0,0.0,0.0,4.7222993056649074e-08,2.414754353245139e-08,3.170257644939644e-08,0.0,0.0,0.0,0.0,0.0,0.0,0.0
14.386642654671306,12.77984986669567,4.913393034069127,29.63001873911672,29.63001873911672,0.0299645206766917,0.0244128876879699,0.0126362669073522,0.5574542732719525,0.5273241644584054,0.0126362669073522,0.0126362669073522,0.0126362669073522,0.0126230697018898,168.0,0.65,0.68,1.0448136517394437e-06,7.752913515688439e-07,6.114124828611511e-07,4.774892665176457e-07,0.0,0.0,0.0,0.0,0.0,0.0,0.0,4.7246179109067416e-08,2.4159484639619103e-08,3.1720416104673846e-08,0.0,0.0,0.0,0.0,0.0,0.0,0.0
14.386642654671306,12.77984986669567,4.913393034069127,29.63001873911672,29.63001873911672,0.0299645206766917,0.0244128876879699,0.0126362669073522,0.5684362092266823,0.5273241644584054,0.0126362669073522,0.0126362669073522,0.0126362669073522,0.0126362669073522,168.0,0.7,0.7,1.0447188874903306e-06,7.752063502046916e-07,6.113330306611028e-07,4.774138938617942e-07,0.0,0.0,0.0,0.0,0.0,0.0,0.0,4.7222993056649074e-08,2.414754353245139e-08,3.170257644939644e-08,0.0,0.0,0.0,0.0,0.0,0.0,0.0
14.386642654671306,12.77984986669567,4.913393034069127,29.63001873911672,29.63001873911672,0.0299645206766917,0.0244128876879699,0.0126362669073522,0.5574542732719525,0.5273241644584054,0.0126362669073522,0.0126362669073522,0.0126362669073522,0.0126230697018898,168.0,0.65,0.68,1.0448136517394437e-06,7.752913515688439e-07,6.114124828611511e-07,4.774892665176457e-07,0.0,0.0,0.0,0.0,0.0,0.0,0.0,4.7246179109067416e-08,2.4159484639619103e-08,3.1720416104673846e-08,0.0,0.0,0.0,0.0,0.0,0.0,0.0
