skin_mus,fat_mus,muscle_mus,ijv_mus,cca_mus,skin_mua,fat_mua,muscle_mua,ijv_mua,cca_mua,muscle10%_mua,muscle5%_mua,muscle3%_mua,muscle1%_mua,bloodConc,used_SO2,muscle_SO2,SDS_0,SDS_1,SDS_2,SDS_3,SDS_4,SDS_5,SDS_6,SDS_7,SDS_8,SDS_9,SDS_10,SDS_11,SDS_12,SDS_13,SDS_14,SDS_15,SDS_16,SDS_17,SDS_18,SDS_19,SDS_20
14.386642654671306,12.77984986669567,4.913393034069127,29.63001873911672,29.63001873911672,0.0203096804511278,0.0192752584586466,0.0125042573620312,0.5244500739889033,0.5192205253538039,0.0125042573620312,0.0125042573620312,0.0125042573620312,0.0125042573620312,155.0,0.7,0.7,1.2252261296211847e-06,9.115936335717024e-07,7.212411236247128e-07,5.648014471864953e-07,0.0,0.0,0.0,0.0,0.0,0.0,0.0,5.710998931402864e-08,2.9271306135894293e-08,3.85238966463116e-08,0.0,0.0,0.0,0.0,0.0,0.0,0.0
14.386642654671306,12.77984986669567,4.913393034069127,29.63001873911672,29.63001873911672,0.0203096804511278,0.0192752584586466,0.0125042573620312,0.538635074597096,0.5192205253538039,0.0125042573620312,0.0125042573620312,0.0125042573620312,0.0124981693654638,155.0,0.77,0.69,1.2250655681436788e-06,9.114494902323988e-07,7.21105999631675e-07,5.646734802844774e-07,0.0,0.0,0.0,0.0,0.0,0.0,0.0,5.7069834512497464e-08,2.9250478321121583e-08,3.849293233431167e-08,0.0,0.0,0.0,0.0,0.0,0.0,0.0
14.386642654671306,12.77984986669567,4.913393034069127,29.63001873911672,29.63001873911672,0.0203096804511278,0.0192752584586466,0.0125042573620312,0.5244500739889033,0.5192205253538039,0.0125042573620312,0.0125042573620312,0.0125042573620312,0.0125042573620312,155.0,0.7,0.7,1.2252261296211847e-06,9.115936335717024e-07,7.212411236247128e-07,5.648014471864953e-07,0.0,0.0,0.0,0.0,0.0,0.0,0.0,5.710998931402864e-08,2.9271306135894293e-08,3.85238966463116e-08,0.0,0.0,0.0,0.0,0.0,0.0,0.0
14.386642654671306,12.77984986669567,4.913393034069127,29.63001873911672,29.63001873911672,0.0203096804511278,0.0192752584586466,0.0125042573620312,0.538635074597096,0.5192205253538039,0.0125042573620312,0.0125042573620312,0.0125042573620312,0.0124981693654638,155.0,0.77,0.69,1.2250655681436788e-06,9.114494902323988e-07,7.21105999631675e-07,5.646734802844774e-07,0.0,0.0,0.0,0.0,0.0,0.0,0.0,5.7069834512497464e-08,2.9250478321121583e-08,3.849293233431167e-08,0.0,0.0,0.0,0.0,0.0,0.0,0.0
