skin_mus,fat_mus,muscle_mus,ijv_mus,cca_mus,skin_mua,fat_mua,muscle_mua,ijv_mua,cca_mua,muscle10%_mua,muscle5%_mua,muscle3%_mua,muscle1%_mua,bloodConc,used_SO2,muscle_SO2,SDS_0,SDS_1,SDS_2,SDS_3,SDS_4,SDS_5,SDS_6,SDS_7,SDS_8,SDS_9,SDS_10,SDS_11,SDS_12,SDS_13,SDS_14,SDS_15,SDS_16,SDS_17,SDS_18,SDS_19,SDS_20
14.386642654671306,12.77984986669567,4.913393034069127,29.63001873911672,29.63001873911672,0.1747871240601504,0.1014773261278195,0.0124433298795754,0.504148780802236,0.6488787510274261,0.0124433298795754,0.0124433298795754,0.0124433298795754,0.0124433298795754,149.0,0.7,0.7,1.5017812253302632e-07,1.0979758575638834e-07,8.514310632977287e-08,6.538243896678949e-08,0.0,0.0,0.0,0.0,0.0,0.0,0.0,5.663216381416435e-09,2.845940602409889e-09,3.7204793063955555e-09,0.0,0.0,0.0,0.0,0.0,0.0,0.0
14.386642654671306,12.77984986669567,4.913393034069127,29.63001873911672,29.63001873911672,0.1747871240601504,0.1014773261278195,0.0124433298795754,0.4573971105949578,0.6488787510274261,0.0124433298795754,0.0124433298795754,0.0124433298795754,0.0124550345439438,149.0,0.46,0.72,1.5026056973683557e-07,1.0987112909225697e-07,8.521011767619807e-08,6.544724015187212e-08,0.0,0.0,0.0,0.0,0.0,0.0,0.0,5.681801851611944e-09,2.855024842319592e-09,3.734501712334004e-09,0.0,0.0,0.0,0.0,0.0,0.0,0.0
14.386642654671306,12.77984986669567,4.913393034069127,29.63001873911672,29.63001873911672,0.1747871240601504,0.1014773261278195,0.0124433298795754,0.504148780802236,0.6488787510274261,0.0124433298795754,0.0124433298795754,0.0124433298795754,0.0124433298795754,149.0,0.7,0.7,1.5017812253302632e-07,1.0979758575638834e-07,8.514310632977287e-08,6.538243896678949e-08,0.0,0.0,0.0,0.0,0.0,0.0,0.0,5.663216381416435e-09,2.845940602409889e-09,3.7204793063955555e-09,0.0,0.0,0.0,0.0,0.0,0.0,0.0
14.386642654671306,12.77984986669567,4.913393034069127,29.63001873911672,29.63001873911672,0.1747871240601504,0.1014773261278195,0.0124433298795754,0.4573971105949578,0.6488787510274261,0.0124433298795754,0.0124433298795754,0.0124433298795754,0.0124550345439438,149.0,0.46,0.72,1.5026056973683557e-07,1.0987112909225697e-07,8.521011767619807e-08,6.544724015187212e-08,0.0,0.0,0.0,0.0,0.0,0.0,0.0,5.681801851611944e-09,2.855024842319592e-09,3.734501712334004e-09,0.0,0.0,0.0,0.0,0.0,0.0,0.0
