skin_mus,fat_mus,muscle_mus,ijv_mus,cca_mus,skin_mua,fat_mua,muscle_mua,ijv_mua,cca_mua,muscle10%_mua,muscle5%_mua,muscle3%_mua,muscle1%_mua,bloodConc,used_SO2,muscle_SO2,SDS_0,SDS_1,SDS_2,SDS_3,SDS_4,SDS_5,SDS_6,SDS_7,SDS_8,SDS_9,SDS_10,SDS_11,SDS_12,SDS_13,SDS_14,SDS_15,SDS_16,SDS_17,SDS_18,SDS_19,SDS_20
14.386642654671306,12.77984986669567,4.913393034069127,29.63001873911672,29.63001873911672,0.1265129229323308,0.075789179981203,0.0126565760681708,0.5752033069555713,0.6083605555044191,0.0126565760681708,0.0126565760681708,0.0126565760681708,0.0126565760681708,170.0,0.7,0.7,2.677817074717692e-07,1.9610969202826705e-07,1.523491939872767e-07,1.1731286437885819e-07,0.0,0.0,0.0,0.0,0.0,0.0,0.0,1.0407887097313073e-08,5.248724102412811e-09,6.849571750811909e-09,0.0,0.0,0.0,0.0,0.0,0.0,0.0
14.386642654671306,12.77984986669567,4.913393034069127,29.63001873911672,29.63001873911672,0.1265129229323308,0.075789179981203,0.0126565760681708,0.5329751484629794,0.6083605555044191,0.0126565760681708,0.0126565760681708,0.0126565760681708,0.0126899618557987,170.0,0.51,0.75,2.67880210051471e-07,1.961975292422943e-07,1.524300166318105e-07,1.1739043007788597e-07,0.0,0.0,0.0,0.0,0.0,0.0,0.0,1.0430108898548544e-08,5.259679826567738e-09,6.866459446184054e-09,0.0,0.0,0.0,0.0,0.0,0.0,0.0
14.386642654671306,12.77984986669567,4.913393034069127,29.63001873911672,29.63001873911672,0.1265129229323308,0.075789179981203,0.0126565760681708,0.5752033069555713,0.6083605555044191,0.0126565760681708,0.0126565760681708,0.0126565760681708,0.0126565760681708,170.0,0.7,0.7,2.677817074717692e-07,1.9610969202826705e-07,1.523491939872767e-07,1.1731286437885819e-07,0.0,0.0,0.0,0.0,0.0,0.0,0.0,1.0407887097313073e-08,5.248724102412811e-09,6.849571750811909e-09,0.0,0.0,0.0,0.0,0.0,0.0,0.0
14.386642654671306,12.77984986669567,4.913393034069127,29.63001873911672,29.63001873911672,0.1265129229323308,0.075789179981203,0.0126565760681708,0.5329751484629794,0.6083605555044191,0.0126565760681708,0.0126565760681708,0.0126565760681708,0.0126899618557987,170.0,0.51,0.75,2.67880210051471e-07,1.961975292422943e-07,1.524300166318105e-07,1.1739043007788597e-07,0.0,0.0,0.0,0.0,0.0,0.0,0.0,1.0430108898548544e-08,5.259679826567738e-09,6.866459446184054e-09,0.0,0.0,0.0,0.0,0.0,0.0,0.0
