skin_mus,fat_mus,muscle_mus,ijv_mus,cca_mus,skin_mua,fat_mua,muscle_mua,ijv_mua,cca_mua,muscle10%_mua,muscle5%_mua,muscle3%_mua,muscle1%_mua,bloodConc,used_SO2,muscle_SO2,SDS_0,SDS_1,SDS_2,SDS_3,SDS_4,SDS_5,SDS_6,SDS_7,SDS_8,SDS_9,SDS_10,SDS_11,SDS_12,SDS_13,SDS_14,SDS_15,SDS_16,SDS_17,SDS_18,SDS_19,SDS_20
14.386642654671306,12.77984986669567,4.913393034069127,29.63001873911672,29.63001873911672,0.1458226033834586,0.0860644384398496,0.0124027115579382,0.4906145853444579,0.624567833713622,0.0124027115579382,0.0124027115579382,0.0124027115579382,0.0124027115579382,145.0,0.7,0.7,2.1208320869471418e-07,1.552722673736009e-07,1.2059592622245393e-07,9.280846678077093e-08,0.0,0.0,0.0,0.0,0.0,0.0,0.0,8.203694162923365e-09,4.131720137877522e-09,5.4006451124625836e-09,0.0,0.0,0.0,0.0,0.0,0.0,0.0
14.386642654671306,12.77984986669567,4.913393034069127,29.63001873911672,29.63001873911672,0.1458226033834586,0.0860644384398496,0.0124027115579382,0.4451179935320059,0.624567833713622,0.0124027115579382,0.0124027115579382,0.0124027115579382,0.0123970163353428,145.0,0.46,0.69,2.122013205903339e-07,1.5537758785081465e-07,1.2069241698412357e-07,9.290127197292844e-08,0.0,0.0,0.0,0.0,0.0,0.0,0.0,8.230832766317347e-09,4.145106955116442e-09,5.421038701934443e-09,0.0,0.0,0.0,0.0,0.0,0.0,0.0
14.386642654671306,12.77984986669567,4.913393034069127,29.63001873911672,29.63001873911672,0.1458226033834586,0.0860644384398496,0.0124027115579382,0.4906145853444579,0.624567833713622,0.0124027115579382,0.0124027115579382,0.0124027115579382,0.0124027115579382,145.0,0.7,0.7,2.1208320869471418e-07,1.552722673736009e-07,1.2059592622245393e-07,9.280846678077093e-08,0.0,0.0,0.0,0.0,0.0,0.0,0.0,8.203694162923365e-09,4.131720137877522e-09,5.4006451124625836e-09,0.0,0.0,0.0,0.0,0.0,0.0,0.0
14.386642654671306,12.77984986669567,4.913393034069127,29.63001873911672,29.63001873911672,0.1458226033834586,0.0860644384398496,0.0124027115579382,0.4451179935320059,0.624567833713622,0.0124027115579382,0.0124027115579382,0.0124027115579382,0.0123970163353428,145.0,0.46,0.69,2.122013205903339e-07,1.5537758785081465e-07,1.2069241698412357e-07,9.290127197292844e-08,0.0,0.0,0.0,0.0,0.0,0.0,0.0,8.230832766317347e-09,4.145106955116442e-09,5.421038701934443e-09,0.0,0.0,0.0,0.0,0.0,0.0,0.0
