skin_mus,fat_mus,muscle_mus,ijv_mus,cca_mus,skin_mua,fat_mua,muscle_mua,ijv_mua,cca_mua,muscle10%_mua,muscle5%_mua,muscle3%_mua,muscle1%_mua,bloodConc,used_SO2,muscle_SO2,SDS_0,SDS_1,SDS_2,SDS_3,SDS_4,SDS_5,SDS_6,SDS_7,SDS_8,SDS_9,SDS_10,SDS_11,SDS_12,SDS_13,SDS_14,SDS_15,SDS_16,SDS_17,SDS_18,SDS_19,SDS_20
14.386642654671306,12.77984986669567,4.913393034069127,29.63001873911672,29.63001873911672,0.1265129229323308,0.075789179981203,0.0125144119424405,0.5278336228533478,0.6083605555044191,0.0125144119424405,0.0125144119424405,0.0125144119424405,0.0125144119424405,156.0,0.7,0.7,2.687153311655505e-07,1.9689095278541074e-07,1.5304802247073105e-07,1.1791774938895815e-07,0.0,0.0,0.0,0.0,0.0,0.0,0.0,1.0521351420687823e-08,5.307253734685966e-09,6.931672808485272e-09,0.0,0.0,0.0,0.0,0.0,0.0,0.0
14.386642654671306,12.77984986669567,4.913393034069127,29.63001873911672,29.63001873911672,0.1265129229323308,0.075789179981203,0.0125144119424405,0.5217151156785698,0.6083605555044191,0.0125144119424405,0.0125144119424405,0.0125144119424405,0.0125021573945112,156.0,0.67,0.68,2.687313608385447e-07,1.969052443925768e-07,1.5306117016325594e-07,1.1793036311523329e-07,0.0,0.0,0.0,0.0,0.0,0.0,0.0,1.0525002937192258e-08,5.309058216675682e-09,6.934437529459041e-09,0.0,0.0,0.0,0.0,0.0,0.0,0.0
14.386642654671306,12.77984986669567,4.913393034069127,29.63001873911672,29.63001873911672,0.1265129229323308,0.075789179981203,0.0125144119424405,0.5278336228533478,0.6083605555044191,0.0125144119424405,0.0125144119424405,0.0125144119424405,0.0125144119424405,156.0,0.7,0.7,2.687153311655505e-07,1.9689095278541074e-07,1.5304802247073105e-07,1.1791774938895815e-07,0.0,0.0,0.0,0.0,0.0,0.0,0.0,1.0521351420687823e-08,5.307253734685966e-09,6.931672808485272e-09,0.0,0.0,0.0,0.0,0.0,0.0,0.0
14.386642654671306,12.77984986669567,4.913393034069127,29.63001873911672,29.63001873911672,0.1265129229323308,0.075789179981203,0.0125144119424405,0.5217151156785698,0.6083605555044191,0.0125144119424405,0.0125144119424405,0.0125144119424405,0.0125021573945112,156.0,0.67,0.68,2.687313608385447e-07,1.969052443925768e-07,1.5306117016325594e-07,1.1793036311523329e-07,0.0,0.0,0.0,0.0,0.0,0.0,0.0,1.0525002937192258e-08,5.309058216675682e-09,6.934437529459041e-09,0.0,0.0,0.0,0.0,0.0,0.0,0.0
