skin_mus,fat_mus,muscle_mus,ijv_mus,cca_mus,skin_mua,fat_mua,muscle_mua,ijv_mua,cca_mua,muscle10%_mua,muscle5%_mua,muscle3%_mua,muscle1%_mua,bloodConc,used_SO2,muscle_SO2,SDS_0,SDS_1,SDS_2,SDS_3,SDS_4,SDS_5,SDS_6,SDS_7,SDS_8,SDS_9,SDS_10,SDS_11,SDS_12,SDS_13,SDS_14,SDS_15,SDS_16,SDS_17,SDS_18,SDS_19,SDS_20
14.386642654671306,12.77984986669567,4.913393034069127,29.63001873911672,29.63001873911672,0.0685838815789473,0.0449634046052631,0.012697194389808,0.5887375024133494,0.5597387208768109,0.012697194389808,0.012697194389808,0.012697194389808,0.012697194389808,174.0,0.7,0.7,5.824035074447172e-07,4.290648158316036e-07,3.355316670504875e-07,2.601036658812838e-07,0.0,0.0,0.0,0.0,0.0,0.0,0.0,2.4334087090332056e-08,1.2358278933520032e-08,1.6149913369248503e-08,0.0,0.0,0.0,0.0,0.0,0.0,0.0
14.386642654671306,12.77984986669567,4.913393034069127,29.63001873911672,29.63001873911672,0.0685838815789473,0.0449634046052631,0.012697194389808,0.6001116503664624,0.5597387208768109,0.012697194389808,0.012697194389808,0.0126903601226935,0.0126903601226935,174.0,0.75,0.69,5.823544008371307e-07,4.290208974430807e-07,3.354908954974703e-07,2.600648100165796e-07,0.0,0.0,0.0,0.0,0.0,0.0,0.0,2.4322638089967792e-08,1.2352508686987025e-08,1.6141162990444523e-08,0.0,0.0,0.0,0.0,0.0,0.0,0.0
14.386642654671306,12.77984986669567,4.913393034069127,29.63001873911672,29.63001873911672,0.0685838815789473,0.0449634046052631,0.012697194389808,0.5887375024133494,0.5597387208768109,0.012697194389808,0.012697194389808,0.012697194389808,0.012697194389808,174.0,0.7,0.7,5.824035074447172e-07,4.290648158316036e-07,3.355316670504875e-07,2.601036658812838e-07,0.0,0.0,0.0,0.0,0.0,0.0,0.0,2.4334087090332056e-08,1.2358278933520032e-08,1.6149913369248503e-08,0.0,0.0,0.0,0.0,0.0,0.0,0.0
14.386642654671306,12.77984986669567,4.913393034069127,29.63001873911672,29.63001873911672,0.0685838815789473,0.0449634046052631,0.012697194389808,0.6001116503664624,0.5597387208768109,0.012697194389808,0.012697194389808,0.0126903601226935,0.0126903601226935,174.0,0.75,0.69,5.823544008371307e-07,4.290208974430807e-07,3.354908954974703e-07,2.600648100165796e-07,0.0,0.0,0.0,0.0,0.0,0.0,0.0,2.4322638089967792e-08,1.2352508686987025e-08,1.6141162990444523e-08,0.0,0.0,0.0,0.0,0.0,0.0,0.0
