skin_mus,fat_mus,muscle_mus,ijv_mus,cca_mus,skin_mua,fat_mua,muscle_mua,ijv_mua,cca_mua,muscle10%_mua,muscle5%_mua,muscle3%_mua,muscle1%_mua,bloodConc,used_SO2,muscle_SO2,SDS_0,SDS_1,SDS_2,SDS_3,SDS_4,SDS_5,SDS_6,SDS_7,SDS_8,SDS_9,SDS_10,SDS_11,SDS_12,SDS_13,SDS_14,SDS_15,SDS_16,SDS_17,SDS_18,SDS_19,SDS_20
16.66788177830134,15.060099216393953,5.503131511209041,36.11739334393231,36.11739334393231,0.1554774436090225,0.0912020676691729,0.0125042573620312,0.5244500739889033,0.6326714728182233,0.0125042573620312,0.0125042573620312,0.0125042573620312,0.0125042573620312,155.0,0.7,0.7,1.882559966807761e-07,1.37711101899011e-07,1.068523976769764e-07,8.213792886988173e-08,0.0,0.0,0.0,0.0,0.0,0.0,0.0,7.182368205730361e-09,3.61396529967035e-09,4.721313839838038e-09,0.0,0.0,0.0,0.0,0.0,0.0,0.0
16.66788177830134,15.060099216393953,5.503131511209041,36.11739334393231,36.11739334393231,0.1554774436090225,0.0912020676691729,0.0125042573620312,0.556872932521915,0.6326714728182233,0.0125042573620312,0.0125042573620312,0.0125042573620312,0.0125164333551661,155.0,0.86,0.72,1.8819919161942e-07,1.376604531939525e-07,1.0680601319660908e-07,8.209320375324709e-08,0.0,0.0,0.0,0.0,0.0,0.0,0.0,7.169687936213779e-09,3.6077623654474163e-09,4.711664618999306e-09,0.0,0.0,0.0,0.0,0.0,0.0,0.0
16.66788177830134,15.060099216393953,5.503131511209041,36.11739334393231,36.11739334393231,0.1554774436090225,0.0912020676691729,0.0125042573620312,0.5244500739889033,0.6326714728182233,0.0125042573620312,0.0125042573620312,0.0125042573620312,0.0125042573620312,155.0,0.7,0.7,1.882559966807761e-07,1.37711101899011e-07,1.068523976769764e-07,8.213792886988173e-08,0.0,0.0,0.0,0.0,0.0,0.0,0.0,7.182368205730361e-09,3.61396529967035e-09,4.721313839838038e-09,0.0,0.0,0.0,0.0,0.0,0.0,0.0
16.66788177830134,15.060099216393953,5.503131511209041,36.11739334393231,36.11739334393231,0.1554774436090225,0.0912020676691729,0.0125042573620312,0.556872932521915,0.6326714728182233,0.0125042573620312,0.0125042573620312,0.0125042573620312,0.0125164333551661,155.0,0.86,0.72,1.8819919161942e-07,1.376604531939525e-07,1.0680601319660908e-07,8.209320375324709e-08,0.0,0.0,0.0,0.0,0.0,0.0,0.0,7.169687936213779e-09,3.6077623654474163e-09,4.711664618999306e-09,0.0,0.0,0.0,0.0,0.0,0.0,0.0
