skin_mus,fat_mus,muscle_mus,ijv_mus,cca_mus,skin_mua,fat_mua,muscle_mua,ijv_mua,cca_mua,muscle10%_mua,muscle5%_mua,muscle3%_mua,muscle1%_mua,bloodConc,used_SO2,muscle_SO2,SDS_0,SDS_1,SDS_2,SDS_3,SDS_4,SDS_5,SDS_6,SDS_7,SDS_8,SDS_9,SDS_10,SDS_11,SDS_12,SDS_13,SDS_14,SDS_15,SDS_16,SDS_17,SDS_18,SDS_19,SDS_20
16.66788177830134,15.060099216393953,5.503131511209041,36.11739334393231,36.11739334393231,0.1265129229323308,0.075789179981203,0.012463639040394,0.5109158785311252,0.6083605555044191,0.012463639040394,0.012463639040394,0.012463639040394,0.012463639040394,151.0,0.7,0.7,2.690552787639741e-07,1.971757422390785e-07,1.5330292877262148e-07,1.1813881533595814e-07,0.0,0.0,0.0,0.0,0.0,0.0,0.0,1.0563423681690729e-08,5.328944866461191e-09,6.9621400080356375e-09,0.0,0.0,0.0,0.0,0.0,0.0,0.0
16.66788177830134,15.060099216393953,5.503131511209041,36.11739334393231,36.11739334393231,0.1265129229323308,0.075789179981203,0.012463639040394,0.5425020181342528,0.6083605555044191,0.012463639040394,0.012463639040394,0.012463639040394,0.012463639040394,151.0,0.86,0.7,2.689730036450293e-07,1.971023891497227e-07,1.532354371658174e-07,1.1807406369078117e-07,0.0,0.0,0.0,0.0,0.0,0.0,0.0,1.0544670668930617e-08,5.319676113361025e-09,6.947936715967554e-09,0.0,0.0,0.0,0.0,0.0,0.0,0.0
16.66788177830134,15.060099216393953,5.503131511209041,36.11739334393231,36.11739334393231,0.1265129229323308,0.075789179981203,0.012463639040394,0.5109158785311252,0.6083605555044191,0.012463639040394,0.012463639040394,0.012463639040394,0.012463639040394,151.0,0.7,0.7,2.690552787639741e-07,1.971757422390785e-07,1.5330292877262148e-07,1.1813881533595814e-07,0.0,0.0,0.0,0.0,0.0,0.0,0.0,1.0563423681690729e-08,5.328944866461191e-09,6.9621400080356375e-09,0.0,0.0,0.0,0.0,0.0,0.0,0.0
16.66788177830134,15.060099216393953,5.503131511209041,36.11739334393231,36.11739334393231,0.1265129229323308,0.075789179981203,0.012463639040394,0.5425020181342528,0.6083605555044191,0.012463639040394,0.012463639040394,0.012463639040394,0.012463639040394,151.0,0.86,0.7,2.689730036450293e-07,1.971023891497227e-07,1.532354371658174e-07,1.1807406369078117e-07,0.0,0.0,0.0,0.0,0.0,0.0,0.0,1.0544670668930617e-08,5.319676113361025e-09,6.947936715967554e-09,0.0,0.0,0.0,0.0,0.0,0.0,0.0
