skin_mus,fat_mus,muscle_mus,ijv_mus,cca_mus,skin_mua,fat_mua,muscle_mua,ijv_mua,cca_mua,muscle10%_mua,muscle5%_mua,muscle3%_mua,muscle1%_mua,bloodConc,used_SO2,muscle_SO2,SDS_0,SDS_1,SDS_2,SDS_3,SDS_4,SDS_5,SDS_6,SDS_7,SDS_8,SDS_9,SDS_10,SDS_11,SDS_12,SDS_13,SDS_14,SDS_15,SDS_16,SDS_17,SDS_18,SDS_19,SDS_20
16.66788177830134,15.060099216393953,5.503131511209041,36.11739334393231,36.11739334393231,0.1747871240601504,0.1014773261278195,0.0123824023971196,0.4838474876155688,0.6488787510274261,0.0123824023971196,0.0123824023971196,0.0123824023971196,0.0123824023971196,143.0,0.7,0.7,1.5041207401248337e-07,1.099930248385621e-07,8.531735867213078e-08,6.55333279359456e-08,0.0,0.0,0.0,0.0,0.0,0.0,0.0,5.691339197152639e-09,2.8603238856799922e-09,3.740827296471865e-09,0.0,0.0,0.0,0.0,0.0,0.0,0.0
16.66788177830134,15.060099216393953,5.503131511209041,36.11739334393231,36.11739334393231,0.1747871240601504,0.1014773261278195,0.0123824023971196,0.43710889114157,0.6488787510274261,0.0123824023971196,0.0123824023971196,0.0123824023971196,0.0123711690615177,143.0,0.45,0.68,1.5050188750739488e-07,1.1007315626985816e-07,8.539034978860908e-08,6.560390099386562e-08,0.0,0.0,0.0,0.0,0.0,0.0,0.0,5.71174603803996e-09,2.870317258420962e-09,3.756171362539155e-09,0.0,0.0,0.0,0.0,0.0,0.0,0.0
16.66788177830134,15.060099216393953,5.503131511209041,36.11739334393231,36.11739334393231,0.1747871240601504,0.1014773261278195,0.0123824023971196,0.4838474876155688,0.6488787510274261,0.0123824023971196,0.0123824023971196,0.0123824023971196,0.0123824023971196,143.0,0.7,0.7,1.5041207401248337e-07,1.099930248385621e-07,8.531735867213078e-08,6.55333279359456e-08,0.0,0.0,0.0,0.0,0.0,0.0,0.0,5.691339197152639e-09,2.8603238856799922e-09,3.740827296471865e-09,0.0,0.0,0.0,0.0,0.0,0.0,0.0
16.66788177830134,15.060099216393953,5.503131511209041,36.11739334393231,36.11739334393231,0.1747871240601504,0.1014773261278195,0.0123824023971196,0.43710889114157,0.6488787510274261,0.0123824023971196,0.0123824023971196,0.0123824023971196,0.0123711690615177,143.0,0.45,0.68,1.5050188750739488e-07,1.1007315626985816e-07,8.539034978860908e-08,6.560390099386562e-08,0.0,0.0,0.0,0.0,0.0,0.0,0.0,5.71174603803996e-09,2.870317258420962e-09,3.756171362539155e-09,0.0,0.0,0.0,0.0,0.0,0.0,0.0
