skin_mus,fat_mus,muscle_mus,ijv_mus,cca_mus,skin_mua,fat_mua,muscle_mua,ijv_mua,cca_mua,muscle10%_mua,muscle5%_mua,muscle3%_mua,muscle1%_mua,bloodConc,used_SO2,muscle_SO2,SDS_0,SDS_1,SDS_2,SDS_3,SDS_4,SDS_5,SDS_6,SDS_7,SDS_8,SDS_9,SDS_10,SDS_11,SDS_12,SDS_13,SDS_14,SDS_15,SDS_16,SDS_17,SDS_18,SDS_19,SDS_20
14.386642654671306,12.77984986669567,4.913393034069127,29.63001873911672,29.63001873911672,0.0106548402255639,0.0141376292293233,0.0125956485857149,0.5549020137689041,0.5111168862492026,0.0125956485857149,0.0125956485857149,0.0125956485857149,0.0125956485857149,164.0,0.7,0.7,1.4360602567796616e-06,1.07075583420012e-06,8.494422004304813e-07,6.665944657058294e-07,0.0,0.0,0.0,0.0,0.0,0.0,0.0,6.84140509770265e-08,3.513388882018427e-08,4.6317116480296025e-08,0.0,0.0,0.0,0.0,0.0,0.0,0.0
14.386642654671306,12.77984986669567,4.913393034069127,29.63001873911672,29.63001873911672,0.0106548402255639,0.0141376292293233,0.0125956485857149,0.597783858925468,0.5111168862492026,0.0125956485857149,0.0125956485857149,0.0125827655994303,0.0125827655994303,164.0,0.9,0.68,1.4355743017482953e-06,1.0703190291112697e-06,8.490322661655707e-07,6.662060429353858e-07,0.0,0.0,0.0,0.0,0.0,0.0,0.0,6.829212910330544e-08,3.5070496952308225e-08,4.6222503820502016e-08,0.0,0.0,0.0,0.0,0.0,0.0,0.0
14.386642654671306,12.77984986669567,4.913393034069127,29.63001873911672,29.63001873911672,0.0106548402255639,0.0141376292293233,0.0125956485857149,0.5549020137689041,0.5111168862492026,0.0125956485857149,0.0125956485857149,0.0125956485857149,0.0125956485857149,164.0,0.7,0.7,1.4360602567796616e-06,1.07075583420012e-06,8.494422004304813e-07,6.665944657058294e-07,0.0,0.0,0.0,0.0,0.0,0.0,0.0,6.84140509770265e-08,3.513388882018427e-08,4.6317116480296025e-08,0.0,0.0,0.0,0.0,0.0,0.0,0.0
14.386642654671306,12.77984986669567,4.913393034069127,29.63001873911672,29.63001873911672,0.0106548402255639,0.0141376292293233,0.0125956485857149,0.597783858925468,0.5111168862492026,0.0125956485857149,0.0125956485857149,0.0125827655994303,0.0125827655994303,164.0,0.9,0.68,1.4355743017482953e-06,1.0703190291112697e-06,8.490322661655707e-07,6.662060429353858e-07,0.0,0.0,0.0,0.0,0.0,0.0,0.0,6.829212910330544e-08,3.5070496952308225e-08,4.6222503820502016e-08,0.0,0.0,0.0,0.0,0.0,0.0,0.0
