skin_mus,fat_mus,muscle_mus,ijv_mus,cca_mus,skin_mua,fat_mua,muscle_mua,ijv_mua,cca_mua,muscle10%_mua,muscle5%_mua,muscle3%_mua,muscle1%_mua,bloodConc,used_SO2,muscle_SO2,SDS_0,SDS_1,SDS_2,SDS_3,SDS_4,SDS_5,SDS_6,SDS_7,SDS_8,SDS_9,SDS_10,SDS_11,SDS_12,SDS_13,SDS_14,SDS_15,SDS_16,SDS_17,SDS_18,SDS_19,SDS_20
14.386642654671306,12.77984986669567,4.913393034069127,29.63001873911672,29.63001873911672,0.001,0.009,0.0125144119424405,0.5278336228533478,0.5030132471446012,0.0125144119424405,0.0125144119424405,0.0125144119424405,0.0125144119424405,156.0,0.7,0.7,1.699504636653536e-06,1.2709823628026723e-06,1.0121177116502803e-06,7.966552756831031e-07,0.0,0.0,0.0,0.0,0.0,0.0,0.0,8.374383915653793e-08,4.311986507006066e-08,5.701252431812211e-08,0.0,0.0,0.0,0.0,0.0,0.0,0.0
14.386642654671306,12.77984986669567,4.913393034069127,29.63001873911672,29.63001873911672,0.001,0.009,0.0125144119424405,0.5115176037206064,0.5030132471446012,0.0125144119424405,0.0125144119424405,0.0125450483122638,0.0125450483122638,156.0,0.62,0.75,1.6997683587748452e-06,1.2712196469002443e-06,1.0123412732384376e-06,7.968665723429192e-07,0.0,0.0,0.0,0.0,0.0,0.0,0.0,8.381200853675923e-08,4.3155568710160815e-08,5.7065500707215775e-08,0.0,0.0,0.0,0.0,0.0,0.0,0.0
14.386642654671306,12.77984986669567,4.913393034069127,29.63001873911672,29.63001873911672,0.001,0.009,0.0125144119424405,0.5278336228533478,0.5030132471446012,0.0125144119424405,0.0125144119424405,0.0125144119424405,0.0125144119424405,156.0,0.7,0.7,1.699504636653536e-06,1.2709823628026723e-06,1.0121177116502803e-06,7.966552756831031e-07,0.0,0.0,0.0,0.0,0.0,0.0,0.0,8.374383915653793e-08,4.311986507006066e-08,5.701252431812211e-08,0.0,0.0,0.0,0.0,0.0,0.0,0.0
14.386642654671306,12.77984986669567,4.913393034069127,29.63001873911672,29.63001873911672,0.001,0.009,0.0125144119424405,0.5115176037206064,0.5030132471446012,0.0125144119424405,0.0125144119424405,0.0125450483122638,0.0125450483122638,156.0,0.62,0.75,1.6997683587748452e-06,1.2712196469002443e-06,1.0123412732384376e-06,7.968665723429192e-07,0.0,0.0,0.0,0.0,0.0,0.0,0.0,8.381200853675923e-08,4.3155568710160815e-08,5.7065500707215775e-08,0.0,0.0,0.0,0.0,0.0,0.0,0.0
