skin_mus,fat_mus,muscle_mus,ijv_mus,cca_mus,skin_mua,fat_mua,muscle_mua,ijv_mua,cca_mua,muscle10%_mua,muscle5%_mua,muscle3%_mua,muscle1%_mua,bloodConc,used_SO2,muscle_SO2,SDS_0,SDS_1,SDS_2,SDS_3,SDS_4,SDS_5,SDS_6,SDS_7,SDS_8,SDS_9,SDS_10,SDS_11,SDS_12,SDS_13,SDS_14,SDS_15,SDS_16,SDS_17,SDS_18,SDS_19,SDS_20
14.386642654671306,12.77984986669567,4.913393034069127,29.63001873911672,29.63001873911672,0.0396193609022556,0.0295505169172932,0.0124433298795754,0.504148780802236,0.5354278035630067,0.0124433298795754,0.0124433298795754,0.0124433298795754,0.0124433298795754,149.0,0.7,0.7,9.020033228736988e-07,6.684059028080847e-07,5.262671631321731e-07,4.1045863395834165e-07,0.0,0.0,0.0,0.0,0.0,0.0,0.0,4.030197039085006e-08,2.057953327114017e-08,2.700588177025249e-08,0.0,0.0,0.0,0.0,0.0,0.0,0.0
14.386642654671306,12.77984986669567,4.913393034069127,29.63001873911672,29.63001873911672,0.0396193609022556,0.0295505169172932,0.0124433298795754,0.5216806571299654,0.5354278035630067,0.0124433298795754,0.0124433298795754,0.0124374775473912,0.0124374775473912,149.0,0.79,0.69,9.018468087675772e-07,6.68265672373234e-07,5.261361632151969e-07,4.10334433172977e-07,0.0,0.0,0.0,0.0,0.0,0.0,0.0,4.0263541073533066e-08,2.055977403844556e-08,2.6976491634715954e-08,0.0,0.0,0.0,0.0,0.0,0.0,0.0
14.386642654671306,12.77984986669567,4.913393034069127,29.63001873911672,29.63001873911672,0.0396193609022556,0.0295505169172932,0.0124433298795754,0.504148780802236,0.5354278035630067,0.0124433298795754,0.0124433298795754,0.0124433298795754,0.0124433298795754,149.0,0.7,0.7,9.020033228736988e-07,6.684059028080847e-07,5.262671631321731e-07,4.1045863395834165e-07,0.0,0.0,0.0,0.0,0.0,0.0,0.0,4.030197039085006e-08,2.057953327114017e-08,2.700588177025249e-08,0.0,0.0,0.0,0.0,0.0,0.0,0.0
14.386642654671306,12.77984986669567,4.913393034069127,29.63001873911672,29.63001873911672,0.0396193609022556,0.0295505169172932,0.0124433298795754,0.5216806571299654,0.5354278035630067,0.0124433298795754,0.0124433298795754,0.0124374775473912,0.0124374775473912,149.0,0.79,0.69,9.018468087675772e-07,6.68265672373234e-07,5.261361632151969e-07,4.10334433172977e-07,0.0,0.0,0.0,0.0,0.0,0.0,0.0,4.0263541073533066e-08,2.055977403844556e-08,2.6976491634715954e-08,0.0,0.0,0.0,0.0,0.0,0.0,0.0
