skin_mus,fat_mus,muscle_mus,ijv_mus,cca_mus,skin_mua,fat_mua,muscle_mua,ijv_mua,cca_mua,muscle10%_mua,muscle5%_mua,muscle3%_mua,muscle1%_mua,bloodConc,used_SO2,muscle_SO2,SDS_0,SDS_1,SDS_2,SDS_3,SDS_4,SDS_5,SDS_6,SDS_7,SDS_8,SDS_9,SDS_10,SDS_11,SDS_12,SDS_13,SDS_14,SDS_15,SDS_16,SDS_17,SDS_18,SDS_19,SDS_20
14.386642654671306,12.77984986669567,4.913393034069127,29.63001873911672,29.63001873911672,0.0299645206766917,0.0244128876879699,0.0124230207187568,0.497381683073347,0.5273241644584054,0.0124230207187568,0.0124230207187568,0.0124230207187568,0.0124230207187568,147.0,0.7,0.7,1.0502384614647117e-06,7.798813310449865e-07,6.155726077567872e-07,4.811322542832991e-07,0.0,0.0,0.0,0.0,0.0,0.0,0.0,4.800431236798387e-08,2.455973651513795e-08,3.227947629407109e-08,0.0,0.0,0.0,0.0,0.0,0.0,0.0
14.386642654671306,12.77984986669567,4.913393034069127,29.63001873911672,29.63001873911672,0.0299645206766917,0.0244128876879699,0.0124230207187568,0.4685541011921813,0.5273241644584054,0.0124230207187568,0.0124230207187568,0.012417246941367,0.012417246941367,147.0,0.55,0.69,1.050575449234986e-06,7.801836119277549e-07,6.158557416516873e-07,4.814002309448289e-07,0.0,0.0,0.0,0.0,0.0,0.0,0.0,4.808865083756941e-08,2.4603402148289308e-08,3.234411516467965e-08,0.0,0.0,0.0,0.0,0.0,0.0,0.0
14.386642654671306,12.77984986669567,4.913393034069127,29.63001873911672,29.63001873911672,0.0299645206766917,0.0244128876879699,0.0124230207187568,0.497381683073347,0.5273241644584054,0.0124230207187568,0.0124230207187568,0.0124230207187568,0.0124230207187568,147.0,0.7,0.7,1.0502384614647117e-06,7.798813310449865e-07,6.155726077567872e-07,4.811322542832991e-07,0.0,0.0,0.0,0.0,0.0,0.0,0.0,4.800431236798387e-08,2.455973651513795e-08,3.227947629407109e-08,0.0,0.0,0.0,0.0,0.0,0.0,0.0
14.386642654671306,12.77984986669567,4.913393034069127,29.63001873911672,29.63001873911672,0.0299645206766917,0.0244128876879699,0.0124230207187568,0.4685541011921813,0.5273241644584054,0.0124230207187568,0.0124230207187568,0.012417246941367,0.012417246941367,147.0,0.55,0.69,1.050575449234986e-06,7.801836119277549e-07,6.158557416516873e-07,4.814002309448289e-07,0.0,0.0,0.0,0.0,0.0,0.0,0.0,4.808865083756941e-08,2.4603402148289308e-08,3.234411516467965e-08,0.0,0.0,0.0,0.0,0.0,0.0,0.0
