skin_mus,fat_mus,muscle_mus,ijv_mus,cca_mus,skin_mua,fat_mua,muscle_mua,ijv_mua,cca_mua,muscle10%_mua,muscle5%_mua,muscle3%_mua,muscle1%_mua,bloodConc,used_SO2,muscle_SO2,SDS_0,SDS_1,SDS_2,SDS_3,SDS_4,SDS_5,SDS_6,SDS_7,SDS_8,SDS_9,SDS_10,SDS_11,SDS_12,SDS_13,SDS_14,SDS_15,SDS_16,SDS_17,SDS_18,SDS_19,SDS_20
14.386642654671306,12.77984986669567,4.913393034069127,29.63001873911672,29.63001873911672,0.0975484022556391,0.060376292293233,0.012697194389808,0.5887375024133494,0.5840496381906151,0.012697194389808,0.012697194389808,0.012697194389808,0.012697194389808,174.0,0.7,0.7,3.899000521033512e-07,2.8621944181691056e-07,2.229293428282788e-07,1.721460392275541e-07,0.0,0.0,0.0,0.0,0.0,0.0,0.0,1.5627846317225042e-08,7.905474701601367e-09,1.0317893383231098e-08,0.0,0.0,0.0,0.0,0.0,0.0,0.0
14.386642654671306,12.77984986669567,4.913393034069127,29.63001873911672,29.63001873911672,0.0975484022556391,0.060376292293233,0.012697194389808,0.5227674442852941,0.5840496381906151,0.012697194389808,0.0127313657253801,0.0127313657253801,0.0127313657253801,174.0,0.41,0.75,3.901179069028813e-07,2.864139087008213e-07,2.231089932581007e-07,1.723177567338991e-07,0.0,0.0,0.0,0.0,0.0,0.0,0.0,1.5677959511897632e-08,7.930434074257087e-09,1.0355923428837591e-08,0.0,0.0,0.0,0.0,0.0,0.0,0.0
14.386642654671306,12.77984986669567,4.913393034069127,29.63001873911672,29.63001873911672,0.0975484022556391,0.060376292293233,0.012697194389808,0.5887375024133494,0.5840496381906151,0.012697194389808,0.012697194389808,0.012697194389808,0.012697194389808,174.0,0.7,0.7,3.899000521033512e-07,2.8621944181691056e-07,2.229293428282788e-07,1.721460392275541e-07,0.0,0.0,0.0,0.0,0.0,0.0,0.0,1.5627846317225042e-08,7.905474701601367e-09,1.0317893383231098e-08,0.0,0.0,0.0,0.0,0.0,0.0,0.0
14.386642654671306,12.77984986669567,4.913393034069127,29.63001873911672,29.63001873911672,0.0975484022556391,0.060376292293233,0.012697194389808,0.5227674442852941,0.5840496381906151,0.012697194389808,0.0127313657253801,0.0127313657253801,0.0127313657253801,174.0,0.41,0.75,3.901179069028813e-07,2.864139087008213e-07,2.231089932581007e-07,1.723177567338991e-07,0.0,0.0,0.0,0.0,0.0,0.0,0.0,1.5677959511897632e-08,7.930434074257087e-09,1.0355923428837591e-08,0.0,0.0,0.0,0.0,0.0,0.0,0.0
