skin_mus,fat_mus,muscle_mus,ijv_mus,cca_mus,skin_mua,fat_mua,muscle_mua,ijv_mua,cca_mua,muscle10%_mua,muscle5%_mua,muscle3%_mua,muscle1%_mua,bloodConc,used_SO2,muscle_SO2,SDS_0,SDS_1,SDS_2,SDS_3,SDS_4,SDS_5,SDS_6,SDS_7,SDS_8,SDS_9,SDS_10,SDS_11,SDS_12,SDS_13,SDS_14,SDS_15,SDS_16,SDS_17,SDS_18,SDS_19,SDS_20
14.386642654671306,12.77984986669567,4.913393034069127,29.63001873911672,29.63001873911672,0.0782387218045112,0.0501010338345864,0.012697194389808,0.5887375024133494,0.5678423599814123,0.012697194389808,0.012697194389808,0.012697194389808,0.012697194389808,174.0,0.7,0.7,5.079472938439365e-07,3.737150745551301e-07,2.918091412273085e-07,2.258912360932937e-07,0.0,0.0,0.0,0.0,0.0,0.0,0.0,2.0906868957335163e-08,1.0602767320728952e-08,1.3848050402662265e-08,0.0,0.0,0.0,0.0,0.0,0.0,0.0
14.386642654671306,12.77984986669567,4.913393034069127,29.63001873911672,29.63001873911672,0.0782387218045112,0.0501010338345864,0.012697194389808,0.5227674442852941,0.5678423599814123,0.012697194389808,0.0127313657253801,0.0127313657253801,0.0127313657253801,174.0,0.41,0.75,5.082293365767139e-07,3.7396708358511147e-07,2.920426675667309e-07,2.261138712255806e-07,0.0,0.0,0.0,0.0,0.0,0.0,0.0,2.097272260255e-08,1.0635847264829206e-08,1.3898087933614625e-08,0.0,0.0,0.0,0.0,0.0,0.0,0.0
14.386642654671306,12.77984986669567,4.913393034069127,29.63001873911672,29.63001873911672,0.0782387218045112,0.0501010338345864,0.012697194389808,0.5887375024133494,0.5678423599814123,0.012697194389808,0.012697194389808,0.012697194389808,0.012697194389808,174.0,0.7,0.7,5.079472938439365e-07,3.737150745551301e-07,2.918091412273085e-07,2.258912360932937e-07,0.0,0.0,0.0,0.0,0.0,0.0,0.0,2.0906868957335163e-08,1.0602767320728952e-08,1.3848050402662265e-08,0.0,0.0,0.0,0.0,0.0,0.0,0.0
14.386642654671306,12.77984986669567,4.913393034069127,29.63001873911672,29.63001873911672,0.0782387218045112,0.0501010338345864,0.012697194389808,0.5227674442852941,0.5678423599814123,0.012697194389808,0.0127313657253801,0.0127313657253801,0.0127313657253801,174.0,0.41,0.75,5.082293365767139e-07,3.7396708358511147e-07,2.920426675667309e-07,2.261138712255806e-07,0.0,0.0,0.0,0.0,0.0,0.0,0.0,2.097272260255e-08,1.0635847264829206e-08,1.3898087933614625e-08,0.0,0.0,0.0,0.0,0.0,0.0,0.0
