skin_mus,fat_mus,muscle_mus,ijv_mus,cca_mus,skin_mua,fat_mua,muscle_mua,ijv_mua,cca_mua,muscle10%_mua,muscle5%_mua,muscle3%_mua,muscle1%_mua,bloodConc,used_SO2,muscle_SO2,SDS_0,SDS_1,SDS_2,SDS_3,SDS_4,SDS_5,SDS_6,SDS_7,SDS_8,SDS_9,SDS_10,SDS_11,SDS_12,SDS_13,SDS_14,SDS_15,SDS_16,SDS_17,SDS_18,SDS_19,SDS_20
16.66788177830134,15.060099216393953,5.503131511209041,36.11739334393231,36.11739334393231,0.1844419642857143,0.1066149553571428,0.012697194389808,0.5887375024133494,0.6569823901320275,0.012697194389808,0.012697194389808,0.012697194389808,0.012697194389808,174.0,0.7,0.7,1.335438558757985e-07,9.752146175131929e-08,7.551692911985456e-08,5.7897402589588335e-08,0.0,0.0,0.0,0.0,0.0,0.0,0.0,4.935818871918916e-09,2.4779956440070076e-09,3.2347293443702504e-09,0.0,0.0,0.0,0.0,0.0,0.0,0.0
16.66788177830134,15.060099216393953,5.503131511209041,36.11739334393231,36.11739334393231,0.1844419642857143,0.1066149553571428,0.012697194389808,0.6205851166820658,0.6569823901320275,0.012697194389808,0.012697194389808,0.0126835258555791,0.0126835258555791,174.0,0.84,0.68,1.3351198099700401e-07,9.749298795357638e-08,7.549091988170982e-08,5.787219378371345e-08,0.0,0.0,0.0,0.0,0.0,0.0,0.0,4.928943610714785e-09,2.474673982046935e-09,3.229404921177034e-09,0.0,0.0,0.0,0.0,0.0,0.0,0.0
16.66788177830134,15.060099216393953,5.503131511209041,36.11739334393231,36.11739334393231,0.1844419642857143,0.1066149553571428,0.012697194389808,0.5887375024133494,0.6569823901320275,0.012697194389808,0.012697194389808,0.012697194389808,0.012697194389808,174.0,0.7,0.7,1.335438558757985e-07,9.752146175131929e-08,7.551692911985456e-08,5.7897402589588335e-08,0.0,0.0,0.0,0.0,0.0,0.0,0.0,4.935818871918916e-09,2.4779956440070076e-09,3.2347293443702504e-09,0.0,0.0,0.0,0.0,0.0,0.0,0.0
16.66788177830134,15.060099216393953,5.503131511209041,36.11739334393231,36.11739334393231,0.1844419642857143,0.1066149553571428,0.012697194389808,0.6205851166820658,0.6569823901320275,0.012697194389808,0.012697194389808,0.0126835258555791,0.0126835258555791,174.0,0.84,0.68,1.3351198099700401e-07,9.749298795357638e-08,7.549091988170982e-08,5.787219378371345e-08,0.0,0.0,0.0,0.0,0.0,0.0,0.0,4.928943610714785e-09,2.474673982046935e-09,3.229404921177034e-09,0.0,0.0,0.0,0.0,0.0,0.0,0.0
