skin_mus,fat_mus,muscle_mus,ijv_mus,cca_mus,skin_mua,fat_mua,muscle_mua,ijv_mua,cca_mua,muscle10%_mua,muscle5%_mua,muscle3%_mua,muscle1%_mua,bloodConc,used_SO2,muscle_SO2,SDS_0,SDS_1,SDS_2,SDS_3,SDS_4,SDS_5,SDS_6,SDS_7,SDS_8,SDS_9,SDS_10,SDS_11,SDS_12,SDS_13,SDS_14,SDS_15,SDS_16,SDS_17,SDS_18,SDS_19,SDS_20
14.386642654671306,12.77984986669567,4.913393034069127,29.63001873911672,29.63001873911672,0.1554774436090225,0.0912020676691729,0.012697194389808,0.5887375024133494,0.6326714728182233,0.012697194389808,0.012697194389808,0.012697194389808,0.012697194389808,174.0,0.7,0.7,1.8736577369134065e-07,1.369681509422785e-07,1.0618964285879303e-07,8.156579808409826e-08,0.0,0.0,0.0,0.0,0.0,0.0,0.0,7.077597006315661e-09,3.560164449193302e-09,4.645594451042058e-09,0.0,0.0,0.0,0.0,0.0,0.0,0.0
14.386642654671306,12.77984986669567,4.913393034069127,29.63001873911672,29.63001873911672,0.1554774436090225,0.0912020676691729,0.012697194389808,0.5227674442852941,0.6326714728182233,0.012697194389808,0.0127313657253801,0.0127313657253801,0.0127313657253801,174.0,0.41,0.75,1.8747278248235573e-07,1.370636060496327e-07,1.0627700024931293e-07,8.165006908012592e-08,0.0,0.0,0.0,0.0,0.0,0.0,0.0,7.101346449735206e-09,3.571752750941597e-09,4.663689636538511e-09,0.0,0.0,0.0,0.0,0.0,0.0,0.0
14.386642654671306,12.77984986669567,4.913393034069127,29.63001873911672,29.63001873911672,0.1554774436090225,0.0912020676691729,0.012697194389808,0.5887375024133494,0.6326714728182233,0.012697194389808,0.012697194389808,0.012697194389808,0.012697194389808,174.0,0.7,0.7,1.8736577369134065e-07,1.369681509422785e-07,1.0618964285879303e-07,8.156579808409826e-08,0.0,0.0,0.0,0.0,0.0,0.0,0.0,7.077597006315661e-09,3.560164449193302e-09,4.645594451042058e-09,0.0,0.0,0.0,0.0,0.0,0.0,0.0
14.386642654671306,12.77984986669567,4.913393034069127,29.63001873911672,29.63001873911672,0.1554774436090225,0.0912020676691729,0.012697194389808,0.5227674442852941,0.6326714728182233,0.012697194389808,0.0127313657253801,0.0127313657253801,0.0127313657253801,174.0,0.41,0.75,1.8747278248235573e-07,1.370636060496327e-07,1.0627700024931293e-07,8.165006908012592e-08,0.0,0.0,0.0,0.0,0.0,0.0,0.0,7.101346449735206e-09,3.571752750941597e-09,4.663689636538511e-09,0.0,0.0,0.0,0.0,0.0,0.0,0.0
