skin_mus,fat_mus,muscle_mus,ijv_mus,cca_mus,skin_mua,fat_mua,muscle_mua,ijv_mua,cca_mua,muscle10%_mua,muscle5%_mua,muscle3%_mua,muscle1%_mua,bloodConc,used_SO2,muscle_SO2,SDS_0,SDS_1,SDS_2,SDS_3,SDS_4,SDS_5,SDS_6,SDS_7,SDS_8,SDS_9,SDS_10,SDS_11,SDS_12,SDS_13,SDS_14,SDS_15,SDS_16,SDS_17,SDS_18,SDS_19,SDS_20
14.386642654671306,12.77984986669567,4.913393034069127,29.63001873911672,29.63001873911672,0.1458226033834586,0.0860644384398496,0.012697194389808,0.5887375024133494,0.624567833713622,0.012697194389808,0.012697194389808,0.012697194389808,0.012697194389808,174.0,0.7,0.7,2.105435050157573e-07,1.539854429295469e-07,1.1944667553217022e-07,9.181450586661232e-08,0.0,0.0,0.0,0.0,0.0,0.0,0.0,8.018894338903252e-09,4.0367199131088135e-09,5.267006971678607e-09,0.0,0.0,0.0,0.0,0.0,0.0,0.0
14.386642654671306,12.77984986669567,4.913393034069127,29.63001873911672,29.63001873911672,0.1458226033834586,0.0860644384398496,0.012697194389808,0.5227674442852941,0.624567833713622,0.012697194389808,0.0127313657253801,0.0127313657253801,0.0127313657253801,174.0,0.41,0.75,2.1066329452734802e-07,1.5409228651217637e-07,1.1954461189929096e-07,9.190882779656989e-08,0.0,0.0,0.0,0.0,0.0,0.0,0.0,8.045620315189161e-09,4.049798652147678e-09,5.287343375361471e-09,0.0,0.0,0.0,0.0,0.0,0.0,0.0
14.386642654671306,12.77984986669567,4.913393034069127,29.63001873911672,29.63001873911672,0.1458226033834586,0.0860644384398496,0.012697194389808,0.5887375024133494,0.624567833713622,0.012697194389808,0.012697194389808,0.012697194389808,0.012697194389808,174.0,0.7,0.7,2.105435050157573e-07,1.539854429295469e-07,1.1944667553217022e-07,9.181450586661232e-08,0.0,0.0,0.0,0.0,0.0,0.0,0.0,8.018894338903252e-09,4.0367199131088135e-09,5.267006971678607e-09,0.0,0.0,0.0,0.0,0.0,0.0,0.0
14.386642654671306,12.77984986669567,4.913393034069127,29.63001873911672,29.63001873911672,0.1458226033834586,0.0860644384398496,0.012697194389808,0.5227674442852941,0.624567833713622,0.012697194389808,0.0127313657253801,0.0127313657253801,0.0127313657253801,174.0,0.41,0.75,2.1066329452734802e-07,1.5409228651217637e-07,1.1954461189929096e-07,9.190882779656989e-08,0.0,0.0,0.0,0.0,0.0,0.0,0.0,8.045620315189161e-09,4.049798652147678e-09,5.287343375361471e-09,0.0,0.0,0.0,0.0,0.0,0.0,0.0
