skin_mus,fat_mus,muscle_mus,ijv_mus,cca_mus,skin_mua,fat_mua,muscle_mua,ijv_mua,cca_mua,muscle10%_mua,muscle5%_mua,muscle3%_mua,muscle1%_mua,bloodConc,used_SO2,muscle_SO2,SDS_0,SDS_1,SDS_2,SDS_3,SDS_4,SDS_5,SDS_6,SDS_7,SDS_8,SDS_9,SDS_10,SDS_11,SDS_12,SDS_13,SDS_14,SDS_15,SDS_16,SDS_17,SDS_18,SDS_19,SDS_20
14.386642654671306,12.77984986669567,4.913393034069127,29.63001873911672,29.63001873911672,0.1361677631578947,0.0809268092105263,0.012697194389808,0.5887375024133494,0.6164641946090206,0.012697194389808,0.012697194389808,0.012697194389808,0.012697194389808,174.0,0.7,0.7,2.3707214556399066e-07,1.734842946713229e-07,1.3465474225605766e-07,1.0358454067369936e-07,0.0,0.0,0.0,0.0,0.0,0.0,0.0,9.109154133559929e-09,4.589339393374694e-09,5.987755237541181e-09,0.0,0.0,0.0,0.0,0.0,0.0,0.0
14.386642654671306,12.77984986669567,4.913393034069127,29.63001873911672,29.63001873911672,0.1361677631578947,0.0809268092105263,0.012697194389808,0.5227674442852941,0.6164641946090206,0.012697194389808,0.0127313657253801,0.0127313657253801,0.0127313657253801,174.0,0.41,0.75,2.372065205145774e-07,1.7360414440806838e-07,1.347647748749662e-07,1.036903426153182e-07,0.0,0.0,0.0,0.0,0.0,0.0,0.0,9.139299579341918e-09,4.604137422756092e-09,6.0106686983861875e-09,0.0,0.0,0.0,0.0,0.0,0.0,0.0
14.386642654671306,12.77984986669567,4.913393034069127,29.63001873911672,29.63001873911672,0.1361677631578947,0.0809268092105263,0.012697194389808,0.5887375024133494,0.6164641946090206,0.012697194389808,0.012697194389808,0.012697194389808,0.012697194389808,174.0,0.7,0.7,2.3707214556399066e-07,1.734842946713229e-07,1.3465474225605766e-07,1.0358454067369936e-07,0.0,0.0,0.0,0.0,0.0,0.0,0.0,9.109154133559929e-09,4.589339393374694e-09,5.987755237541181e-09,0.0,0.0,0.0,0.0,0.0,0.0,0.0
14.386642654671306,12.77984986669567,4.913393034069127,29.63001873911672,29.63001873911672,0.1361677631578947,0.0809268092105263,0.012697194389808,0.5227674442852941,0.6164641946090206,0.012697194389808,0.0127313657253801,0.0127313657253801,0.0127313657253801,174.0,0.41,0.75,2.372065205145774e-07,1.7360414440806838e-07,1.347647748749662e-07,1.036903426153182e-07,0.0,0.0,0.0,0.0,0.0,0.0,0.0,9.139299579341918e-09,4.604137422756092e-09,6.0106686983861875e-09,0.0,0.0,0.0,0.0,0.0,0.0,0.0
