skin_mus,fat_mus,muscle_mus,ijv_mus,cca_mus,skin_mua,fat_mua,muscle_mua,ijv_mua,cca_mua,muscle10%_mua,muscle5%_mua,muscle3%_mua,muscle1%_mua,bloodConc,used_SO2,muscle_SO2,SDS_0,SDS_1,SDS_2,SDS_3,SDS_4,SDS_5,SDS_6,SDS_7,SDS_8,SDS_9,SDS_10,SDS_11,SDS_12,SDS_13,SDS_14,SDS_15,SDS_16,SDS_17,SDS_18,SDS_19,SDS_20
14.386642654671306,12.77984986669567,4.913393034069127,29.63001873911672,29.63001873911672,0.1844419642857143,0.1066149553571428,0.0126768852289894,0.5819704046844604,0.6569823901320275,0.0126768852289894,0.0126768852289894,0.0126768852289894,0.0126768852289894,172.0,0.7,0.7,1.336100374131616e-07,9.757652145520978e-08,7.55659141951431e-08,5.7939524869906233e-08,0.0,0.0,0.0,0.0,0.0,0.0,0.0,4.943289119137645e-09,2.481819918391429e-09,3.240125501562754e-09,0.0,0.0,0.0,0.0,0.0,0.0,0.0
14.386642654671306,12.77984986669567,4.913393034069127,29.63001873911672,29.63001873911672,0.1844419642857143,0.1066149553571428,0.0126768852289894,0.5167586230866126,0.6569823901320275,0.0126768852289894,0.0127106637905894,0.0127106637905894,0.0127106637905894,172.0,0.41,0.75,1.336881251376661e-07,9.764623267859761e-08,7.562938781440023e-08,5.800106192006586e-08,0.0,0.0,0.0,0.0,0.0,0.0,0.0,4.960406850578746e-09,2.490112784173666e-09,3.2532172385969567e-09,0.0,0.0,0.0,0.0,0.0,0.0,0.0
14.386642654671306,12.77984986669567,4.913393034069127,29.63001873911672,29.63001873911672,0.1844419642857143,0.1066149553571428,0.0126768852289894,0.5819704046844604,0.6569823901320275,0.0126768852289894,0.0126768852289894,0.0126768852289894,0.0126768852289894,172.0,0.7,0.7,1.336100374131616e-07,9.757652145520978e-08,7.55659141951431e-08,5.7939524869906233e-08,0.0,0.0,0.0,0.0,0.0,0.0,0.0,4.943289119137645e-09,2.481819918391429e-09,3.240125501562754e-09,0.0,0.0,0.0,0.0,0.0,0.0,0.0
14.386642654671306,12.77984986669567,4.913393034069127,29.63001873911672,29.63001873911672,0.1844419642857143,0.1066149553571428,0.0126768852289894,0.5167586230866126,0.6569823901320275,0.0126768852289894,0.0127106637905894,0.0127106637905894,0.0127106637905894,172.0,0.41,0.75,1.336881251376661e-07,9.764623267859761e-08,7.562938781440023e-08,5.800106192006586e-08,0.0,0.0,0.0,0.0,0.0,0.0,0.0,4.960406850578746e-09,2.490112784173666e-09,3.2532172385969567e-09,0.0,0.0,0.0,0.0,0.0,0.0,0.0
