skin_mus,fat_mus,muscle_mus,ijv_mus,cca_mus,skin_mua,fat_mua,muscle_mua,ijv_mua,cca_mua,muscle10%_mua,muscle5%_mua,muscle3%_mua,muscle1%_mua,bloodConc,used_SO2,muscle_SO2,SDS_0,SDS_1,SDS_2,SDS_3,SDS_4,SDS_5,SDS_6,SDS_7,SDS_8,SDS_9,SDS_10,SDS_11,SDS_12,SDS_13,SDS_14,SDS_15,SDS_16,SDS_17,SDS_18,SDS_19,SDS_20
14.386642654671306,12.77984986669567,4.913393034069127,29.63001873911672,29.63001873911672,0.1844419642857143,0.1066149553571428,0.012697194389808,0.5887375024133494,0.6569823901320275,0.012697194389808,0.012697194389808,0.012697194389808,0.012697194389808,174.0,0.7,0.7,1.335438558757985e-07,9.752146175131929e-08,7.551692911985456e-08,5.7897402589588335e-08,0.0,0.0,0.0,0.0,0.0,0.0,0.0,4.935818871918916e-09,2.4779956440070076e-09,3.2347293443702504e-09,0.0,0.0,0.0,0.0,0.0,0.0,0.0
14.386642654671306,12.77984986669567,4.913393034069127,29.63001873911672,29.63001873911672,0.1844419642857143,0.1066149553571428,0.012697194389808,0.5250422738759167,0.6569823901320275,0.012697194389808,0.0127313657253801,0.0127313657253801,0.0127313657253801,174.0,0.42,0.75,1.33617997005862e-07,9.75876569387135e-08,7.557721536780386e-08,5.7955852613485065e-08,0.0,0.0,0.0,0.0,0.0,0.0,0.0,4.9520324039563485e-09,2.4858454948708717e-09,3.2471484590468324e-09,0.0,0.0,0.0,0.0,0.0,0.0,0.0
14.386642654671306,12.77984986669567,4.913393034069127,29.63001873911672,29.63001873911672,0.1844419642857143,0.1066149553571428,0.012697194389808,0.5887375024133494,0.6569823901320275,0.012697194389808,0.012697194389808,0.012697194389808,0.012697194389808,174.0,0.7,0.7,1.335438558757985e-07,9.752146175131929e-08,7.551692911985456e-08,5.7897402589588335e-08,0.0,0.0,0.0,0.0,0.0,0.0,0.0,4.935818871918916e-09,2.4779956440070076e-09,3.2347293443702504e-09,0.0,0.0,0.0,0.0,0.0,0.0,0.0
14.386642654671306,12.77984986669567,4.913393034069127,29.63001873911672,29.63001873911672,0.1844419642857143,0.1066149553571428,0.012697194389808,0.5250422738759167,0.6569823901320275,0.012697194389808,0.0127313657253801,0.0127313657253801,0.0127313657253801,174.0,0.42,0.75,1.33617997005862e-07,9.75876569387135e-08,7.557721536780386e-08,5.7955852613485065e-08,0.0,0.0,0.0,0.0,0.0,0.0,0.0,4.9520324039563485e-09,2.4858454948708717e-09,3.2471484590468324e-09,0.0,0.0,0.0,0.0,0.0,0.0,0.0
