skin_mus,fat_mus,muscle_mus,ijv_mus,cca_mus,skin_mua,fat_mua,muscle_mua,ijv_mua,cca_mua,muscle10%_mua,muscle5%_mua,muscle3%_mua,muscle1%_mua,bloodConc,used_SO2,muscle_SO2,SDS_0,SDS_1,SDS_2,SDS_3,SDS_4,SDS_5,SDS_6,SDS_7,SDS_8,SDS_9,SDS_10,SDS_11,SDS_12,SDS_13,SDS_14,SDS_15,SDS_16,SDS_17,SDS_18,SDS_19,SDS_20
14.386642654671306,12.77984986669567,4.913393034069127,29.63001873911672,29.63001873911672,0.1747871240601504,0.1014773261278195,0.0126768852289894,0.5819704046844604,0.6488787510274261,0.0126768852289894,0.0126768852289894,0.0126768852289894,0.0126768852289894,172.0,0.7,0.7,1.4930903774218753e-07,1.0907298610664293e-07,8.449758427213304e-08,6.482544691381361e-08,0.0,0.0,0.0,0.0,0.0,0.0,0.0,5.561908310460491e-09,2.794068553803116e-09,3.647246069788672e-09,0.0,0.0,0.0,0.0,0.0,0.0,0.0
14.386642654671306,12.77984986669567,4.913393034069127,29.63001873911672,29.63001873911672,0.1747871240601504,0.1014773261278195,0.0126768852289894,0.5167586230866126,0.6488787510274261,0.0126768852289894,0.0127106637905894,0.0127106637905894,0.0127106637905894,172.0,0.41,0.75,1.493959690766615e-07,1.091505635850068e-07,8.456833755852475e-08,6.489392546820501e-08,0.0,0.0,0.0,0.0,0.0,0.0,0.0,5.5810526345674715e-09,2.8033653394586383e-09,3.6618614443286087e-09,0.0,0.0,0.0,0.0,0.0,0.0,0.0
14.386642654671306,12.77984986669567,4.913393034069127,29.63001873911672,29.63001873911672,0.1747871240601504,0.1014773261278195,0.0126768852289894,0.5819704046844604,0.6488787510274261,0.0126768852289894,0.0126768852289894,0.0126768852289894,0.0126768852289894,172.0,0.7,0.7,1.4930903774218753e-07,1.0907298610664293e-07,8.449758427213304e-08,6.482544691381361e-08,0.0,0.0,0.0,0.0,0.0,0.0,0.0,5.561908310460491e-09,2.794068553803116e-09,3.647246069788672e-09,0.0,0.0,0.0,0.0,0.0,0.0,0.0
14.386642654671306,12.77984986669567,4.913393034069127,29.63001873911672,29.63001873911672,0.1747871240601504,0.1014773261278195,0.0126768852289894,0.5167586230866126,0.6488787510274261,0.0126768852289894,0.0127106637905894,0.0127106637905894,0.0127106637905894,172.0,0.41,0.75,1.493959690766615e-07,1.091505635850068e-07,8.456833755852475e-08,6.489392546820501e-08,0.0,0.0,0.0,0.0,0.0,0.0,0.0,5.5810526345674715e-09,2.8033653394586383e-09,3.6618614443286087e-09,0.0,0.0,0.0,0.0,0.0,0.0,0.0
