skin_mus,fat_mus,muscle_mus,ijv_mus,cca_mus,skin_mua,fat_mua,muscle_mua,ijv_mua,cca_mua,muscle10%_mua,muscle5%_mua,muscle3%_mua,muscle1%_mua,bloodConc,used_SO2,muscle_SO2,SDS_0,SDS_1,SDS_2,SDS_3,SDS_4,SDS_5,SDS_6,SDS_7,SDS_8,SDS_9,SDS_10,SDS_11,SDS_12,SDS_13,SDS_14,SDS_15,SDS_16,SDS_17,SDS_18,SDS_19,SDS_20
16.66788177830134,15.060099216393953,5.503131511209041,36.11739334393231,36.11739334393231,0.0203096804511278,0.0192752584586466,0.0124230207187568,0.497381683073347,0.5192205253538039,0.0124230207187568,0.0124230207187568,0.0124230207187568,0.0124230207187568,147.0,0.7,0.7,1.227726011422394e-06,9.137154872316532e-07,7.23170340311953e-07,5.664980129019488e-07,0.0,0.0,0.0,0.0,0.0,0.0,0.0,5.747505823701932e-08,2.9464467759446377e-08,3.879482174717117e-08,0.0,0.0,0.0,0.0,0.0,0.0,0.0
16.66788177830134,15.060099216393953,5.503131511209041,36.11739334393231,36.11739334393231,0.0203096804511278,0.0192752584586466,0.0124230207187568,0.443570196895171,0.5192205253538039,0.0124230207187568,0.0124230207187568,0.0124345682735363,0.0124345682735363,147.0,0.42,0.72,1.2284970933840817e-06,9.144079929754654e-07,7.238205999520369e-07,5.67112708576164e-07,0.0,0.0,0.0,0.0,0.0,0.0,0.0,5.7671193236754887e-08,2.9566589650323257e-08,3.8945660220525896e-08,0.0,0.0,0.0,0.0,0.0,0.0,0.0
16.66788177830134,15.060099216393953,5.503131511209041,36.11739334393231,36.11739334393231,0.0203096804511278,0.0192752584586466,0.0124230207187568,0.497381683073347,0.5192205253538039,0.0124230207187568,0.0124230207187568,0.0124230207187568,0.0124230207187568,147.0,0.7,0.7,1.227726011422394e-06,9.137154872316532e-07,7.23170340311953e-07,5.664980129019488e-07,0.0,0.0,0.0,0.0,0.0,0.0,0.0,5.747505823701932e-08,2.9464467759446377e-08,3.879482174717117e-08,0.0,0.0,0.0,0.0,0.0,0.0,0.0
16.66788177830134,15.060099216393953,5.503131511209041,36.11739334393231,36.11739334393231,0.0203096804511278,0.0192752584586466,0.0124230207187568,0.443570196895171,0.5192205253538039,0.0124230207187568,0.0124230207187568,0.0124345682735363,0.0124345682735363,147.0,0.42,0.72,1.2284970933840817e-06,9.144079929754654e-07,7.238205999520369e-07,5.67112708576164e-07,0.0,0.0,0.0,0.0,0.0,0.0,0.0,5.7671193236754887e-08,2.9566589650323257e-08,3.8945660220525896e-08,0.0,0.0,0.0,0.0,0.0,0.0,0.0
