skin_mus,fat_mus,muscle_mus,ijv_mus,cca_mus,skin_mua,fat_mua,muscle_mua,ijv_mua,cca_mua,muscle10%_mua,muscle5%_mua,muscle3%_mua,muscle1%_mua,bloodConc,used_SO2,muscle_SO2,SDS_0,SDS_1,SDS_2,SDS_3,SDS_4,SDS_5,SDS_6,SDS_7,SDS_8,SDS_9,SDS_10,SDS_11,SDS_12,SDS_13,SDS_14,SDS_15,SDS_16,SDS_17,SDS_18,SDS_19,SDS_20
16.66788177830134,15.060099216393953,5.503131511209041,36.11739334393231,36.11739334393231,0.001,0.009,0.0123417840754824,0.4703132921577907,0.5030132471446012,0.0123417840754824,0.0123417840754824,0.0123417840754824,0.0123417840754824,139.0,0.7,0.7,1.7070160693674572e-06,1.2773794791039591e-06,1.0179634837005587e-06,8.018181051992361e-07,0.0,0.0,0.0,0.0,0.0,0.0,0.0,8.489987553109832e-08,4.373536661110202e-08,5.7879850229205744e-08,0.0,0.0,0.0,0.0,0.0,0.0,0.0
16.66788177830134,15.060099216393953,5.503131511209041,36.11739334393231,36.11739334393231,0.001,0.009,0.0123417840754824,0.4394200604184734,0.5030132471446012,0.0123417840754824,0.0123417840754824,0.0123417840754824,0.0123417840754824,139.0,0.53,0.7,1.707675475717188e-06,1.2779732669809155e-06,1.018524078339796e-06,8.023471416035612e-07,0.0,0.0,0.0,0.0,0.0,0.0,0.0,8.507351040889534e-08,4.3826714995314675e-08,5.801465559425079e-08,0.0,0.0,0.0,0.0,0.0,0.0,0.0
16.66788177830134,15.060099216393953,5.503131511209041,36.11739334393231,36.11739334393231,0.001,0.009,0.0123417840754824,0.4703132921577907,0.5030132471446012,0.0123417840754824,0.0123417840754824,0.0123417840754824,0.0123417840754824,139.0,0.7,0.7,1.7070160693674572e-06,1.2773794791039591e-06,1.0179634837005587e-06,8.018181051992361e-07,0.0,0.0,0.0,0.0,0.0,0.0,0.0,8.489987553109832e-08,4.373536661110202e-08,5.7879850229205744e-08,0.0,0.0,0.0,0.0,0.0,0.0,0.0
16.66788177830134,15.060099216393953,5.503131511209041,36.11739334393231,36.11739334393231,0.001,0.009,0.0123417840754824,0.4394200604184734,0.5030132471446012,0.0123417840754824,0.0123417840754824,0.0123417840754824,0.0123417840754824,139.0,0.53,0.7,1.707675475717188e-06,1.2779732669809155e-06,1.018524078339796e-06,8.023471416035612e-07,0.0,0.0,0.0,0.0,0.0,0.0,0.0,8.507351040889534e-08,4.3826714995314675e-08,5.801465559425079e-08,0.0,0.0,0.0,0.0,0.0,0.0,0.0
