skin_mus,fat_mus,muscle_mus,ijv_mus,cca_mus,skin_mua,fat_mua,muscle_mua,ijv_mua,cca_mua,muscle10%_mua,muscle5%_mua,muscle3%_mua,muscle1%_mua,bloodConc,used_SO2,muscle_SO2,SDS_0,SDS_1,SDS_2,SDS_3,SDS_4,SDS_5,SDS_6,SDS_7,SDS_8,SDS_9,SDS_10,SDS_11,SDS_12,SDS_13,SDS_14,SDS_15,SDS_16,SDS_17,SDS_18,SDS_19,SDS_20
16.66788177830134,15.060099216393953,5.503131511209041,36.11739334393231,36.11739334393231,0.0203096804511278,0.0192752584586466,0.012362093236301,0.4770803898866798,0.5192205253538039,0.012362093236301,0.012362093236301,0.012362093236301,0.012362093236301,141.0,0.7,0.7,1.2296318832755642e-06,9.153345873600118e-07,7.246435041298837e-07,5.677949998212017e-07,0.0,0.0,0.0,0.0,0.0,0.0,0.0,5.7757067698577013e-08,2.9613702735731025e-08,3.9004324422382026e-08,0.0,0.0,0.0,0.0,0.0,0.0,0.0
16.66788177830134,15.060099216393953,5.503131511209041,36.11739334393231,36.11739334393231,0.0203096804511278,0.0192752584586466,0.012362093236301,0.432838876469054,0.5192205253538039,0.012362093236301,0.012362093236301,0.0123565551232945,0.0123565551232945,141.0,0.46,0.69,1.2303107124010883e-06,9.15944379356886e-07,7.252164068878468e-07,5.683363770220737e-07,0.0,0.0,0.0,0.0,0.0,0.0,0.0,5.7930619216975846e-08,2.9704179321021745e-08,3.913776685800344e-08,0.0,0.0,0.0,0.0,0.0,0.0,0.0
16.66788177830134,15.060099216393953,5.503131511209041,36.11739334393231,36.11739334393231,0.0203096804511278,0.0192752584586466,0.012362093236301,0.4770803898866798,0.5192205253538039,0.012362093236301,0.012362093236301,0.012362093236301,0.012362093236301,141.0,0.7,0.7,1.2296318832755642e-06,9.153345873600118e-07,7.246435041298837e-07,5.677949998212017e-07,0.0,0.0,0.0,0.0,0.0,0.0,0.0,5.7757067698577013e-08,2.9613702735731025e-08,3.9004324422382026e-08,0.0,0.0,0.0,0.0,0.0,0.0,0.0
16.66788177830134,15.060099216393953,5.503131511209041,36.11739334393231,36.11739334393231,0.0203096804511278,0.0192752584586466,0.012362093236301,0.432838876469054,0.5192205253538039,0.012362093236301,0.012362093236301,0.0123565551232945,0.0123565551232945,141.0,0.46,0.69,1.2303107124010883e-06,9.15944379356886e-07,7.252164068878468e-07,5.683363770220737e-07,0.0,0.0,0.0,0.0,0.0,0.0,0.0,5.7930619216975846e-08,2.9704179321021745e-08,3.913776685800344e-08,0.0,0.0,0.0,0.0,0.0,0.0,0.0
