skin_mus,fat_mus,muscle_mus,ijv_mus,cca_mus,skin_mua,fat_mua,muscle_mua,ijv_mua,cca_mua,muscle10%_mua,muscle5%_mua,muscle3%_mua,muscle1%_mua,bloodConc,used_SO2,muscle_SO2,SDS_0,SDS_1,SDS_2,SDS_3,SDS_4,SDS_5,SDS_6,SDS_7,SDS_8,SDS_9,SDS_10,SDS_11,SDS_12,SDS_13,SDS_14,SDS_15,SDS_16,SDS_17,SDS_18,SDS_19,SDS_20
16.66788177830134,15.060099216393953,5.503131511209041,36.11739334393231,36.11739334393231,0.0299645206766917,0.0244128876879699,0.0123417840754824,0.4703132921577907,0.5273241644584054,0.0123417840754824,0.0123417840754824,0.0123417840754824,0.0123417840754824,139.0,0.7,0.7,1.0524104034019142e-06,7.817241401936112e-07,6.172461351807117e-07,4.826034766565304e-07,0.0,0.0,0.0,0.0,0.0,0.0,0.0,4.8320006448562755e-08,2.4726313843432197e-08,3.2513046079493324e-08,0.0,0.0,0.0,0.0,0.0,0.0,0.0
16.66788177830134,15.060099216393953,5.503131511209041,36.11739334393231,36.11739334393231,0.0299645206766917,0.0244128876879699,0.0123417840754824,0.5066582706746345,0.5273241644584054,0.0123417840754824,0.0123417840754824,0.0123527031919066,0.0123527031919066,139.0,0.9,0.72,1.0519914613464048e-06,7.813483576633575e-07,6.168941366325225e-07,4.822702426927818e-07,0.0,0.0,0.0,0.0,0.0,0.0,0.0,4.8215166369216763e-08,2.467203039759475e-08,3.2432640248381944e-08,0.0,0.0,0.0,0.0,0.0,0.0,0.0
16.66788177830134,15.060099216393953,5.503131511209041,36.11739334393231,36.11739334393231,0.0299645206766917,0.0244128876879699,0.0123417840754824,0.4703132921577907,0.5273241644584054,0.0123417840754824,0.0123417840754824,0.0123417840754824,0.0123417840754824,139.0,0.7,0.7,1.0524104034019142e-06,7.817241401936112e-07,6.172461351807117e-07,4.826034766565304e-07,0.0,0.0,0.0,0.0,0.0,0.0,0.0,4.8320006448562755e-08,2.4726313843432197e-08,3.2513046079493324e-08,0.0,0.0,0.0,0.0,0.0,0.0,0.0
16.66788177830134,15.060099216393953,5.503131511209041,36.11739334393231,36.11739334393231,0.0299645206766917,0.0244128876879699,0.0123417840754824,0.5066582706746345,0.5273241644584054,0.0123417840754824,0.0123417840754824,0.0123527031919066,0.0123527031919066,139.0,0.9,0.72,1.0519914613464048e-06,7.813483576633575e-07,6.168941366325225e-07,4.822702426927818e-07,0.0,0.0,0.0,0.0,0.0,0.0,0.0,4.8215166369216763e-08,2.467203039759475e-08,3.2432640248381944e-08,0.0,0.0,0.0,0.0,0.0,0.0,0.0
