skin_mus,fat_mus,muscle_mus,ijv_mus,cca_mus,skin_mua,fat_mua,muscle_mua,ijv_mua,cca_mua,muscle10%_mua,muscle5%_mua,muscle3%_mua,muscle1%_mua,bloodConc,used_SO2,muscle_SO2,SDS_0,SDS_1,SDS_2,SDS_3,SDS_4,SDS_5,SDS_6,SDS_7,SDS_8,SDS_9,SDS_10,SDS_11,SDS_12,SDS_13,SDS_14,SDS_15,SDS_16,SDS_17,SDS_18,SDS_19,SDS_20
16.66788177830134,15.060099216393953,5.503131511209041,36.11739334393231,36.11739334393231,0.0492742011278195,0.0346881461466165,0.0126159577465335,0.5616691114977932,0.5435314426676081,0.0126159577465335,0.0126159577465335,0.0126159577465335,0.0126159577465335,166.0,0.7,0.7,7.750085015674378e-07,5.729065186541637e-07,4.497822502621143e-07,3.499121184594196e-07,0.0,0.0,0.0,0.0,0.0,0.0,0.0,3.3648359250708104e-08,1.7145250184626722e-08,2.2452320290379697e-08,0.0,0.0,0.0,0.0,0.0,0.0,0.0
16.66788177830134,15.060099216393953,5.503131511209041,36.11739334393231,36.11739334393231,0.0492742011278195,0.0346881461466165,0.0126159577465335,0.5508179128758578,0.5435314426676081,0.0126159577465335,0.0126159577465335,0.0126094376985968,0.0126094376985968,166.0,0.65,0.69,7.750800557823048e-07,5.72970581320321e-07,4.498419317647734e-07,3.499688272899345e-07,0.0,0.0,0.0,0.0,0.0,0.0,0.0,3.3665512462872875e-08,1.7154000607250757e-08,2.2465439489981872e-08,0.0,0.0,0.0,0.0,0.0,0.0,0.0
16.66788177830134,15.060099216393953,5.503131511209041,36.11739334393231,36.11739334393231,0.0492742011278195,0.0346881461466165,0.0126159577465335,0.5616691114977932,0.5435314426676081,0.0126159577465335,0.0126159577465335,0.0126159577465335,0.0126159577465335,166.0,0.7,0.7,7.750085015674378e-07,5.729065186541637e-07,4.497822502621143e-07,3.499121184594196e-07,0.0,0.0,0.0,0.0,0.0,0.0,0.0,3.3648359250708104e-08,1.7145250184626722e-08,2.2452320290379697e-08,0.0,0.0,0.0,0.0,0.0,0.0,0.0
16.66788177830134,15.060099216393953,5.503131511209041,36.11739334393231,36.11739334393231,0.0492742011278195,0.0346881461466165,0.0126159577465335,0.5508179128758578,0.5435314426676081,0.0126159577465335,0.0126159577465335,0.0126094376985968,0.0126094376985968,166.0,0.65,0.69,7.750800557823048e-07,5.72970581320321e-07,4.498419317647734e-07,3.499688272899345e-07,0.0,0.0,0.0,0.0,0.0,0.0,0.0,3.3665512462872875e-08,1.7154000607250757e-08,2.2465439489981872e-08,0.0,0.0,0.0,0.0,0.0,0.0,0.0
