skin_mus,fat_mus,muscle_mus,ijv_mus,cca_mus,skin_mua,fat_mua,muscle_mua,ijv_mua,cca_mua,muscle10%_mua,muscle5%_mua,muscle3%_mua,muscle1%_mua,bloodConc,used_SO2,muscle_SO2,SDS_0,SDS_1,SDS_2,SDS_3,SDS_4,SDS_5,SDS_6,SDS_7,SDS_8,SDS_9,SDS_10,SDS_11,SDS_12,SDS_13,SDS_14,SDS_15,SDS_16,SDS_17,SDS_18,SDS_19,SDS_20
16.66788177830134,15.060099216393953,5.503131511209041,36.11739334393231,36.11739334393231,0.0106548402255639,0.0141376292293233,0.0125042573620312,0.5244500739889033,0.5111168862492026,0.0125042573620312,0.0125042573620312,0.0125042573620312,0.0125042573620312,155.0,0.7,0.7,1.4393200564818646e-06,1.0735240580500283e-06,8.519626822263219e-07,6.688122844114468e-07,0.0,0.0,0.0,0.0,0.0,0.0,0.0,6.889375607205709e-08,3.538842513211424e-08,4.667441772862929e-08,0.0,0.0,0.0,0.0,0.0,0.0,0.0
16.66788177830134,15.060099216393953,5.503131511209041,36.11739334393231,36.11739334393231,0.0106548402255639,0.0141376292293233,0.0125042573620312,0.5629522184968548,0.5111168862492026,0.0125042573620312,0.0125042573620312,0.0124981693654638,0.0124981693654638,155.0,0.89,0.69,1.438828936137202e-06,1.073082665062846e-06,8.515480899723984e-07,6.684198047980645e-07,0.0,0.0,0.0,0.0,0.0,0.0,0.0,6.876951249214637e-08,3.5323703327906035e-08,4.6578141913097074e-08,0.0,0.0,0.0,0.0,0.0,0.0,0.0
16.66788177830134,15.060099216393953,5.503131511209041,36.11739334393231,36.11739334393231,0.0106548402255639,0.0141376292293233,0.0125042573620312,0.5244500739889033,0.5111168862492026,0.0125042573620312,0.0125042573620312,0.0125042573620312,0.0125042573620312,155.0,0.7,0.7,1.4393200564818646e-06,1.0735240580500283e-06,8.519626822263219e-07,6.688122844114468e-07,0.0,0.0,0.0,0.0,0.0,0.0,0.0,6.889375607205709e-08,3.538842513211424e-08,4.667441772862929e-08,0.0,0.0,0.0,0.0,0.0,0.0,0.0
16.66788177830134,15.060099216393953,5.503131511209041,36.11739334393231,36.11739334393231,0.0106548402255639,0.0141376292293233,0.0125042573620312,0.5629522184968548,0.5111168862492026,0.0125042573620312,0.0125042573620312,0.0124981693654638,0.0124981693654638,155.0,0.89,0.69,1.438828936137202e-06,1.073082665062846e-06,8.515480899723984e-07,6.684198047980645e-07,0.0,0.0,0.0,0.0,0.0,0.0,0.0,6.876951249214637e-08,3.5323703327906035e-08,4.6578141913097074e-08,0.0,0.0,0.0,0.0,0.0,0.0,0.0
