skin_mus,fat_mus,muscle_mus,ijv_mus,cca_mus,skin_mua,fat_mua,muscle_mua,ijv_mua,cca_mua,muscle10%_mua,muscle5%_mua,muscle3%_mua,muscle1%_mua,bloodConc,used_SO2,muscle_SO2,SDS_0,SDS_1,SDS_2,SDS_3,SDS_4,SDS_5,SDS_6,SDS_7,SDS_8,SDS_9,SDS_10,SDS_11,SDS_12,SDS_13,SDS_14,SDS_15,SDS_16,SDS_17,SDS_18,SDS_19,SDS_20
18.82528355453163,17.308484217062514,6.088796349918977,42.56746281028416,42.56746281028416,0.0106548402255639,0.0141376292293233,0.0124839482012126,0.5176829762600142,0.5111168862492026,0.0124839482012126,0.0124839482012126,0.0124839482012126,0.0124839482012126,153.0,0.7,0.7,1.4400527085174354e-06,1.074146597791683e-06,8.525297903002387e-07,6.693116792104208e-07,0.0,0.0,0.0,0.0,0.0,0.0,0.0,6.900254465946908e-08,3.5446155156802744e-08,4.675550794046378e-08,0.0,0.0,0.0,0.0,0.0,0.0,0.0
18.82528355453163,17.308484217062514,6.088796349918977,42.56746281028416,42.56746281028416,0.0106548402255639,0.0141376292293233,0.0124839482012126,0.5136824138765055,0.5111168862492026,0.0124839482012126,0.0124839482012126,0.0124839482012126,0.0124839482012126,153.0,0.68,0.7,1.4401091763693892e-06,1.0741973497700923e-06,8.52577492176689e-07,6.693567998372263e-07,0.0,0.0,0.0,0.0,0.0,0.0,0.0,6.901692250693369e-08,3.545365586935748e-08,4.6766635024383297e-08,0.0,0.0,0.0,0.0,0.0,0.0,0.0
18.82528355453163,17.308484217062514,6.088796349918977,42.56746281028416,42.56746281028416,0.0106548402255639,0.0141376292293233,0.0124839482012126,0.5176829762600142,0.5111168862492026,0.0124839482012126,0.0124839482012126,0.0124839482012126,0.0124839482012126,153.0,0.7,0.7,1.4400527085174354e-06,1.074146597791683e-06,8.525297903002387e-07,6.693116792104208e-07,0.0,0.0,0.0,0.0,0.0,0.0,0.0,6.900254465946908e-08,3.5446155156802744e-08,4.675550794046378e-08,0.0,0.0,0.0,0.0,0.0,0.0,0.0
18.82528355453163,17.308484217062514,6.088796349918977,42.56746281028416,42.56746281028416,0.0106548402255639,0.0141376292293233,0.0124839482012126,0.5136824138765055,0.5111168862492026,0.0124839482012126,0.0124839482012126,0.0124839482012126,0.0124839482012126,153.0,0.68,0.7,1.4401091763693892e-06,1.0741973497700923e-06,8.52577492176689e-07,6.693567998372263e-07,0.0,0.0,0.0,0.0,0.0,0.0,0.0,6.901692250693369e-08,3.545365586935748e-08,4.6766635024383297e-08,0.0,0.0,0.0,0.0,0.0,0.0,0.0
