skin_mus,fat_mus,muscle_mus,ijv_mus,cca_mus,skin_mua,fat_mua,muscle_mua,ijv_mua,cca_mua,muscle10%_mua,muscle5%_mua,muscle3%_mua,muscle1%_mua,bloodConc,used_SO2,muscle_SO2,SDS_0,SDS_1,SDS_2,SDS_3,SDS_4,SDS_5,SDS_6,SDS_7,SDS_8,SDS_9,SDS_10,SDS_11,SDS_12,SDS_13,SDS_14,SDS_15,SDS_16,SDS_17,SDS_18,SDS_19,SDS_20
18.82528355453163,17.308484217062514,6.088796349918977,42.56746281028416,42.56746281028416,0.0299645206766917,0.0244128876879699,0.0125956485857149,0.5549020137689041,0.5273241644584054,0.0125956485857149,0.0125956485857149,0.0125956485857149,0.0125956485857149,164.0,0.7,0.7,1.0457523628164896e-06,7.760808860054623e-07,6.1212552335151e-07,4.781080783962801e-07,0.0,0.0,0.0,0.0,0.0,0.0,0.0,4.736721520109196e-08,2.4223624613908743e-08,3.1808946281057264e-08,0.0,0.0,0.0,0.0,0.0,0.0,0.0
18.82528355453163,17.308484217062514,6.088796349918977,42.56746281028416,42.56746281028416,0.0299645206766917,0.0244128876879699,0.0125956485857149,0.5334610911906221,0.5273241644584054,0.0125956485857149,0.0125634411200033,0.0125634411200033,0.0125634411200033,164.0,0.6,0.65,1.0459569656103362e-06,7.762643478520844e-07,6.122972107195586e-07,4.78270782315148e-07,0.0,0.0,0.0,0.0,0.0,0.0,0.0,4.7417386673972315e-08,2.4249545864113105e-08,3.184757601049207e-08,0.0,0.0,0.0,0.0,0.0,0.0,0.0
18.82528355453163,17.308484217062514,6.088796349918977,42.56746281028416,42.56746281028416,0.0299645206766917,0.0244128876879699,0.0125956485857149,0.5549020137689041,0.5273241644584054,0.0125956485857149,0.0125956485857149,0.0125956485857149,0.0125956485857149,164.0,0.7,0.7,1.0457523628164896e-06,7.760808860054623e-07,6.1212552335151e-07,4.781080783962801e-07,0.0,0.0,0.0,0.0,0.0,0.0,0.0,4.736721520109196e-08,2.4223624613908743e-08,3.1808946281057264e-08,0.0,0.0,0.0,0.0,0.0,0.0,0.0
18.82528355453163,17.308484217062514,6.088796349918977,42.56746281028416,42.56746281028416,0.0299645206766917,0.0244128876879699,0.0125956485857149,0.5334610911906221,0.5273241644584054,0.0125956485857149,0.0125634411200033,0.0125634411200033,0.0125634411200033,164.0,0.6,0.65,1.0459569656103362e-06,7.762643478520844e-07,6.122972107195586e-07,4.78270782315148e-07,0.0,0.0,0.0,0.0,0.0,0.0,0.0,4.7417386673972315e-08,2.4249545864113105e-08,3.184757601049207e-08,0.0,0.0,0.0,0.0,0.0,0.0,0.0
