skin_mus,fat_mus,muscle_mus,ijv_mus,cca_mus,skin_mua,fat_mua,muscle_mua,ijv_mua,cca_mua,muscle10%_mua,muscle5%_mua,muscle3%_mua,muscle1%_mua,bloodConc,used_SO2,muscle_SO2,SDS_0,SDS_1,SDS_2,SDS_3,SDS_4,SDS_5,SDS_6,SDS_7,SDS_8,SDS_9,SDS_10,SDS_11,SDS_12,SDS_13,SDS_14,SDS_15,SDS_16,SDS_17,SDS_18,SDS_19,SDS_20
18.82528355453163,17.308484217062514,6.088796349918977,42.56746281028416,42.56746281028416,0.0203096804511278,0.0192752584586466,0.0123316294950731,0.4669297432933462,0.5192205253538039,0.0123316294950731,0.0123316294950731,0.0123316294950731,0.0123316294950731,138.0,0.7,0.7,1.230595723453025e-06,9.1615390965657e-07,7.253893491642565e-07,5.684521633279302e-07,0.0,0.0,0.0,0.0,0.0,0.0,0.0,5.7900987897052025e-08,2.9689871517102992e-08,3.911131753573965e-08,0.0,0.0,0.0,0.0,0.0,0.0,0.0
18.82528355453163,17.308484217062514,6.088796349918977,42.56746281028416,42.56746281028416,0.0203096804511278,0.0192752584586466,0.0123316294950731,0.4705380936784717,0.5192205253538039,0.0123316294950731,0.0123262092142582,0.0123262092142582,0.0123262092142582,138.0,0.72,0.69,1.230544833087848e-06,9.161081985069856e-07,7.253464389369294e-07,5.684115857954098e-07,0.0,0.0,0.0,0.0,0.0,0.0,0.0,5.7887990934649465e-08,2.9683111485540333e-08,3.9101333332675e-08,0.0,0.0,0.0,0.0,0.0,0.0,0.0
18.82528355453163,17.308484217062514,6.088796349918977,42.56746281028416,42.56746281028416,0.0203096804511278,0.0192752584586466,0.0123316294950731,0.4669297432933462,0.5192205253538039,0.0123316294950731,0.0123316294950731,0.0123316294950731,0.0123316294950731,138.0,0.7,0.7,1.230595723453025e-06,9.1615390965657e-07,7.253893491642565e-07,5.684521633279302e-07,0.0,0.0,0.0,0.0,0.0,0.0,0.0,5.7900987897052025e-08,2.9689871517102992e-08,3.911131753573965e-08,0.0,0.0,0.0,0.0,0.0,0.0,0.0
18.82528355453163,17.308484217062514,6.088796349918977,42.56746281028416,42.56746281028416,0.0203096804511278,0.0192752584586466,0.0123316294950731,0.4705380936784717,0.5192205253538039,0.0123316294950731,0.0123262092142582,0.0123262092142582,0.0123262092142582,138.0,0.72,0.69,1.230544833087848e-06,9.161081985069856e-07,7.253464389369294e-07,5.684115857954098e-07,0.0,0.0,0.0,0.0,0.0,0.0,0.0,5.7887990934649465e-08,2.9683111485540333e-08,3.9101333332675e-08,0.0,0.0,0.0,0.0,0.0,0.0,0.0
