skin_mus,fat_mus,muscle_mus,ijv_mus,cca_mus,skin_mua,fat_mua,muscle_mua,ijv_mua,cca_mua,muscle10%_mua,muscle5%_mua,muscle3%_mua,muscle1%_mua,bloodConc,used_SO2,muscle_SO2,SDS_0,SDS_1,SDS_2,SDS_3,SDS_4,SDS_5,SDS_6,SDS_7,SDS_8,SDS_9,SDS_10,SDS_11,SDS_12,SDS_13,SDS_14,SDS_15,SDS_16,SDS_17,SDS_18,SDS_19,SDS_20
18.82528355453163,17.308484217062514,6.088796349918977,42.56746281028416,42.56746281028416,0.001,0.009,0.0125144119424405,0.5278336228533478,0.5030132471446012,0.0125144119424405,0.0125144119424405,0.0125144119424405,0.0125144119424405,156.0,0.7,0.7,1.699504636653536e-06,1.2709823628026723e-06,1.0121177116502803e-06,7.966552756831031e-07,0.0,0.0,0.0,0.0,0.0,0.0,0.0,8.374383915653793e-08,4.311986507006066e-08,5.701252431812211e-08,0.0,0.0,0.0,0.0,0.0,0.0,0.0
18.82528355453163,17.308484217062514,6.088796349918977,42.56746281028416,42.56746281028416,0.001,0.009,0.0125144119424405,0.5155966085037917,0.5030132471446012,0.0125144119424405,0.0125082846684759,0.0125082846684759,0.0125082846684759,156.0,0.64,0.69,1.699706420774662e-06,1.271163926611357e-06,1.012288779369768e-06,7.968169763866829e-07,0.0,0.0,0.0,0.0,0.0,0.0,0.0,8.379588283271645e-08,4.314714673242229e-08,5.70530216083521e-08,0.0,0.0,0.0,0.0,0.0,0.0,0.0
18.82528355453163,17.308484217062514,6.088796349918977,42.56746281028416,42.56746281028416,0.001,0.009,0.0125144119424405,0.5278336228533478,0.5030132471446012,0.0125144119424405,0.0125144119424405,0.0125144119424405,0.0125144119424405,156.0,0.7,0.7,1.699504636653536e-06,1.2709823628026723e-06,1.0121177116502803e-06,7.966552756831031e-07,0.0,0.0,0.0,0.0,0.0,0.0,0.0,8.374383915653793e-08,4.311986507006066e-08,5.701252431812211e-08,0.0,0.0,0.0,0.0,0.0,0.0,0.0
18.82528355453163,17.308484217062514,6.088796349918977,42.56746281028416,42.56746281028416,0.001,0.009,0.0125144119424405,0.5155966085037917,0.5030132471446012,0.0125144119424405,0.0125082846684759,0.0125082846684759,0.0125082846684759,156.0,0.64,0.69,1.699706420774662e-06,1.271163926611357e-06,1.012288779369768e-06,7.968169763866829e-07,0.0,0.0,0.0,0.0,0.0,0.0,0.0,8.379588283271645e-08,4.314714673242229e-08,5.70530216083521e-08,0.0,0.0,0.0,0.0,0.0,0.0,0.0
