skin_mus,fat_mus,muscle_mus,ijv_mus,cca_mus,skin_mua,fat_mua,muscle_mua,ijv_mua,cca_mua,muscle10%_mua,muscle5%_mua,muscle3%_mua,muscle1%_mua,bloodConc,used_SO2,muscle_SO2,SDS_0,SDS_1,SDS_2,SDS_3,SDS_4,SDS_5,SDS_6,SDS_7,SDS_8,SDS_9,SDS_10,SDS_11,SDS_12,SDS_13,SDS_14,SDS_15,SDS_16,SDS_17,SDS_18,SDS_19,SDS_20
18.82528355453163,17.308484217062514,6.088796349918977,42.56746281028416,42.56746281028416,0.0492742011278195,0.0346881461466165,0.0123824023971196,0.4838474876155688,0.5435314426676081,0.0123824023971196,0.0123824023971196,0.0123824023971196,0.0123824023971196,143.0,0.7,0.7,7.795017050203239e-07,5.767033093872975e-07,4.532143710393429e-07,3.529144063595014e-07,0.0,0.0,0.0,0.0,0.0,0.0,0.0,3.4265155330382616e-08,1.7468898323671912e-08,2.2904823685831178e-08,0.0,0.0,0.0,0.0,0.0,0.0,0.0
18.82528355453163,17.308484217062514,6.088796349918977,42.56746281028416,42.56746281028416,0.0492742011278195,0.0346881461466165,0.0123824023971196,0.5174992770768481,0.5435314426676081,0.0123824023971196,0.0123936357327215,0.0123936357327215,0.0123936357327215,143.0,0.88,0.72,7.792260130436403e-07,5.764565199439662e-07,4.5298412985145284e-07,3.526959872470263e-07,0.0,0.0,0.0,0.0,0.0,0.0,0.0,3.419792720183367e-08,1.743445091836614e-08,2.285356542148389e-08,0.0,0.0,0.0,0.0,0.0,0.0,0.0
18.82528355453163,17.308484217062514,6.088796349918977,42.56746281028416,42.56746281028416,0.0492742011278195,0.0346881461466165,0.0123824023971196,0.4838474876155688,0.5435314426676081,0.0123824023971196,0.0123824023971196,0.0123824023971196,0.0123824023971196,143.0,0.7,0.7,7.795017050203239e-07,5.767033093872975e-07,4.532143710393429e-07,3.529144063595014e-07,0.0,0.0,0.0,0.0,0.0,0.0,0.0,3.4265155330382616e-08,1.7468898323671912e-08,2.2904823685831178e-08,0.0,0.0,0.0,0.0,0.0,0.0,0.0
18.82528355453163,17.308484217062514,6.088796349918977,42.56746281028416,42.56746281028416,0.0492742011278195,0.0346881461466165,0.0123824023971196,0.5174992770768481,0.5435314426676081,0.0123824023971196,0.0123936357327215,0.0123936357327215,0.0123936357327215,143.0,0.88,0.72,7.792260130436403e-07,5.764565199439662e-07,4.5298412985145284e-07,3.526959872470263e-07,0.0,0.0,0.0,0.0,0.0,0.0,0.0,3.419792720183367e-08,1.743445091836614e-08,2.285356542148389e-08,0.0,0.0,0.0,0.0,0.0,0.0,0.0
