skin_mus,fat_mus,muscle_mus,ijv_mus,cca_mus,skin_mua,fat_mua,muscle_mua,ijv_mua,cca_mua,muscle10%_mua,muscle5%_mua,muscle3%_mua,muscle1%_mua,bloodConc,used_SO2,muscle_SO2,SDS_0,SDS_1,SDS_2,SDS_3,SDS_4,SDS_5,SDS_6,SDS_7,SDS_8,SDS_9,SDS_10,SDS_11,SDS_12,SDS_13,SDS_14,SDS_15,SDS_16,SDS_17,SDS_18,SDS_19,SDS_20
18.82528355453163,17.308484217062514,6.088796349918977,42.56746281028416,42.56746281028416,0.0203096804511278,0.0192752584586466,0.0125144119424405,0.5278336228533478,0.5192205253538039,0.0125144119424405,0.0125144119424405,0.0125144119424405,0.0125144119424405,156.0,0.7,0.7,1.22491671104031e-06,9.113311433913256e-07,7.210025674805387e-07,5.64591804769218e-07,0.0,0.0,0.0,0.0,0.0,0.0,0.0,5.706516263440714e-08,2.9247589660316875e-08,3.8490651077467167e-08,0.0,0.0,0.0,0.0,0.0,0.0,0.0
18.82528355453163,17.308484217062514,6.088796349918977,42.56746281028416,42.56746281028416,0.0203096804511278,0.0192752584586466,0.0125144119424405,0.495201584587865,0.5192205253538039,0.0125144119424405,0.0125082846684759,0.0125082846684759,0.0125082846684759,156.0,0.54,0.69,1.2253155550443715e-06,9.116892140896092e-07,7.213383997959885e-07,5.649096333408761e-07,0.0,0.0,0.0,0.0,0.0,0.0,0.0,5.716533514169689e-08,2.9299613279842877e-08,3.8567826035839766e-08,0.0,0.0,0.0,0.0,0.0,0.0,0.0
18.82528355453163,17.308484217062514,6.088796349918977,42.56746281028416,42.56746281028416,0.0203096804511278,0.0192752584586466,0.0125144119424405,0.5278336228533478,0.5192205253538039,0.0125144119424405,0.0125144119424405,0.0125144119424405,0.0125144119424405,156.0,0.7,0.7,1.22491671104031e-06,9.113311433913256e-07,7.210025674805387e-07,5.64591804769218e-07,0.0,0.0,0.0,0.0,0.0,0.0,0.0,5.706516263440714e-08,2.9247589660316875e-08,3.8490651077467167e-08,0.0,0.0,0.0,0.0,0.0,0.0,0.0
18.82528355453163,17.308484217062514,6.088796349918977,42.56746281028416,42.56746281028416,0.0203096804511278,0.0192752584586466,0.0125144119424405,0.495201584587865,0.5192205253538039,0.0125144119424405,0.0125082846684759,0.0125082846684759,0.0125082846684759,156.0,0.54,0.69,1.2253155550443715e-06,9.116892140896092e-07,7.213383997959885e-07,5.649096333408761e-07,0.0,0.0,0.0,0.0,0.0,0.0,0.0,5.716533514169689e-08,2.9299613279842877e-08,3.8567826035839766e-08,0.0,0.0,0.0,0.0,0.0,0.0,0.0
