skin_mus,fat_mus,muscle_mus,ijv_mus,cca_mus,skin_mua,fat_mua,muscle_mua,ijv_mua,cca_mua,muscle10%_mua,muscle5%_mua,muscle3%_mua,muscle1%_mua,bloodConc,used_SO2,muscle_SO2,SDS_0,SDS_1,SDS_2,SDS_3,SDS_4,SDS_5,SDS_6,SDS_7,SDS_8,SDS_9,SDS_10,SDS_11,SDS_12,SDS_13,SDS_14,SDS_15,SDS_16,SDS_17,SDS_18,SDS_19,SDS_20
18.82528355453163,17.308484217062514,6.088796349918977,42.56746281028416,42.56746281028416,0.0299645206766917,0.0244128876879699,0.0124230207187568,0.497381683073347,0.5273241644584054,0.0124230207187568,0.0124230207187568,0.0124230207187568,0.0124230207187568,147.0,0.7,0.7,1.0502384614647117e-06,7.798813310449865e-07,6.155726077567872e-07,4.811322542832991e-07,0.0,0.0,0.0,0.0,0.0,0.0,0.0,4.800431236798387e-08,2.455973651513795e-08,3.227947629407109e-08,0.0,0.0,0.0,0.0,0.0,0.0,0.0
18.82528355453163,17.308484217062514,6.088796349918977,42.56746281028416,42.56746281028416,0.0299645206766917,0.0244128876879699,0.0124230207187568,0.4800851339446476,0.5273241644584054,0.0124230207187568,0.012417246941367,0.012417246941367,0.012417246941367,147.0,0.61,0.69,1.0504371453632938e-06,7.800595346592244e-07,6.157395226382297e-07,4.812902469305535e-07,0.0,0.0,0.0,0.0,0.0,0.0,0.0,4.805393562142013e-08,2.4585427817857343e-08,3.2317530945274146e-08,0.0,0.0,0.0,0.0,0.0,0.0,0.0
18.82528355453163,17.308484217062514,6.088796349918977,42.56746281028416,42.56746281028416,0.0299645206766917,0.0244128876879699,0.0124230207187568,0.497381683073347,0.5273241644584054,0.0124230207187568,0.0124230207187568,0.0124230207187568,0.0124230207187568,147.0,0.7,0.7,1.0502384614647117e-06,7.798813310449865e-07,6.155726077567872e-07,4.811322542832991e-07,0.0,0.0,0.0,0.0,0.0,0.0,0.0,4.800431236798387e-08,2.455973651513795e-08,3.227947629407109e-08,0.0,0.0,0.0,0.0,0.0,0.0,0.0
18.82528355453163,17.308484217062514,6.088796349918977,42.56746281028416,42.56746281028416,0.0299645206766917,0.0244128876879699,0.0124230207187568,0.4800851339446476,0.5273241644584054,0.0124230207187568,0.012417246941367,0.012417246941367,0.012417246941367,147.0,0.61,0.69,1.0504371453632938e-06,7.800595346592244e-07,6.157395226382297e-07,4.812902469305535e-07,0.0,0.0,0.0,0.0,0.0,0.0,0.0,4.805393562142013e-08,2.4585427817857343e-08,3.2317530945274146e-08,0.0,0.0,0.0,0.0,0.0,0.0,0.0
