skin_mus,fat_mus,muscle_mus,ijv_mus,cca_mus,skin_mua,fat_mua,muscle_mua,ijv_mua,cca_mua,muscle10%_mua,muscle5%_mua,muscle3%_mua,muscle1%_mua,bloodConc,used_SO2,muscle_SO2,SDS_0,SDS_1,SDS_2,SDS_3,SDS_4,SDS_5,SDS_6,SDS_7,SDS_8,SDS_9,SDS_10,SDS_11,SDS_12,SDS_13,SDS_14,SDS_15,SDS_16,SDS_17,SDS_18,SDS_19,SDS_20
18.82528355453163,17.308484217062514,6.088796349918977,42.56746281028416,42.56746281028416,0.0106548402255639,0.0141376292293233,0.0124433298795754,0.504148780802236,0.5111168862492026,0.0124433298795754,0.0124433298795754,0.0124433298795754,0.0124433298795754,149.0,0.7,0.7,1.4415277032084263e-06,1.0754003516061323e-06,8.536722404008633e-07,6.703181694224442e-07,0.0,0.0,0.0,0.0,0.0,0.0,0.0,6.922270840379721e-08,3.5562995153250085e-08,4.691968706234257e-08,0.0,0.0,0.0,0.0,0.0,0.0,0.0
18.82528355453163,17.308484217062514,6.088796349918977,42.56746281028416,42.56746281028416,0.0106548402255639,0.0141376292293233,0.0124433298795754,0.5119407258367824,0.5111168862492026,0.0124433298795754,0.0124433298795754,0.0124433298795754,0.0124433298795754,149.0,0.74,0.7,1.4414142569004175e-06,1.0752983849709108e-06,8.535763754654826e-07,6.702275097827538e-07,0.0,0.0,0.0,0.0,0.0,0.0,0.0,6.919375034733896e-08,3.5547879527964304e-08,4.6897280281944634e-08,0.0,0.0,0.0,0.0,0.0,0.0,0.0
18.82528355453163,17.308484217062514,6.088796349918977,42.56746281028416,42.56746281028416,0.0106548402255639,0.0141376292293233,0.0124433298795754,0.504148780802236,0.5111168862492026,0.0124433298795754,0.0124433298795754,0.0124433298795754,0.0124433298795754,149.0,0.7,0.7,1.4415277032084263e-06,1.0754003516061323e-06,8.536722404008633e-07,6.703181694224442e-07,0.0,0.0,0.0,0.0,0.0,0.0,0.0,6.922270840379721e-08,3.5562995153250085e-08,4.691968706234257e-08,0.0,0.0,0.0,0.0,0.0,0.0,0.0
18.82528355453163,17.308484217062514,6.088796349918977,42.56746281028416,42.56746281028416,0.0106548402255639,0.0141376292293233,0.0124433298795754,0.5119407258367824,0.5111168862492026,0.0124433298795754,0.0124433298795754,0.0124433298795754,0.0124433298795754,149.0,0.74,0.7,1.4414142569004175e-06,1.0752983849709108e-06,8.535763754654826e-07,6.702275097827538e-07,0.0,0.0,0.0,0.0,0.0,0.0,0.0,6.919375034733896e-08,3.5547879527964304e-08,4.6897280281944634e-08,0.0,0.0,0.0,0.0,0.0,0.0,0.0
