skin_mus,fat_mus,muscle_mus,ijv_mus,cca_mus,skin_mua,fat_mua,muscle_mua,ijv_mua,cca_mua,muscle10%_mua,muscle5%_mua,muscle3%_mua,muscle1%_mua,bloodConc,used_SO2,muscle_SO2,SDS_0,SDS_1,SDS_2,SDS_3,SDS_4,SDS_5,SDS_6,SDS_7,SDS_8,SDS_9,SDS_10,SDS_11,SDS_12,SDS_13,SDS_14,SDS_15,SDS_16,SDS_17,SDS_18,SDS_19,SDS_20
18.82528355453163,17.308484217062514,6.088796349918977,42.56746281028416,42.56746281028416,0.0492742011278195,0.0346881461466165,0.012362093236301,0.4770803898866798,0.5435314426676081,0.012362093236301,0.012362093236301,0.012362093236301,0.012362093236301,141.0,0.7,0.7,7.799036789760301e-07,5.77043508349136e-07,4.5352226221098685e-07,3.531843278514659e-07,0.0,0.0,0.0,0.0,0.0,0.0,0.0,3.4321668620417344e-08,1.7498552303941447e-08,2.294635209557673e-08,0.0,0.0,0.0,0.0,0.0,0.0,0.0
18.82528355453163,17.308484217062514,6.088796349918977,42.56746281028416,42.56746281028416,0.0492742011278195,0.0346881461466165,0.012362093236301,0.5121049213423002,0.5435314426676081,0.012362093236301,0.012373169462314,0.012373169462314,0.012373169462314,141.0,0.89,0.72,7.796097839718376e-07,5.767804146903716e-07,4.5327677700092846e-07,3.5295148305447965e-07,0.0,0.0,0.0,0.0,0.0,0.0,0.0,3.4249859874518125e-08,1.746174174503107e-08,2.289162032974896e-08,0.0,0.0,0.0,0.0,0.0,0.0,0.0
18.82528355453163,17.308484217062514,6.088796349918977,42.56746281028416,42.56746281028416,0.0492742011278195,0.0346881461466165,0.012362093236301,0.4770803898866798,0.5435314426676081,0.012362093236301,0.012362093236301,0.012362093236301,0.012362093236301,141.0,0.7,0.7,7.799036789760301e-07,5.77043508349136e-07,4.5352226221098685e-07,3.531843278514659e-07,0.0,0.0,0.0,0.0,0.0,0.0,0.0,3.4321668620417344e-08,1.7498552303941447e-08,2.294635209557673e-08,0.0,0.0,0.0,0.0,0.0,0.0,0.0
18.82528355453163,17.308484217062514,6.088796349918977,42.56746281028416,42.56746281028416,0.0492742011278195,0.0346881461466165,0.012362093236301,0.5121049213423002,0.5435314426676081,0.012362093236301,0.012373169462314,0.012373169462314,0.012373169462314,141.0,0.89,0.72,7.796097839718376e-07,5.767804146903716e-07,4.5327677700092846e-07,3.5295148305447965e-07,0.0,0.0,0.0,0.0,0.0,0.0,0.0,3.4249859874518125e-08,1.746174174503107e-08,2.289162032974896e-08,0.0,0.0,0.0,0.0,0.0,0.0,0.0
