skin_mus,fat_mus,muscle_mus,ijv_mus,cca_mus,skin_mua,fat_mua,muscle_mua,ijv_mua,cca_mua,muscle10%_mua,muscle5%_mua,muscle3%_mua,muscle1%_mua,bloodConc,used_SO2,muscle_SO2,SDS_0,SDS_1,SDS_2,SDS_3,SDS_4,SDS_5,SDS_6,SDS_7,SDS_8,SDS_9,SDS_10,SDS_11,SDS_12,SDS_13,SDS_14,SDS_15,SDS_16,SDS_17,SDS_18,SDS_19,SDS_20
18.82528355453163,17.308484217062514,6.088796349918977,42.56746281028416,42.56746281028416,0.1265129229323308,0.075789179981203,0.0125144119424405,0.5278336228533478,0.6083605555044191,0.0125144119424405,0.0125144119424405,0.0125144119424405,0.0125144119424405,156.0,0.7,0.7,2.687153311655505e-07,1.9689095278541074e-07,1.5304802247073105e-07,1.1791774938895815e-07,0.0,0.0,0.0,0.0,0.0,0.0,0.0,1.0521351420687823e-08,5.307253734685966e-09,6.931672808485272e-09,0.0,0.0,0.0,0.0,0.0,0.0,0.0
18.82528355453163,17.308484217062514,6.088796349918977,42.56746281028416,42.56746281028416,0.1265129229323308,0.075789179981203,0.0125144119424405,0.4972410869794577,0.6083605555044191,0.0125144119424405,0.0125144119424405,0.0125144119424405,0.0125144119424405,156.0,0.55,0.7,2.687989355499279e-07,1.969654898244205e-07,1.5311658029287926e-07,1.1798350699909001e-07,0.0,0.0,0.0,0.0,0.0,0.0,0.0,1.0540466867156773e-08,5.316707449243281e-09,6.946117914906313e-09,0.0,0.0,0.0,0.0,0.0,0.0,0.0
18.82528355453163,17.308484217062514,6.088796349918977,42.56746281028416,42.56746281028416,0.1265129229323308,0.075789179981203,0.0125144119424405,0.5278336228533478,0.6083605555044191,0.0125144119424405,0.0125144119424405,0.0125144119424405,0.0125144119424405,156.0,0.7,0.7,2.687153311655505e-07,1.9689095278541074e-07,1.5304802247073105e-07,1.1791774938895815e-07,0.0,0.0,0.0,0.0,0.0,0.0,0.0,1.0521351420687823e-08,5.307253734685966e-09,6.931672808485272e-09,0.0,0.0,0.0,0.0,0.0,0.0,0.0
18.82528355453163,17.308484217062514,6.088796349918977,42.56746281028416,42.56746281028416,0.1265129229323308,0.075789179981203,0.0125144119424405,0.4972410869794577,0.6083605555044191,0.0125144119424405,0.0125144119424405,0.0125144119424405,0.0125144119424405,156.0,0.55,0.7,2.687989355499279e-07,1.969654898244205e-07,1.5311658029287926e-07,1.1798350699909001e-07,0.0,0.0,0.0,0.0,0.0,0.0,0.0,1.0540466867156773e-08,5.316707449243281e-09,6.946117914906313e-09,0.0,0.0,0.0,0.0,0.0,0.0,0.0
