skin_mus,fat_mus,muscle_mus,ijv_mus,cca_mus,skin_mua,fat_mua,muscle_mua,ijv_mua,cca_mua,muscle10%_mua,muscle5%_mua,muscle3%_mua,muscle1%_mua,bloodConc,used_SO2,muscle_SO2,SDS_0,SDS_1,SDS_2,SDS_3,SDS_4,SDS_5,SDS_6,SDS_7,SDS_8,SDS_9,SDS_10,SDS_11,SDS_12,SDS_13,SDS_14,SDS_15,SDS_16,SDS_17,SDS_18,SDS_19,SDS_20
18.82528355453163,17.308484217062514,6.088796349918977,42.56746281028416,42.56746281028416,0.1265129229323308,0.075789179981203,0.0125347211032591,0.5346007205822368,0.6083605555044191,0.0125347211032591,0.0125347211032591,0.0125347211032591,0.0125347211032591,158.0,0.7,0.7,2.685803683180261e-07,1.96777938055672e-07,1.529468918359014e-07,1.178301101287307e-07,0.0,0.0,0.0,0.0,0.0,0.0,0.0,1.0504765831865242e-08,5.2987010459028915e-09,6.91966571831003e-09,0.0,0.0,0.0,0.0,0.0,0.0,0.0
18.82528355453163,17.308484217062514,6.088796349918977,42.56746281028416,42.56746281028416,0.1265129229323308,0.075789179981203,0.0125347211032591,0.5676511183126618,0.6083605555044191,0.0125347211032591,0.0125409269320182,0.0125409269320182,0.0125409269320182,158.0,0.86,0.71,2.685013953640748e-07,1.967075239130037e-07,1.52882072627368e-07,1.1776790788582919e-07,0.0,0.0,0.0,0.0,0.0,0.0,0.0,1.048690991969463e-08,5.289888625635439e-09,6.906091695822078e-09,0.0,0.0,0.0,0.0,0.0,0.0,0.0
18.82528355453163,17.308484217062514,6.088796349918977,42.56746281028416,42.56746281028416,0.1265129229323308,0.075789179981203,0.0125347211032591,0.5346007205822368,0.6083605555044191,0.0125347211032591,0.0125347211032591,0.0125347211032591,0.0125347211032591,158.0,0.7,0.7,2.685803683180261e-07,1.96777938055672e-07,1.529468918359014e-07,1.178301101287307e-07,0.0,0.0,0.0,0.0,0.0,0.0,0.0,1.0504765831865242e-08,5.2987010459028915e-09,6.91966571831003e-09,0.0,0.0,0.0,0.0,0.0,0.0,0.0
18.82528355453163,17.308484217062514,6.088796349918977,42.56746281028416,42.56746281028416,0.1265129229323308,0.075789179981203,0.0125347211032591,0.5676511183126618,0.6083605555044191,0.0125347211032591,0.0125409269320182,0.0125409269320182,0.0125409269320182,158.0,0.86,0.71,2.685013953640748e-07,1.967075239130037e-07,1.52882072627368e-07,1.1776790788582919e-07,0.0,0.0,0.0,0.0,0.0,0.0,0.0,1.048690991969463e-08,5.289888625635439e-09,6.906091695822078e-09,0.0,0.0,0.0,0.0,0.0,0.0,0.0
