skin_mus,fat_mus,muscle_mus,ijv_mus,cca_mus,skin_mua,fat_mua,muscle_mua,ijv_mua,cca_mua,muscle10%_mua,muscle5%_mua,muscle3%_mua,muscle1%_mua,bloodConc,used_SO2,muscle_SO2,SDS_0,SDS_1,SDS_2,SDS_3,SDS_4,SDS_5,SDS_6,SDS_7,SDS_8,SDS_9,SDS_10,SDS_11,SDS_12,SDS_13,SDS_14,SDS_15,SDS_16,SDS_17,SDS_18,SDS_19,SDS_20
18.82528355453163,17.308484217062514,6.088796349918977,42.56746281028416,42.56746281028416,0.1651322838345864,0.0963396968984962,0.012362093236301,0.4770803898866798,0.6407751119228248,0.012362093236301,0.012362093236301,0.012362093236301,0.012362093236301,141.0,0.7,0.7,1.6846558464146067e-07,1.2324709918667466e-07,9.564457642357933e-08,7.351778855884687e-08,0.0,0.0,0.0,0.0,0.0,0.0,0.0,6.428188849032394e-09,3.232877229077052e-09,4.2279703697229284e-09,0.0,0.0,0.0,0.0,0.0,0.0,0.0
18.82528355453163,17.308484217062514,6.088796349918977,42.56746281028416,42.56746281028416,0.1651322838345864,0.0963396968984962,0.012362093236301,0.4918275610258883,0.6407751119228248,0.012362093236301,0.0123344026712684,0.0123344026712684,0.0123344026712684,141.0,0.78,0.65,1.684379476619366e-07,1.2322243372507645e-07,9.562210276501557e-08,7.349606485845401e-08,0.0,0.0,0.0,0.0,0.0,0.0,0.0,6.4219073746241715e-09,3.229805005765257e-09,4.223241885153543e-09,0.0,0.0,0.0,0.0,0.0,0.0,0.0
18.82528355453163,17.308484217062514,6.088796349918977,42.56746281028416,42.56746281028416,0.1651322838345864,0.0963396968984962,0.012362093236301,0.4770803898866798,0.6407751119228248,0.012362093236301,0.012362093236301,0.012362093236301,0.012362093236301,141.0,0.7,0.7,1.6846558464146067e-07,1.2324709918667466e-07,9.564457642357933e-08,7.351778855884687e-08,0.0,0.0,0.0,0.0,0.0,0.0,0.0,6.428188849032394e-09,3.232877229077052e-09,4.2279703697229284e-09,0.0,0.0,0.0,0.0,0.0,0.0,0.0
18.82528355453163,17.308484217062514,6.088796349918977,42.56746281028416,42.56746281028416,0.1651322838345864,0.0963396968984962,0.012362093236301,0.4918275610258883,0.6407751119228248,0.012362093236301,0.0123344026712684,0.0123344026712684,0.0123344026712684,141.0,0.78,0.65,1.684379476619366e-07,1.2322243372507645e-07,9.562210276501557e-08,7.349606485845401e-08,0.0,0.0,0.0,0.0,0.0,0.0,0.0,6.4219073746241715e-09,3.229805005765257e-09,4.223241885153543e-09,0.0,0.0,0.0,0.0,0.0,0.0,0.0
