skin_mus,fat_mus,muscle_mus,ijv_mus,cca_mus,skin_mua,fat_mua,muscle_mua,ijv_mua,cca_mua,muscle10%_mua,muscle5%_mua,muscle3%_mua,muscle1%_mua,bloodConc,used_SO2,muscle_SO2,SDS_0,SDS_1,SDS_2,SDS_3,SDS_4,SDS_5,SDS_6,SDS_7,SDS_8,SDS_9,SDS_10,SDS_11,SDS_12,SDS_13,SDS_14,SDS_15,SDS_16,SDS_17,SDS_18,SDS_19,SDS_20
18.82528355453163,17.308484217062514,6.088796349918977,42.56746281028416,42.56746281028416,0.1844419642857143,0.1066149553571428,0.0126565760681708,0.5752033069555713,0.6569823901320275,0.0126565760681708,0.0126565760681708,0.0126565760681708,0.0126565760681708,170.0,0.7,0.7,1.336764503942917e-07,9.763178549093045e-08,7.561508553786405e-08,5.79818246310254e-08,0.0,0.0,0.0,0.0,0.0,0.0,0.0,4.950811712563436e-09,2.485670409977213e-09,3.2455602545365163e-09,0.0,0.0,0.0,0.0,0.0,0.0,0.0
18.82528355453163,17.308484217062514,6.088796349918977,42.56746281028416,42.56746281028416,0.1844419642857143,0.1066149553571428,0.0126565760681708,0.5107498018879311,0.6569823901320275,0.0126565760681708,0.0126899618557987,0.0126899618557987,0.0126899618557987,170.0,0.41,0.75,1.3375549808882954e-07,9.770234855833365e-08,7.567932153172092e-08,5.804409898805226e-08,0.0,0.0,0.0,0.0,0.0,0.0,0.0,4.968176825536457e-09,2.494087587786442e-09,3.2588242150795355e-09,0.0,0.0,0.0,0.0,0.0,0.0,0.0
18.82528355453163,17.308484217062514,6.088796349918977,42.56746281028416,42.56746281028416,0.1844419642857143,0.1066149553571428,0.0126565760681708,0.5752033069555713,0.6569823901320275,0.0126565760681708,0.0126565760681708,0.0126565760681708,0.0126565760681708,170.0,0.7,0.7,1.336764503942917e-07,9.763178549093045e-08,7.561508553786405e-08,5.79818246310254e-08,0.0,0.0,0.0,0.0,0.0,0.0,0.0,4.950811712563436e-09,2.485670409977213e-09,3.2455602545365163e-09,0.0,0.0,0.0,0.0,0.0,0.0,0.0
18.82528355453163,17.308484217062514,6.088796349918977,42.56746281028416,42.56746281028416,0.1844419642857143,0.1066149553571428,0.0126565760681708,0.5107498018879311,0.6569823901320275,0.0126565760681708,0.0126899618557987,0.0126899618557987,0.0126899618557987,170.0,0.41,0.75,1.3375549808882954e-07,9.770234855833365e-08,7.567932153172092e-08,5.804409898805226e-08,0.0,0.0,0.0,0.0,0.0,0.0,0.0,4.968176825536457e-09,2.494087587786442e-09,3.2588242150795355e-09,0.0,0.0,0.0,0.0,0.0,0.0,0.0
