skin_mus,fat_mus,muscle_mus,ijv_mus,cca_mus,skin_mua,fat_mua,muscle_mua,ijv_mua,cca_mua,muscle10%_mua,muscle5%_mua,muscle3%_mua,muscle1%_mua,bloodConc,used_SO2,muscle_SO2,SDS_0,SDS_1,SDS_2,SDS_3,SDS_4,SDS_5,SDS_6,SDS_7,SDS_8,SDS_9,SDS_10,SDS_11,SDS_12,SDS_13,SDS_14,SDS_15,SDS_16,SDS_17,SDS_18,SDS_19,SDS_20
18.82528355453163,17.308484217062514,6.088796349918977,42.56746281028416,42.56746281028416,0.1747871240601504,0.1014773261278195,0.012697194389808,0.5887375024133494,0.6488787510274261,0.012697194389808,0.012697194389808,0.012697194389808,0.012697194389808,174.0,0.7,0.7,1.4923524799398866e-07,1.090115539940351e-07,8.444289164268933e-08,6.477838417268323e-08,0.0,0.0,0.0,0.0,0.0,0.0,0.0,5.5535090521267735e-09,2.789763817671092e-09,3.6411797955218964e-09,0.0,0.0,0.0,0.0,0.0,0.0,0.0
18.82528355453163,17.308484217062514,6.088796349918977,42.56746281028416,42.56746281028416,0.1747871240601504,0.1014773261278195,0.012697194389808,0.5227674442852941,0.6488787510274261,0.012697194389808,0.0127313657253801,0.0127313657253801,0.0127313657253801,174.0,0.41,0.75,1.4932113253933546e-07,1.0908820341848143e-07,8.451281180221282e-08,6.484605901925602e-08,0.0,0.0,0.0,0.0,0.0,0.0,0.0,5.572383502379021e-09,2.798924846317602e-09,3.655606832276895e-09,0.0,0.0,0.0,0.0,0.0,0.0,0.0
18.82528355453163,17.308484217062514,6.088796349918977,42.56746281028416,42.56746281028416,0.1747871240601504,0.1014773261278195,0.012697194389808,0.5887375024133494,0.6488787510274261,0.012697194389808,0.012697194389808,0.012697194389808,0.012697194389808,174.0,0.7,0.7,1.4923524799398866e-07,1.090115539940351e-07,8.444289164268933e-08,6.477838417268323e-08,0.0,0.0,0.0,0.0,0.0,0.0,0.0,5.5535090521267735e-09,2.789763817671092e-09,3.6411797955218964e-09,0.0,0.0,0.0,0.0,0.0,0.0,0.0
18.82528355453163,17.308484217062514,6.088796349918977,42.56746281028416,42.56746281028416,0.1747871240601504,0.1014773261278195,0.012697194389808,0.5227674442852941,0.6488787510274261,0.012697194389808,0.0127313657253801,0.0127313657253801,0.0127313657253801,174.0,0.41,0.75,1.4932113253933546e-07,1.0908820341848143e-07,8.451281180221282e-08,6.484605901925602e-08,0.0,0.0,0.0,0.0,0.0,0.0,0.0,5.572383502379021e-09,2.798924846317602e-09,3.655606832276895e-09,0.0,0.0,0.0,0.0,0.0,0.0,0.0
