{
    "__comment__": "The mua upper bound and lower bound below are all in unit of [1/mm].",
    "skin": [
        0.258,
        0.0006000000000000001
    ],
    "fat": [
        0.127,
        0.0079
    ],
    "muscle": [
        0.054000000000000006,
        0.0046
    ],
    "ijv": [
        0.7409,
        0.21459999999999999
    ],
    "cca": [
        0.744,
        0.14279999999999998
    ]
}