skin_mus,fat_mus,muscle_mus,ijv_mus,cca_mus,skin_mua,fat_mua,muscle_mua,ijv_mua,cca_mua,muscle10%_mua,muscle5%_mua,muscle3%_mua,muscle1%_mua,bloodConc,used_SO2,muscle_SO2,SDS_0,SDS_1,SDS_2,SDS_3,SDS_4,SDS_5,SDS_6,SDS_7,SDS_8,SDS_9,SDS_10,SDS_11,SDS_12,SDS_13,SDS_14,SDS_15,SDS_16,SDS_17,SDS_18,SDS_19,SDS_20
18.82528355453163,17.308484217062514,6.088796349918977,42.56746281028416,42.56746281028416,0.0782387218045112,0.0501010338345864,0.0124230207187568,0.497381683073347,0.5678423599814123,0.0124230207187568,0.0124230207187568,0.0124230207187568,0.0124230207187568,147.0,0.7,0.7,5.113652937218274e-07,3.765908578682151e-07,2.94396253685467e-07,2.2814318137906842e-07,0.0,0.0,0.0,0.0,0.0,0.0,0.0,2.1350429228740014e-08,1.0833832764617888e-08,1.4170951113656305e-08,0.0,0.0,0.0,0.0,0.0,0.0,0.0
18.82528355453163,17.308484217062514,6.088796349918977,42.56746281028416,42.56746281028416,0.0782387218045112,0.0501010338345864,0.0124230207187568,0.5108345546178911,0.5678423599814123,0.0124230207187568,0.0124230207187568,0.0124230207187568,0.012417246941367,147.0,0.77,0.69,5.112941270277842e-07,3.7652729132951e-07,2.943372793484095e-07,2.2808703310972945e-07,0.0,0.0,0.0,0.0,0.0,0.0,0.0,2.1333542139623638e-08,1.0825307752614924e-08,1.4158162374735292e-08,0.0,0.0,0.0,0.0,0.0,0.0,0.0
18.82528355453163,17.308484217062514,6.088796349918977,42.56746281028416,42.56746281028416,0.0782387218045112,0.0501010338345864,0.0124230207187568,0.497381683073347,0.5678423599814123,0.0124230207187568,0.0124230207187568,0.0124230207187568,0.0124230207187568,147.0,0.7,0.7,5.113652937218274e-07,3.765908578682151e-07,2.94396253685467e-07,2.2814318137906842e-07,0.0,0.0,0.0,0.0,0.0,0.0,0.0,2.1350429228740014e-08,1.0833832764617888e-08,1.4170951113656305e-08,0.0,0.0,0.0,0.0,0.0,0.0,0.0
18.82528355453163,17.308484217062514,6.088796349918977,42.56746281028416,42.56746281028416,0.0782387218045112,0.0501010338345864,0.0124230207187568,0.5108345546178911,0.5678423599814123,0.0124230207187568,0.0124230207187568,0.0124230207187568,0.012417246941367,147.0,0.77,0.69,5.112941270277842e-07,3.7652729132951e-07,2.943372793484095e-07,2.2808703310972945e-07,0.0,0.0,0.0,0.0,0.0,0.0,0.0,2.1333542139623638e-08,1.0825307752614924e-08,1.4158162374735292e-08,0.0,0.0,0.0,0.0,0.0,0.0,0.0
