skin_mus,fat_mus,muscle_mus,ijv_mus,cca_mus,skin_mua,fat_mua,muscle_mua,ijv_mua,cca_mua,muscle10%_mua,muscle5%_mua,muscle3%_mua,muscle1%_mua,bloodConc,used_SO2,muscle_SO2,SDS_0,SDS_1,SDS_2,SDS_3,SDS_4,SDS_5,SDS_6,SDS_7,SDS_8,SDS_9,SDS_10,SDS_11,SDS_12,SDS_13,SDS_14,SDS_15,SDS_16,SDS_17,SDS_18,SDS_19,SDS_20
18.82528355453163,17.308484217062514,6.088796349918977,42.56746281028416,42.56746281028416,0.0975484022556391,0.060376292293233,0.0125042573620312,0.5244500739889033,0.5840496381906151,0.0125042573620312,0.0125042573620312,0.0125042573620312,0.0125042573620312,155.0,0.7,0.7,3.917338752494883e-07,2.877582621562089e-07,2.2430993387874922e-07,1.7334417769275225e-07,0.0,0.0,0.0,0.0,0.0,0.0,0.0,1.5857928993733408e-08,8.024834370579221e-09,1.0484809405921849e-08,0.0,0.0,0.0,0.0,0.0,0.0,0.0
18.82528355453163,17.308484217062514,6.088796349918977,42.56746281028416,42.56746281028416,0.0975484022556391,0.060376292293233,0.0125042573620312,0.556872932521915,0.5840496381906151,0.0125042573620312,0.0125042573620312,0.0125042573620312,0.0125042573620312,155.0,0.86,0.7,3.916182923599739e-07,2.87655120953184e-07,2.242145721846256e-07,1.732530697613468e-07,0.0,0.0,0.0,0.0,0.0,0.0,0.0,1.5831193080311346e-08,8.011485002321412e-09,1.0464526187443125e-08,0.0,0.0,0.0,0.0,0.0,0.0,0.0
18.82528355453163,17.308484217062514,6.088796349918977,42.56746281028416,42.56746281028416,0.0975484022556391,0.060376292293233,0.0125042573620312,0.5244500739889033,0.5840496381906151,0.0125042573620312,0.0125042573620312,0.0125042573620312,0.0125042573620312,155.0,0.7,0.7,3.917338752494883e-07,2.877582621562089e-07,2.2430993387874922e-07,1.7334417769275225e-07,0.0,0.0,0.0,0.0,0.0,0.0,0.0,1.5857928993733408e-08,8.024834370579221e-09,1.0484809405921849e-08,0.0,0.0,0.0,0.0,0.0,0.0,0.0
18.82528355453163,17.308484217062514,6.088796349918977,42.56746281028416,42.56746281028416,0.0975484022556391,0.060376292293233,0.0125042573620312,0.556872932521915,0.5840496381906151,0.0125042573620312,0.0125042573620312,0.0125042573620312,0.0125042573620312,155.0,0.86,0.7,3.916182923599739e-07,2.87655120953184e-07,2.242145721846256e-07,1.732530697613468e-07,0.0,0.0,0.0,0.0,0.0,0.0,0.0,1.5831193080311346e-08,8.011485002321412e-09,1.0464526187443125e-08,0.0,0.0,0.0,0.0,0.0,0.0,0.0
